"ETAPA \ GENERADOR","YAUPI","MALPASO","CAHUA","CHEVES G1","CHEVES G2","CANON DEL PATO","CARHUAQUERO G1","CARHUAQUERO G2","CARHUAQUERO G3","HUINCO G1","HUINCO G2","HUINCO G3","HUINCO G4","MATUCANA G1","MATUCANA G2","PLATANAL G1","PLATANAL G2","CERRO DEL AGUILA G1","CERRO DEL AGUILA G2","CERRO DEL AGUILA G3","CHIMAY G2","CHAGLLA G1","CHAGLLA G2"
1.00,0.00,0.00,0.00,0.00,0.00,0.00,0.00,0.00,0.00,46.88,0.00,0.00,0.00,0.00,13.23,0.00,0.00,0.00,0.00,0.00,0.00,0.00,0.00
2.00,0.00,0.00,0.00,0.00,0.00,0.00,0.00,0.00,0.00,29.09,28.27,0.00,0.00,0.00,11.84,0.00,0.00,0.00,0.00,0.00,0.00,0.00,0.00
3.00,0.00,0.00,0.00,0.00,0.00,0.00,0.00,0.00,0.00,29.71,28.87,0.00,0.00,6.87,6.87,0.00,0.00,0.00,0.00,0.00,0.00,0.00,0.00
4.00,0.00,0.00,0.00,0.00,0.00,0.00,0.00,0.00,0.00,46.63,0.00,0.00,0.00,6.97,6.99,0.00,0.00,0.00,0.00,0.00,0.00,0.00,0.00
5.00,0.00,0.00,0.00,0.00,0.00,0.00,0.00,0.00,0.00,0.00,0.00,45.91,0.00,0.00,12.49,0.00,0.00,0.00,0.00,0.00,0.00,0.00,0.00
6.00,0.00,0.00,0.00,0.00,0.00,0.00,0.00,0.00,0.00,0.00,0.00,45.91,0.00,0.00,12.49,0.00,0.00,0.00,0.00,0.00,0.00,0.00,0.00
7.00,0.00,0.00,0.00,0.00,0.00,0.00,0.00,0.00,0.00,0.00,0.00,46.88,0.00,0.00,13.24,0.00,0.00,0.00,0.00,0.00,0.00,0.00,0.00
8.00,0.00,0.00,0.00,0.00,0.00,0.00,0.00,0.00,0.00,0.00,0.00,46.89,0.00,0.00,13.21,0.00,0.00,0.00,0.00,0.00,0.00,0.00,0.00
9.00,0.00,0.00,0.00,0.00,0.00,0.00,0.00,0.00,0.00,46.88,0.00,0.00,0.00,0.00,13.24,0.00,0.00,0.00,0.00,0.00,0.00,0.00,0.00
10.00,0.00,0.00,0.00,0.00,0.00,0.00,0.00,0.00,0.00,46.88,0.00,0.00,0.00,0.00,13.23,0.00,0.00,0.00,0.00,0.00,0.00,0.00,0.00
11.00,0.00,0.00,0.00,0.00,0.00,0.00,0.00,0.00,0.00,21.70,0.00,21.70,0.00,0.00,15.00,0.00,0.00,0.00,0.00,0.00,0.00,0.00,0.00
12.00,0.00,0.00,0.00,0.00,0.00,0.00,0.00,0.00,0.00,21.70,0.00,21.70,0.00,0.00,15.00,0.00,0.00,0.00,0.00,0.00,0.00,0.00,0.00
13.00,0.00,0.00,0.00,0.00,0.00,0.00,0.00,0.00,0.00,47.81,0.00,17.53,0.00,0.00,14.40,0.00,0.00,0.00,0.00,0.00,0.00,0.00,0.00
14.00,0.00,0.00,0.00,0.00,0.00,0.00,0.00,0.00,0.00,47.81,0.00,17.53,0.00,0.00,14.41,0.00,0.00,0.00,0.00,0.00,0.00,0.00,0.00
15.00,0.00,0.00,0.00,0.00,0.00,0.00,0.00,0.00,0.00,17.26,47.14,0.00,0.00,7.53,7.47,0.00,0.00,0.00,0.00,0.00,0.00,0.00,0.00
16.00,0.00,0.00,0.00,0.00,0.00,0.00,0.00,0.00,0.00,17.26,47.14,0.00,0.00,7.50,7.50,0.00,0.00,0.00,0.00,0.00,0.00,0.00,0.00
17.00,0.00,0.00,0.00,0.00,0.00,0.00,0.00,0.00,0.00,17.26,47.14,0.00,0.00,0.00,15.00,0.00,0.00,0.00,0.00,0.00,0.00,0.00,0.00
18.00,0.00,0.00,0.00,0.00,0.00,0.00,0.00,0.00,0.00,16.26,0.00,48.14,0.00,0.00,15.00,0.00,0.00,0.00,0.00,0.00,0.00,0.00,0.00
19.00,0.00,0.00,0.00,0.00,0.00,0.00,0.00,0.00,0.00,16.26,0.00,48.14,0.00,0.00,15.00,0.00,0.00,0.00,0.00,0.00,0.00,0.00,0.00
20.00,0.00,0.00,0.00,0.00,0.00,0.00,0.00,0.00,0.00,16.26,0.00,48.14,0.00,15.00,0.00,0.00,0.00,0.00,0.00,0.00,0.00,0.00,0.00
21.00,0.00,0.00,0.00,0.00,0.00,0.00,0.00,0.00,0.00,17.26,47.14,0.00,0.00,0.00,15.00,0.00,0.00,0.00,0.00,0.00,0.00,0.00,0.00
22.00,0.00,0.00,0.00,0.00,0.00,0.00,0.00,0.00,0.00,17.26,47.14,0.00,0.00,15.00,0.00,0.00,0.00,0.00,0.00,0.00,0.00,0.00,0.00
23.00,0.00,0.00,0.00,0.00,0.00,0.00,0.00,0.00,0.00,31.26,0.00,48.14,0.00,0.00,15.00,0.00,0.00,0.00,0.00,0.00,0.00,0.00,0.00
24.00,0.00,0.00,0.00,0.00,0.00,0.00,0.00,0.00,0.00,31.26,0.00,48.14,0.00,15.00,0.00,0.00,0.00,0.00,0.00,0.00,0.00,0.00,0.00
25.00,0.00,0.00,0.00,0.00,0.00,0.00,0.00,0.00,0.00,31.26,0.00,48.14,0.00,15.00,0.00,0.00,0.00,0.00,0.00,0.00,0.00,0.00,0.00
26.00,0.00,0.00,0.00,0.00,0.00,0.00,0.00,0.00,0.00,31.76,0.00,48.14,0.00,14.50,0.00,0.00,0.00,0.00,0.00,0.00,0.00,0.00,0.00
27.00,0.00,0.00,0.00,0.00,0.00,0.00,0.00,0.00,0.00,0.00,0.00,0.00,0.00,11.01,0.00,0.00,0.00,0.00,0.00,0.00,0.00,0.00,0.00
28.00,0.00,0.00,0.00,0.00,0.00,0.00,0.00,0.00,0.00,6.00,0.00,0.00,0.00,11.41,0.00,0.00,0.00,0.00,0.00,0.00,0.00,0.00,0.00
29.00,0.00,0.00,0.00,0.00,0.00,0.00,0.00,0.00,0.00,0.00,0.00,0.00,0.00,0.00,0.00,0.00,0.00,0.00,0.00,0.00,0.00,0.00,0.00
30.00,0.00,0.00,0.00,0.00,0.00,0.00,0.00,0.00,0.00,0.00,0.00,0.00,0.00,0.00,0.00,0.00,0.00,0.00,0.00,0.00,0.00,0.00,0.00
31.00,0.00,0.00,0.00,0.00,0.00,0.00,0.00,0.00,0.00,6.00,0.00,42.97,0.00,6.86,6.86,0.00,0.00,0.00,0.00,0.00,0.00,0.00,0.00
32.00,0.00,0.00,0.00,0.00,0.00,0.00,0.00,0.00,0.00,6.00,0.00,0.00,0.00,11.60,0.00,0.00,0.00,0.00,0.00,0.00,0.00,0.00,0.00
33.00,0.00,0.00,0.00,0.00,0.00,0.00,0.00,0.00,0.00,0.00,0.00,0.00,0.00,6.87,6.85,0.00,0.00,0.00,0.00,0.00,0.00,0.00,0.00
34.00,0.00,0.00,0.00,0.00,0.00,0.00,0.00,0.00,0.00,0.00,0.00,0.00,0.00,0.00,0.00,0.00,0.00,0.00,0.00,0.00,0.00,0.00,0.00
35.00,0.00,0.00,0.00,0.00,0.00,0.00,0.00,0.00,0.00,0.00,0.00,0.00,0.00,0.00,11.79,0.00,0.00,0.00,0.00,0.00,0.00,0.00,0.00
36.00,0.00,0.00,0.00,0.00,0.00,0.00,0.00,0.00,0.00,0.00,0.00,0.00,0.00,0.00,11.84,0.00,0.00,0.00,0.00,0.00,0.00,0.00,0.00
37.00,0.00,0.00,0.00,0.00,0.00,0.00,0.00,0.00,0.00,0.00,0.00,6.00,0.00,6.86,6.84,0.00,0.00,0.00,0.00,0.00,0.00,0.00,0.00
38.00,0.00,0.00,0.00,0.00,0.00,0.00,0.00,0.00,0.00,47.65,0.00,0.00,0.00,7.31,7.28,0.00,0.00,0.00,0.00,0.00,0.00,0.00,0.00
39.00,0.00,0.00,0.00,0.00,0.00,0.00,0.00,0.00,0.00,0.00,0.00,0.00,0.00,0.00,10.50,0.00,0.00,0.00,0.00,0.00,0.00,0.00,0.00
40.00,0.00,0.00,0.00,0.00,0.00,0.00,0.00,0.00,0.00,0.00,0.00,30.58,0.00,0.00,10.65,0.00,0.00,0.00,0.00,0.00,0.00,0.00,0.00
41.00,0.00,0.00,0.00,0.00,0.00,0.00,0.00,0.00,0.00,0.00,0.00,32.16,0.00,0.00,10.65,0.00,0.00,0.00,0.00,0.00,0.00,0.00,0.00
42.00,0.00,0.00,0.00,0.00,0.00,0.00,0.00,0.00,0.00,6.00,0.00,32.59,0.00,0.00,10.67,0.00,0.00,0.00,0.00,0.00,0.00,0.00,0.00
43.00,0.00,0.00,0.00,0.00,0.00,0.00,0.00,0.00,0.00,0.00,0.00,0.00,0.00,10.64,0.00,0.00,0.00,0.00,0.00,0.00,0.00,0.00,0.00
44.00,0.00,0.00,0.00,0.00,0.00,0.00,0.00,0.00,0.00,0.00,0.00,36.01,0.00,0.00,0.00,0.00,0.00,0.00,0.00,0.00,0.00,0.00,0.00
45.00,0.00,0.00,0.00,0.00,0.00,0.00,0.00,0.00,0.00,0.00,0.00,0.00,0.00,0.00,10.83,0.00,0.00,0.00,0.00,0.00,0.00,0.00,0.00
46.00,0.00,0.00,0.00,0.00,0.00,0.00,0.00,0.00,0.00,0.00,0.00,0.00,0.00,0.00,10.92,0.00,0.00,0.00,0.00,0.00,0.00,0.00,0.00
47.00,0.00,0.00,0.00,0.00,0.00,0.00,0.00,0.00,0.00,0.00,0.00,0.00,0.00,0.00,0.00,0.00,0.00,0.00,0.00,0.00,0.00,0.00,0.00
48.00,0.00,0.00,0.00,0.00,0.00,0.00,0.00,0.00,0.00,0.00,0.00,0.00,0.00,0.00,11.11,0.00,0.00,0.00,0.00,0.00,0.00,0.00,0.00
