"ETAPA \ GENERADOR","CALLAHUANCA","HUAMPANI","MOYOPAMPA","MANTARO","RESTITUCION","OROYA","PACHACHACA","YAUPI","HUANCHOR","PARIAC","YANANGO","CHARCANI IV","CHARCANI V","ARICOTA I","ARICOTA II","MACHUPICCHU","SAN GABAN II","YUNCAN","MALPASO","CANON DEL PATO","GALLITO CIEGO","CHARCANI 123","SANTA TERESA","QUITARACSA","PCH CHAGLLA","CH CARHUAQUERO IV","HUANZA","MCH CERRO DEL AGUILA","CARHUAC","CHAGLLA G1","CHAGLLA G2","HUINCO G1","HUINCO G2","HUINCO G3","HUINCO G4","CERRO DEL AGUILA G1","CERRO DEL AGUILA G2","CERRO DEL AGUILA G3","CH CANA BRAVA","CHIMAY G1","CHIMAY G2","MATUCANA G1","MATUCANA G2","LA VIRGEN","CARHUAQUERO G1","CARHUAQUERO G2","CARHUAQUERO G3","CHEVES G1","CHEVES G2","PLATANAL G1","PLATANAL G2","CHSANGABANIII","CH ANASHIRONI","CH RENOVANDES","CAHUAG1","CAHUAG2","CHARCATA"
1.00,78.57,29.98,67.20,650.00,0.00,0.00,8.72,110.48,19.21,4.79,41.90,0.00,55.96,5.56,2.98,164.07,55.90,88.74,47.08,225.00,30.59,6.72,87.77,26.00,6.39,9.98,95.55,0.00,19.79,228.68,228.42,67.57,67.16,67.94,67.39,0.00,0.00,0.00,5.67,74.99,76.38,66.62,66.54,81.64,30.70,30.59,30.58,87.20,87.36,110.37,110.32,179.57,20.46,20.42,0.00,0.00,0.00
2.00,78.57,29.98,67.20,650.00,0.00,0.00,8.72,110.48,19.21,4.79,41.90,0.00,55.96,5.56,2.98,164.07,55.90,88.74,47.08,225.00,30.59,6.72,87.77,36.00,6.39,9.98,95.55,0.00,19.79,228.68,228.42,67.57,67.16,67.94,67.39,0.00,0.00,0.00,5.67,74.99,76.38,66.62,66.54,81.64,30.70,30.59,30.58,87.20,87.36,110.37,110.32,203.40,20.46,20.42,0.00,0.00,0.00
3.00,78.57,29.98,67.20,650.00,0.00,0.00,8.72,110.48,19.21,4.79,41.90,0.00,119.26,5.56,2.98,164.07,55.90,88.74,47.08,225.00,30.59,6.88,87.77,36.00,6.39,9.98,95.55,0.00,19.79,228.68,228.42,67.57,67.16,67.94,67.39,0.00,0.00,0.00,5.67,74.99,76.38,66.62,66.54,81.64,30.70,30.59,30.58,87.20,87.36,110.37,110.32,203.40,20.46,20.42,0.00,0.00,0.00
4.00,78.57,29.98,67.20,650.00,0.00,0.00,8.72,110.48,19.21,4.79,41.90,0.00,142.44,5.56,2.98,164.07,55.90,88.74,47.08,225.00,30.59,6.88,87.77,56.00,6.39,9.98,95.55,0.00,19.79,228.68,228.42,67.57,67.16,67.94,67.39,0.00,0.00,0.00,5.67,74.99,76.38,66.62,66.54,81.64,30.70,30.59,30.58,87.20,87.36,110.37,110.32,203.40,20.46,20.42,0.00,0.00,0.00
5.00,78.57,29.98,67.20,650.00,0.00,0.00,8.72,110.48,19.21,4.79,41.90,0.00,120.60,5.56,2.98,164.07,55.90,88.74,47.08,225.00,30.59,6.88,87.77,56.00,6.39,9.98,95.55,0.00,19.79,228.68,228.42,67.57,67.16,67.94,67.39,0.00,0.00,0.00,5.67,74.99,76.38,66.62,66.54,81.64,30.70,30.59,30.58,87.20,87.36,110.37,110.32,203.40,20.46,20.42,0.00,0.00,0.00
6.00,78.57,29.98,67.20,650.00,0.00,0.00,8.72,110.48,19.21,4.79,41.90,0.00,105.35,5.56,2.98,164.07,112.47,88.74,47.08,225.00,30.59,6.88,87.77,56.00,6.39,9.98,95.55,0.00,19.79,228.68,228.42,67.57,67.16,67.94,67.39,0.00,0.00,0.00,5.67,74.99,76.38,66.62,66.54,81.64,30.70,30.59,30.58,87.20,87.36,110.37,110.32,203.40,20.46,20.42,0.00,0.00,0.00
7.00,78.57,29.98,67.20,650.00,0.00,0.00,8.72,110.48,19.21,4.79,41.90,0.00,116.04,5.56,2.98,164.07,112.47,88.74,47.08,225.00,30.59,6.88,87.77,56.00,6.39,9.98,95.55,0.00,19.79,228.68,228.42,67.57,67.16,67.94,67.39,0.00,0.00,0.00,5.67,74.99,76.38,66.62,66.54,81.64,30.70,30.59,30.58,87.20,87.36,110.37,110.32,203.40,20.46,20.42,0.00,0.00,0.00
8.00,78.57,29.98,67.20,650.00,0.00,0.00,8.72,110.48,19.21,4.79,41.90,0.00,133.68,5.56,2.98,164.07,112.47,88.74,47.08,225.00,30.59,6.88,87.77,56.00,6.39,9.98,95.55,0.00,19.79,228.68,228.42,67.57,67.16,67.94,67.39,0.00,0.00,0.00,5.67,74.99,76.38,66.62,66.54,81.64,30.70,30.59,30.58,87.20,87.36,110.37,110.32,203.40,20.46,20.42,0.00,0.00,0.00
9.00,78.57,29.98,67.20,650.00,0.00,0.00,8.72,110.48,19.21,4.79,41.90,0.00,97.62,5.56,2.98,164.07,112.47,88.74,47.08,225.00,30.59,6.88,87.77,56.00,6.39,9.98,95.55,0.00,19.79,228.68,228.42,67.57,67.16,67.94,67.39,0.00,0.00,0.00,5.67,74.99,76.38,66.62,66.54,81.64,30.70,30.59,30.58,87.20,87.36,110.37,110.32,203.40,20.46,20.42,0.00,0.00,0.00
10.00,78.57,29.98,67.20,650.00,0.00,0.00,8.72,110.48,19.21,4.79,41.90,0.00,142.44,5.56,2.98,164.07,112.47,88.74,47.08,225.00,30.59,6.88,87.77,26.00,6.39,9.98,95.55,0.00,19.79,228.68,228.42,67.57,67.16,67.94,67.39,0.00,0.00,0.00,5.67,74.99,76.38,66.62,66.54,81.64,30.70,30.59,30.58,87.20,87.36,110.37,110.32,203.40,20.46,20.42,0.00,0.00,0.00
11.00,78.57,29.98,67.20,650.00,0.00,0.00,8.72,110.48,19.21,4.79,41.90,0.00,113.35,5.56,2.98,164.07,112.47,88.74,47.08,225.00,30.59,6.88,87.77,16.00,6.39,9.98,95.55,0.00,19.79,228.68,228.42,67.57,67.16,67.94,67.39,0.00,0.00,0.00,5.67,74.99,76.38,66.62,66.54,81.64,30.70,30.59,30.58,87.20,87.36,110.37,110.32,203.40,20.46,20.42,0.00,0.00,0.00
12.00,78.57,29.98,67.20,650.00,0.00,0.00,8.72,110.48,19.21,4.79,41.90,0.00,109.34,5.56,2.98,164.07,112.47,88.74,47.08,225.00,30.59,6.88,87.77,0.00,6.39,9.98,95.55,0.00,19.79,228.68,228.42,67.57,67.16,67.94,67.39,0.00,0.00,0.00,5.67,74.99,76.38,66.62,66.54,81.64,30.70,30.59,30.58,87.20,87.36,110.37,110.32,203.40,20.46,20.42,0.00,0.00,0.00
13.00,78.57,29.98,67.20,650.00,0.00,0.00,8.72,110.48,19.21,4.79,41.90,0.00,109.34,5.56,2.98,164.07,112.47,88.74,47.08,225.00,30.59,6.88,87.77,0.00,6.39,9.98,95.55,0.00,19.79,228.68,228.42,67.57,67.16,67.94,67.39,0.00,0.00,0.00,5.67,74.99,76.38,66.62,66.54,81.64,30.70,30.59,30.58,87.20,87.36,110.37,110.32,203.40,20.46,20.42,0.00,0.00,0.00
14.00,78.57,29.98,67.20,650.00,0.00,0.00,8.72,110.48,19.21,4.79,41.90,0.00,109.34,5.56,2.98,164.07,112.47,88.74,47.08,225.00,30.59,6.88,87.77,0.00,6.39,9.98,95.55,0.00,19.79,228.68,228.42,67.57,67.16,67.94,67.39,0.00,0.00,0.00,5.67,74.99,76.38,66.62,66.54,81.64,30.70,30.59,30.58,87.20,87.36,110.37,110.32,203.40,20.46,20.42,0.00,0.00,0.00
