"ETAPA \ EQUIPO","L2249","L2248","L2241","L2239","L2240","L2236","L2234","L2232","L2233","L2215","L2216","L2213","L2214","L2212","L2242","L2243","L2244","L2245","L2246","L2018","L2011","L2012","L2013","L2209","L2211","L2090","L2091","L2208","L2207","L2093","L2094","L2095","L2205","L2206","L2226","L2222","L2223","L2008","L2009","L2014","L2015","L2201","L2202","L2203","L2204","L2231","L2218","L2219","L2220","L2221","L2224","L2251","L2252","L2253","L2278","L6031","L6011","L6020","L1121","L1120","L1702","L1705","L2051CS","L2052CS","L2053CS","L2054CS","L2259","L2258","L2254","L1021","L1022","L1020","L1008","L1004","L1003","L1007","L1006","L1042","L1011","L1012","L6620","L6637","L1383","L2025","L1002","L1001","L2030","L2029","L1125","L1029","L1030","L1103","L1104","L1105","L2267","L2268","L2264","L2001","L2002","L2016","L2017","L2005","L2006","L2260","L5001","L2107","L2108","L2210","L2272","L2274","L1131","L1101","L2238","L2026","L2269","L2270","L2235","L2237","L2279","L5006","L5008","L2250","L2294","L1142","L5032","L2292","L5034","L2057","L2110","L2010","L5036 CS","L2022","L2023","L5010","L659","L10231024","L20272028","L21122113","L6171826","L63694344","INTCHAVARRIA 220","R26","L1005","L1050","L2092","L2049","L2050","L2060","L2059","L2088","L2089","L2117","L2150","L2151","L2273","L2275","L2296","L2297","L5037 CS","L653558","L2293","L2247","CHARIAZAPAL","BARSIMALVIN","CHLLONZAPAL","HPNIHUCPA60","HURANZAPALL","LARQLILO3","L1392","LMO60BAL60","L1025","LMRAZAPAL60","LSROMIRA60","MIRAMALVIN","L1703","PGSHCHYO50","SROSAIND60","L1038","L1039A","L1701TR","L2033","L2034","L2256","L2257","L22652266","L63525554","L65548644","L657658","L6979884","L2132","L2118","L2119","L5031 CS","L5033CS","L5035","L2190","L2192","L2194","L2140","L2141","L2065","L2066","L5003","L2709","L641642","L6412","L212324","L60616263","L2145","L2074","R28L2225","L2701","L2702","L2708","L6627","L6628","L1045","L2041","L2716","L2007","L6040","L6111","L2127","L2128","L6423","L6424","L2162","L2164","L1010","L1013","L1051","L1009","L2036","L1014","L2125","L2126","L1122","L1124","L1017","L1018","L2295","L2283","L2287","L1156","L2116","L2040","L1046","L2039","L1015","L1148","L1708","L1709","L2271","L1016","L1019","L1381","L1382","L13862","L13861","L1394","L1388","L1026","L1395","L1393","L13851","L1390","L1391","L1387","L13852","L1398","L1389","L1707","INTCHILCA CTM 220","L2312","INTSANTA ROSA 220","INT  DERIVACION 220","INT  CARAPONGO 220","L5022CS","L2146","L5021CS","L5004","L2307","L2315","L2147","L2082","L2298","L2300","L2313","L2314","L2130","L2311","L5002","L1056","L2051","L2052","L1384","INTPTALOMITAS 33","AT220138PUN","T22060ZAP","T15328326","TR12345","T22050ORO","T13850ORO","T13850CAR","T13850PRG","T13866ARI","AT220138MOQ","AT220138SOC","T22066LHE","AT220138AGU","AT220138PSG","T13860PUC","T34261","T22060CHL","T22060BRS","T22060CHV2","T22060CHV1","T500220CRB","AT72500220","AUT201","AUT501","AT84523","AT85523","AUT5371","AUT5671","AT91LANINA","TTIN220138","AT1130211","AT90212","TRSROSALDS","TRSROSAEDN","TRMALVINAS","TRLOMERA","TIND22060","TRMIR22060","AT82211AT1","TILO3220138","TBEL220138","TRYARABAMBA","TRCOLCABAM","AT114","TRMANCHAY","TRCOBRIZAI","T107261","ATXF001","ATXF002","T6261","T62161","AT4","TRCALLAHUAN","TRA1SM","TR3SAN ROMAN","TRCAMPAS","TR220500PLANICIE","AT133500220"
1.00,0.20,0.02,0.47,0.00,0.54,0.10,0.40,0.85,0.73,0.97,0.97,0.03,0.02,0.01,0.01,0.01,0.04,0.04,0.04,0.17,0.23,0.03,0.03,0.05,0.82,0.35,0.98,0.00,0.19,0.44,0.77,0.77,0.20,0.20,0.20,0.20,0.20,0.70,0.70,0.29,0.29,0.37,0.37,0.50,0.50,0.34,0.23,0.23,0.04,0.02,0.44,0.14,0.19,0.02,0.34,1.14,0.34,0.34,0.12,0.71,0.36,0.25,14.55,14.55,9.20,9.20,1.14,0.03,3.07,0.09,0.09,0.49,0.04,0.03,0.16,0.22,0.79,0.45,0.41,0.00,0.00,0.01,0.21,0.88,1.69,1.79,0.03,0.04,0.37,0.12,0.04,2.20,2.20,2.19,0.03,0.03,2.53,0.80,0.80,0.01,0.01,0.07,0.08,0.07,0.43,0.02,0.02,0.06,0.95,0.95,0.22,0.01,0.01,0.88,0.13,0.13,0.38,0.10,0.03,2.62,1.15,0.00,2.06,0.12,1.96,0.00,3.44,0.24,1.33,0.06,1.82,1.14,1.16,0.77,0.11,0.12,0.00,0.19,0.07,0.00,0.00,0.01,1.55,1.67,0.04,0.01,0.09,0.58,0.40,0.48,0.30,0.00,6.80,6.80,0.30,0.30,0.02,0.02,0.03,0.03,0.00,0.04,0.01,0.00,0.00,0.01,0.00,0.02,0.21,0.12,0.48,0.09,0.02,0.13,0.56,0.10,0.29,0.02,0.04,0.35,0.40,0.12,0.02,0.68,1.18,0.00,0.00,0.09,0.01,0.51,0.72,0.08,8.45,7.98,0.70,0.42,0.06,0.05,1.28,1.29,0.02,0.02,0.39,0.31,0.34,0.00,0.01,0.15,0.02,0.00,0.00,0.02,0.02,0.31,0.19,0.19,0.01,0.11,0.01,0.55,1.55,0.39,0.01,0.01,0.25,0.25,0.47,0.02,4.46,0.02,3.17,1.37,0.08,0.20,0.01,0.01,0.40,0.83,0.14,0.09,0.00,0.71,0.71,0.26,0.12,0.03,0.02,0.07,0.36,0.01,0.04,0.00,0.04,0.63,0.10,0.30,0.28,0.00,0.02,0.35,0.00,0.01,0.00,0.11,0.04,0.00,0.07,0.01,0.12,0.00,0.00,0.03,0.00,0.00,0.00,0.00,0.00,0.45,0.21,0.00,0.06,0.05,0.02,0.03,0.02,0.31,0.29,0.20,0.20,0.34,0.00,0.64,0.02,0.00,0.00,0.14,0.00,0.00,0.07,0.06,0.07,0.01,0.06,0.03,0.00,0.00,0.09,0.02,0.04,0.03,0.10,0.05,0.09,0.09,0.08,0.06,0.07,0.02,0.09,0.02,0.02,0.00,0.03,0.02,0.29,0.06,0.06,0.04,0.03,0.13,0.06,0.06,0.02,0.02,0.00,0.00,0.03,0.00,0.04,0.52,0.00,0.00,0.02,0.02,0.06,0.07,0.06,0.05,0.02,0.01,0.03,0.00,0.02,0.14,0.12
2.00,0.19,0.03,0.47,0.00,0.58,0.09,0.33,0.79,0.68,0.89,0.89,0.02,0.03,0.02,0.01,0.01,0.04,0.04,0.04,0.19,0.25,0.02,0.03,0.05,0.82,0.36,0.99,0.00,0.19,0.43,0.76,0.76,0.20,0.20,0.20,0.20,0.20,0.75,0.75,0.24,0.24,0.33,0.33,0.48,0.48,0.33,0.20,0.20,0.07,0.04,0.49,0.13,0.17,0.02,0.37,1.04,0.34,0.34,0.11,0.64,0.34,0.27,15.02,15.02,9.62,9.62,1.23,0.04,2.97,0.01,0.02,0.36,0.01,0.03,0.16,0.22,0.84,0.48,0.40,0.00,0.00,0.01,0.21,0.83,1.66,1.75,0.04,0.04,0.34,0.11,0.04,2.19,2.18,2.17,0.04,0.04,2.45,0.49,0.49,0.01,0.01,0.07,0.07,0.08,0.43,0.01,0.01,0.06,0.90,0.90,0.23,0.01,0.02,0.83,0.10,0.10,0.32,0.09,0.02,2.26,1.05,0.00,2.21,0.11,2.11,0.00,3.59,0.24,0.71,0.06,1.90,1.15,1.17,0.72,0.10,0.12,0.00,0.17,0.07,0.00,0.00,0.01,1.65,1.77,0.04,0.01,0.09,0.59,0.41,0.47,0.31,0.01,6.80,6.80,0.29,0.29,0.02,0.02,0.04,0.03,0.00,0.04,0.01,0.00,0.00,0.01,0.00,0.02,0.21,0.12,0.49,0.10,0.02,0.12,0.54,0.10,0.27,0.02,0.04,0.35,0.41,0.12,0.01,0.68,1.19,0.00,0.00,0.08,0.01,0.49,0.66,0.08,8.70,8.47,0.70,0.36,0.05,0.05,1.28,1.29,0.02,0.02,0.35,0.29,0.30,0.00,0.00,0.13,0.02,0.00,0.00,0.01,0.01,0.29,0.19,0.19,0.01,0.11,0.01,0.64,1.44,0.31,0.01,0.01,0.22,0.22,0.47,0.01,4.51,0.02,3.19,1.40,0.08,0.19,0.01,0.01,0.38,0.78,0.13,0.08,0.00,0.68,0.68,0.24,0.22,0.03,0.02,0.07,0.33,0.00,0.03,0.00,0.03,0.60,0.10,0.31,0.28,0.00,0.02,0.36,0.00,0.02,0.00,0.11,0.04,0.00,0.07,0.01,0.12,0.00,0.00,0.03,0.00,0.00,0.00,0.00,0.00,0.41,0.21,0.00,0.06,0.05,0.02,0.02,0.02,0.31,0.30,0.20,0.20,0.33,0.01,0.61,0.02,0.00,0.00,0.14,0.00,0.00,0.07,0.05,0.07,0.01,0.06,0.03,0.00,0.00,0.09,0.04,0.04,0.03,0.10,0.05,0.09,0.08,0.07,0.06,0.07,0.02,0.09,0.02,0.02,0.00,0.02,0.02,0.30,0.06,0.06,0.04,0.03,0.12,0.06,0.06,0.02,0.02,0.00,0.00,0.03,0.00,0.05,0.51,0.00,0.00,0.02,0.02,0.06,0.07,0.06,0.05,0.02,0.01,0.02,0.00,0.02,0.13,0.12
3.00,0.18,0.03,0.41,0.00,0.52,0.08,0.33,0.76,0.66,0.87,0.87,0.02,0.03,0.02,0.00,0.00,0.04,0.04,0.04,0.19,0.26,0.02,0.03,0.05,0.82,0.38,1.05,0.00,0.21,0.41,0.72,0.72,0.15,0.15,0.20,0.17,0.17,0.71,0.71,0.21,0.21,0.25,0.25,0.43,0.43,0.29,0.14,0.14,0.04,0.03,0.50,0.12,0.16,0.02,0.34,1.01,0.33,0.33,0.11,0.60,0.35,0.28,14.62,14.62,9.45,9.45,1.25,0.04,2.93,0.01,0.02,0.38,0.01,0.03,0.15,0.21,0.85,0.49,0.40,0.00,0.00,0.01,0.21,0.83,1.62,1.70,0.04,0.04,0.32,0.11,0.04,2.16,2.16,2.15,0.04,0.04,2.40,0.46,0.46,0.01,0.01,0.06,0.06,0.07,0.44,0.01,0.01,0.06,0.89,0.89,0.24,0.01,0.02,0.83,0.11,0.11,0.31,0.08,0.02,2.13,1.00,0.00,2.24,0.11,2.36,0.00,3.56,0.25,0.67,0.06,1.88,1.14,1.16,0.67,0.10,0.11,0.00,0.15,0.07,0.00,0.00,0.01,1.67,1.78,0.04,0.01,0.09,0.62,0.43,0.45,0.35,0.01,6.80,6.80,0.28,0.28,0.02,0.02,0.05,0.03,0.00,0.04,0.01,0.00,0.00,0.01,0.00,0.02,0.20,0.11,0.50,0.09,0.03,0.11,0.54,0.11,0.26,0.02,0.04,0.35,0.41,0.12,0.01,0.68,1.19,0.00,0.00,0.08,0.01,0.43,0.60,0.07,8.16,8.44,0.69,0.32,0.08,0.07,0.88,0.88,0.02,0.02,0.30,0.27,0.28,0.00,0.00,0.10,0.02,0.00,0.00,0.01,0.01,0.27,0.17,0.17,0.01,0.11,0.01,0.64,1.40,0.28,0.01,0.01,0.21,0.21,0.41,0.02,4.52,0.02,3.22,1.38,0.08,0.17,0.01,0.01,0.39,0.82,0.14,0.06,0.00,0.67,0.67,0.23,0.17,0.04,0.02,0.08,0.31,0.00,0.03,0.00,0.03,0.62,0.10,0.31,0.28,0.00,0.02,0.37,0.00,0.02,0.00,0.11,0.04,0.00,0.07,0.01,0.13,0.00,0.01,0.02,0.00,0.00,0.00,0.00,0.00,0.23,0.22,0.03,0.06,0.06,0.02,0.03,0.02,0.30,0.30,0.20,0.20,0.29,0.01,0.58,0.02,0.00,0.00,0.14,0.00,0.00,0.06,0.04,0.06,0.02,0.06,0.03,0.00,0.00,0.09,0.04,0.04,0.03,0.10,0.05,0.09,0.08,0.07,0.05,0.06,0.01,0.09,0.02,0.02,0.00,0.02,0.02,0.30,0.05,0.06,0.04,0.03,0.12,0.05,0.05,0.02,0.02,0.00,0.00,0.03,0.00,0.05,0.40,0.00,0.00,0.03,0.02,0.06,0.06,0.05,0.05,0.02,0.01,0.02,0.00,0.02,0.11,0.13
4.00,0.17,0.02,0.38,0.00,0.47,0.08,0.31,0.73,0.63,0.87,0.87,0.03,0.03,0.02,0.00,0.00,0.04,0.04,0.04,0.20,0.27,0.02,0.02,0.06,0.82,0.37,1.04,0.00,0.22,0.41,0.72,0.72,0.14,0.14,0.19,0.17,0.17,0.70,0.71,0.19,0.19,0.24,0.24,0.42,0.42,0.28,0.14,0.14,0.06,0.04,0.50,0.11,0.14,0.01,0.31,0.94,0.32,0.32,0.11,0.58,0.36,0.28,14.67,14.67,9.49,9.49,1.25,0.04,2.97,0.00,0.01,0.35,0.01,0.03,0.15,0.21,0.89,0.51,0.40,0.00,0.00,0.01,0.20,0.80,1.61,1.70,0.04,0.03,0.30,0.11,0.04,2.10,2.10,2.09,0.04,0.04,2.48,0.34,0.34,0.01,0.01,0.06,0.06,0.05,0.45,0.01,0.01,0.06,0.82,0.82,0.27,0.01,0.02,0.80,0.15,0.15,0.30,0.08,0.03,2.14,0.97,0.00,2.23,0.11,2.41,0.00,3.53,0.24,0.46,0.06,1.87,1.14,1.16,0.65,0.08,0.11,0.00,0.14,0.06,0.00,0.00,0.01,1.68,1.79,0.04,0.01,0.08,0.62,0.43,0.44,0.33,0.01,6.80,6.80,0.26,0.26,0.02,0.02,0.05,0.03,0.00,0.04,0.01,0.00,0.00,0.01,0.00,0.02,0.20,0.10,0.46,0.09,0.03,0.10,0.54,0.10,0.24,0.02,0.04,0.36,0.39,0.11,0.01,0.68,1.20,0.00,0.00,0.08,0.01,0.42,0.56,0.06,8.25,8.39,0.67,0.28,0.09,0.08,0.88,0.88,0.02,0.02,0.29,0.26,0.24,0.00,0.00,0.11,0.02,0.00,0.00,0.00,0.00,0.26,0.20,0.20,0.01,0.11,0.01,0.64,1.31,0.24,0.01,0.01,0.19,0.19,0.38,0.02,4.59,0.02,3.23,1.43,0.08,0.16,0.01,0.01,0.39,0.82,0.15,0.05,0.00,0.61,0.61,0.21,0.22,0.04,0.02,0.08,0.30,0.00,0.03,0.00,0.03,0.63,0.10,0.30,0.27,0.00,0.01,0.34,0.00,0.01,0.00,0.10,0.04,0.00,0.07,0.01,0.12,0.00,0.01,0.02,0.00,0.00,0.00,0.00,0.00,0.22,0.22,0.03,0.07,0.06,0.02,0.03,0.02,0.30,0.30,0.20,0.20,0.28,0.01,0.57,0.02,0.00,0.00,0.13,0.00,0.00,0.06,0.04,0.06,0.02,0.06,0.03,0.00,0.00,0.09,0.04,0.03,0.03,0.10,0.05,0.08,0.07,0.07,0.05,0.06,0.02,0.09,0.02,0.02,0.00,0.02,0.01,0.29,0.05,0.06,0.03,0.03,0.11,0.04,0.05,0.01,0.01,0.00,0.00,0.03,0.00,0.05,0.40,0.00,0.00,0.02,0.02,0.06,0.06,0.06,0.05,0.02,0.01,0.02,0.00,0.02,0.11,0.13
5.00,0.17,0.02,0.37,0.00,0.47,0.08,0.32,0.73,0.63,0.85,0.85,0.03,0.03,0.02,0.00,0.00,0.04,0.04,0.04,0.26,0.34,0.02,0.02,0.06,0.82,0.34,0.96,0.00,0.19,0.43,0.75,0.75,0.16,0.16,0.18,0.23,0.23,0.77,0.77,0.15,0.15,0.32,0.32,0.45,0.45,0.30,0.20,0.20,0.13,0.07,0.49,0.11,0.13,0.01,0.31,0.86,0.31,0.31,0.11,0.57,0.35,0.28,14.95,14.95,9.62,9.62,1.24,0.03,3.01,0.00,0.00,0.33,0.01,0.03,0.15,0.21,0.90,0.52,0.39,0.00,0.00,0.01,0.20,0.78,1.62,1.70,0.04,0.03,0.29,0.11,0.04,2.04,2.04,2.03,0.03,0.03,2.52,0.07,0.07,0.01,0.01,0.05,0.06,0.04,0.47,0.01,0.01,0.06,0.80,0.80,0.28,0.01,0.02,0.78,0.15,0.15,0.30,0.08,0.02,2.14,0.97,0.00,2.19,0.11,2.15,0.01,3.54,0.24,0.20,0.08,1.87,1.16,1.18,0.64,0.07,0.11,0.00,0.14,0.07,0.00,0.00,0.01,1.70,1.82,0.04,0.01,0.09,0.62,0.43,0.46,0.30,0.01,6.80,6.80,0.26,0.26,0.01,0.01,0.04,0.03,0.01,0.04,0.01,0.00,0.00,0.00,0.00,0.02,0.20,0.08,0.46,0.09,0.03,0.10,0.53,0.10,0.23,0.02,0.04,0.37,0.38,0.11,0.01,0.68,1.21,0.00,0.00,0.08,0.01,0.45,0.57,0.06,8.69,8.42,0.67,0.27,0.08,0.07,1.28,1.29,0.02,0.02,0.33,0.24,0.21,0.00,0.00,0.11,0.02,0.00,0.00,0.00,0.00,0.24,0.21,0.21,0.01,0.11,0.01,0.64,1.25,0.16,0.01,0.01,0.18,0.18,0.37,0.02,4.59,0.02,3.24,1.42,0.08,0.16,0.01,0.01,0.39,0.81,0.14,0.04,0.00,0.60,0.60,0.21,0.41,0.04,0.02,0.08,0.28,0.00,0.03,0.00,0.04,0.62,0.10,0.30,0.27,0.00,0.01,0.33,0.00,0.01,0.00,0.10,0.04,0.00,0.07,0.01,0.12,0.00,0.01,0.02,0.00,0.00,0.00,0.00,0.00,0.40,0.21,0.00,0.08,0.05,0.02,0.03,0.02,0.30,0.31,0.20,0.20,0.30,0.01,0.60,0.02,0.00,0.00,0.13,0.00,0.00,0.05,0.04,0.05,0.01,0.06,0.03,0.00,0.00,0.09,0.05,0.03,0.03,0.10,0.04,0.08,0.07,0.06,0.05,0.06,0.02,0.09,0.02,0.02,0.00,0.02,0.02,0.29,0.05,0.06,0.03,0.03,0.10,0.04,0.05,0.01,0.02,0.00,0.00,0.03,0.00,0.06,0.51,0.01,0.00,0.02,0.01,0.06,0.06,0.06,0.05,0.02,0.00,0.02,0.00,0.02,0.11,0.13
6.00,0.17,0.02,0.36,0.00,0.44,0.08,0.32,0.74,0.64,0.85,0.85,0.03,0.03,0.02,0.00,0.00,0.04,0.04,0.04,0.26,0.34,0.02,0.02,0.05,0.82,0.35,1.02,0.00,0.21,0.42,0.73,0.73,0.17,0.17,0.19,0.25,0.25,0.78,0.79,0.14,0.14,0.28,0.28,0.45,0.45,0.31,0.17,0.17,0.12,0.07,0.59,0.11,0.12,0.01,0.30,0.86,0.30,0.30,0.14,0.62,0.92,0.53,15.13,15.13,9.70,9.70,1.25,0.03,3.14,0.00,0.00,0.33,0.01,0.03,0.15,0.21,0.91,0.53,0.39,0.00,0.01,0.01,0.21,0.80,1.62,1.71,0.04,0.03,0.29,0.11,0.04,1.97,1.97,1.96,0.03,0.03,2.68,0.06,0.06,0.01,0.01,0.05,0.06,0.03,0.47,0.01,0.01,0.06,0.76,0.76,0.31,0.01,0.02,0.80,0.20,0.20,0.31,0.08,0.03,2.12,0.98,0.00,2.32,0.13,2.23,0.01,3.62,0.25,0.19,0.08,1.92,1.18,1.20,0.64,0.07,0.11,0.00,0.13,0.06,0.00,0.00,0.01,1.73,1.85,0.04,0.01,0.09,0.62,0.43,0.45,0.33,0.01,6.80,6.80,0.24,0.24,0.01,0.01,0.05,0.03,0.01,0.04,0.01,0.00,0.00,0.00,0.00,0.02,0.20,0.08,0.51,0.09,0.03,0.09,0.66,0.15,0.23,0.02,0.04,0.34,0.41,0.12,0.01,0.68,1.17,0.00,0.00,0.08,0.01,0.45,0.56,0.06,8.67,8.65,0.68,0.25,0.08,0.07,1.21,1.21,0.02,0.02,0.32,0.23,0.20,0.00,0.00,0.10,0.02,0.00,0.00,0.00,0.00,0.23,0.21,0.21,0.01,0.11,0.01,0.64,1.27,0.16,0.01,0.01,0.17,0.17,0.36,0.02,4.63,0.02,3.24,1.46,0.08,0.16,0.01,0.01,0.39,0.83,0.15,0.04,0.00,0.56,0.56,0.20,0.39,0.04,0.02,0.08,0.28,0.01,0.07,0.00,0.04,0.64,0.11,0.32,0.29,0.00,0.02,0.37,0.00,0.02,0.00,0.11,0.04,0.00,0.07,0.01,0.13,0.00,0.01,0.01,0.00,0.00,0.00,0.00,0.00,0.36,0.21,0.00,0.08,0.06,0.02,0.03,0.02,0.29,0.32,0.20,0.20,0.30,0.01,0.59,0.02,0.00,0.00,0.14,0.00,0.00,0.05,0.04,0.05,0.03,0.12,0.03,0.00,0.00,0.09,0.05,0.03,0.03,0.09,0.04,0.09,0.07,0.06,0.05,0.06,0.02,0.09,0.01,0.03,0.00,0.02,0.02,0.30,0.05,0.06,0.04,0.03,0.10,0.04,0.05,0.01,0.02,0.00,0.00,0.03,0.00,0.06,0.49,0.01,0.00,0.02,0.01,0.06,0.06,0.06,0.05,0.02,0.00,0.02,0.00,0.02,0.11,0.13
7.00,0.17,0.02,0.35,0.00,0.36,0.08,0.33,0.75,0.65,0.88,0.88,0.04,0.02,0.01,0.00,0.00,0.04,0.04,0.03,0.22,0.29,0.02,0.02,0.06,0.82,0.38,1.09,0.00,0.24,0.40,0.69,0.69,0.12,0.12,0.20,0.18,0.18,0.68,0.68,0.18,0.18,0.21,0.21,0.40,0.40,0.27,0.11,0.11,0.09,0.06,0.56,0.11,0.11,0.00,0.21,0.85,0.29,0.29,0.15,0.64,0.96,0.52,15.18,15.18,9.75,9.75,1.17,0.03,3.30,0.03,0.01,0.27,0.00,0.03,0.15,0.21,0.96,0.56,0.39,0.00,0.00,0.01,0.21,0.73,1.61,1.69,0.04,0.03,0.27,0.10,0.03,1.80,1.80,1.79,0.03,0.03,2.89,0.34,0.34,0.01,0.01,0.05,0.06,0.01,0.46,0.00,0.00,0.06,0.65,0.65,0.40,0.01,0.01,0.73,0.34,0.34,0.32,0.08,0.04,2.35,1.02,0.00,2.21,0.14,2.47,0.00,3.69,0.25,0.16,0.07,1.95,1.18,1.20,0.65,0.08,0.11,0.00,0.12,0.06,0.00,0.00,0.01,1.76,1.87,0.04,0.01,0.09,0.62,0.43,0.43,0.35,0.00,6.80,6.80,0.21,0.21,0.01,0.01,0.05,0.03,0.00,0.04,0.01,0.00,0.00,0.00,0.00,0.02,0.20,0.08,0.50,0.07,0.04,0.09,0.67,0.15,0.25,0.02,0.04,0.34,0.39,0.11,0.01,0.68,1.17,0.00,0.00,0.08,0.01,0.40,0.52,0.05,8.28,8.96,0.66,0.20,0.07,0.06,0.88,0.88,0.02,0.02,0.31,0.26,0.23,0.00,0.00,0.09,0.02,0.00,0.00,0.00,0.00,0.26,0.18,0.18,0.01,0.11,0.01,0.64,1.25,0.16,0.01,0.01,0.18,0.18,0.35,0.02,4.65,0.02,3.23,1.47,0.08,0.15,0.01,0.01,0.41,0.85,0.16,0.03,0.00,0.48,0.48,0.19,0.33,0.04,0.02,0.08,0.27,0.02,0.07,0.00,0.03,0.65,0.11,0.27,0.25,0.00,0.03,0.37,0.00,0.02,0.00,0.11,0.04,0.00,0.07,0.01,0.13,0.00,0.01,0.01,0.00,0.00,0.00,0.00,0.00,0.21,0.22,0.04,0.08,0.07,0.02,0.03,0.02,0.29,0.33,0.20,0.20,0.27,0.01,0.57,0.02,0.00,0.00,0.14,0.00,0.00,0.05,0.04,0.05,0.03,0.12,0.03,0.00,0.00,0.09,0.07,0.03,0.02,0.08,0.04,0.08,0.07,0.06,0.05,0.06,0.02,0.10,0.01,0.05,0.00,0.03,0.02,0.30,0.05,0.06,0.03,0.03,0.10,0.04,0.04,0.01,0.01,0.00,0.00,0.03,0.00,0.07,0.39,0.00,0.00,0.02,0.01,0.06,0.06,0.06,0.05,0.02,0.00,0.02,0.00,0.02,0.10,0.13
8.00,0.17,0.02,0.32,0.00,0.32,0.08,0.34,0.74,0.64,0.88,0.88,0.04,0.01,0.01,0.00,0.00,0.03,0.03,0.03,0.21,0.28,0.02,0.02,0.06,0.82,0.38,1.10,0.00,0.25,0.39,0.69,0.69,0.11,0.11,0.20,0.16,0.16,0.67,0.67,0.18,0.18,0.19,0.19,0.39,0.39,0.26,0.10,0.10,0.09,0.06,0.55,0.10,0.10,0.00,0.17,0.84,0.29,0.29,0.15,0.64,1.00,0.51,15.87,15.87,10.31,10.31,1.13,0.02,3.35,0.22,0.11,0.17,0.01,0.03,0.16,0.21,1.02,0.59,0.38,0.00,0.00,0.01,0.20,0.66,1.64,1.72,0.04,0.03,0.27,0.11,0.03,1.68,1.68,1.67,0.02,0.02,2.99,0.34,0.34,0.01,0.01,0.05,0.05,0.00,0.46,0.00,0.00,0.06,0.57,0.57,0.45,0.02,0.01,0.66,0.43,0.43,0.32,0.08,0.04,2.39,1.01,0.00,2.14,0.14,2.63,0.00,3.86,0.25,0.15,0.07,2.04,1.20,1.22,0.63,0.08,0.12,0.00,0.11,0.06,0.00,0.00,0.01,1.85,1.97,0.04,0.01,0.09,0.61,0.42,0.42,0.36,0.00,6.80,6.80,0.18,0.18,0.01,0.01,0.07,0.03,0.00,0.03,0.01,0.00,0.00,0.00,0.00,0.02,0.18,0.08,0.50,0.06,0.04,0.08,0.67,0.15,0.25,0.02,0.04,0.34,0.39,0.11,0.00,0.68,1.16,0.00,0.00,0.08,0.01,0.38,0.50,0.05,8.52,9.60,0.64,0.17,0.07,0.06,0.88,0.88,0.03,0.03,0.30,0.25,0.22,0.00,0.00,0.09,0.02,0.00,0.00,0.00,0.00,0.25,0.18,0.18,0.01,0.10,0.01,0.64,1.24,0.15,0.01,0.01,0.18,0.18,0.32,0.03,4.69,0.02,3.24,1.50,0.08,0.14,0.02,0.02,0.40,0.84,0.16,0.02,0.00,0.42,0.42,0.19,0.31,0.03,0.02,0.07,0.26,0.11,0.07,0.00,0.04,0.65,0.11,0.28,0.26,0.00,0.03,0.36,0.00,0.02,0.00,0.11,0.04,0.00,0.07,0.01,0.13,0.00,0.01,0.01,0.00,0.00,0.00,0.00,0.00,0.18,0.22,0.05,0.08,0.07,0.02,0.03,0.02,0.28,0.33,0.20,0.20,0.25,0.00,0.56,0.02,0.00,0.00,0.14,0.00,0.00,0.04,0.04,0.05,0.04,0.12,0.03,0.00,0.00,0.09,0.13,0.03,0.02,0.08,0.04,0.08,0.06,0.06,0.04,0.05,0.01,0.10,0.01,0.06,0.00,0.03,0.03,0.31,0.05,0.05,0.02,0.03,0.10,0.04,0.04,0.01,0.01,0.00,0.00,0.03,0.00,0.08,0.39,0.00,0.00,0.02,0.02,0.06,0.06,0.06,0.05,0.02,0.01,0.02,0.00,0.02,0.10,0.13
9.00,0.17,0.02,0.33,0.00,0.35,0.07,0.34,0.74,0.64,0.90,0.90,0.04,0.01,0.01,0.00,0.00,0.04,0.04,0.04,0.24,0.31,0.02,0.02,0.01,0.42,0.43,1.25,0.01,0.31,0.39,0.69,0.69,0.15,0.15,0.19,0.23,0.23,0.76,0.76,0.13,0.13,0.26,0.26,0.50,0.50,0.35,0.15,0.15,0.11,0.07,0.56,0.10,0.10,0.00,0.20,0.83,0.29,0.29,0.16,0.65,0.99,0.52,15.47,15.47,10.01,10.01,1.15,0.02,3.39,0.05,0.02,0.25,0.00,0.03,0.15,0.21,0.95,0.55,0.40,0.00,0.00,0.01,0.20,0.76,1.62,1.70,0.04,0.03,0.27,0.12,0.04,1.75,1.74,1.74,0.02,0.02,3.02,0.07,0.07,0.01,0.01,0.05,0.05,0.01,0.47,0.01,0.01,0.01,0.61,0.61,0.42,0.02,0.01,0.76,0.40,0.40,0.33,0.07,0.04,2.45,1.03,0.00,2.17,0.14,2.27,0.00,3.76,0.26,0.18,0.08,1.99,1.19,1.21,0.64,0.06,0.11,0.00,0.12,0.06,0.00,0.00,0.01,1.79,1.92,0.04,0.01,0.09,0.62,0.43,0.42,0.41,0.00,6.80,6.80,0.19,0.19,0.01,0.01,0.06,0.03,0.00,0.04,0.01,0.00,0.00,0.00,0.00,0.02,0.19,0.08,0.51,0.07,0.03,0.08,0.67,0.15,0.21,0.02,0.04,0.34,0.40,0.12,0.01,0.68,1.17,0.00,0.00,0.08,0.01,0.52,0.51,0.05,8.74,9.17,0.67,0.19,0.07,0.06,1.24,1.25,0.02,0.02,0.33,0.23,0.20,0.00,0.00,0.10,0.02,0.00,0.00,0.00,0.00,0.23,0.18,0.18,0.01,0.11,0.01,0.64,1.23,0.16,0.01,0.01,0.16,0.16,0.33,0.03,4.69,0.02,3.23,1.50,0.08,0.15,0.02,0.02,0.40,0.85,0.16,0.02,0.00,0.45,0.45,0.19,0.37,0.04,0.02,0.08,0.26,0.04,0.07,0.00,0.03,0.67,0.11,0.32,0.29,0.00,0.02,0.37,0.00,0.02,0.00,0.12,0.04,0.00,0.07,0.01,0.13,0.00,0.01,0.01,0.00,0.00,0.00,0.00,0.00,0.35,0.21,0.00,0.08,0.08,0.02,0.03,0.02,0.26,0.33,0.10,0.10,0.35,0.00,0.58,0.02,0.00,0.00,0.14,0.00,0.00,0.04,0.04,0.05,0.04,0.12,0.03,0.00,0.00,0.09,0.08,0.03,0.02,0.08,0.04,0.08,0.06,0.06,0.04,0.05,0.02,0.09,0.01,0.05,0.00,0.03,0.03,0.31,0.05,0.06,0.02,0.03,0.10,0.04,0.04,0.01,0.01,0.00,0.00,0.03,0.00,0.07,0.49,0.01,0.00,0.03,0.01,0.06,0.06,0.06,0.05,0.02,0.01,0.02,0.00,0.02,0.10,0.13
10.00,0.18,0.02,0.34,0.00,0.48,0.06,0.33,0.71,0.61,0.75,0.75,0.03,0.02,0.01,0.00,0.00,0.04,0.04,0.04,0.19,0.25,0.02,0.02,0.01,0.42,0.45,1.30,0.01,0.34,0.39,0.69,0.69,0.08,0.08,0.21,0.11,0.11,0.59,0.59,0.14,0.14,0.26,0.26,0.46,0.46,0.32,0.15,0.15,0.09,0.05,0.37,0.10,0.12,0.04,0.20,0.81,0.29,0.29,0.08,0.48,1.13,0.43,14.27,14.27,9.15,9.15,0.67,0.08,2.45,0.00,0.01,0.34,0.01,0.03,0.14,0.21,0.92,0.53,0.41,0.00,0.01,0.01,0.21,0.81,1.59,1.68,0.05,0.03,0.27,0.12,0.04,2.04,2.04,2.03,0.08,0.08,1.88,0.34,0.34,0.01,0.01,0.05,0.05,0.05,0.45,0.00,0.00,0.01,0.78,0.78,0.29,0.01,0.02,0.81,0.07,0.07,0.32,0.06,0.03,1.97,0.92,0.00,1.42,0.09,2.41,0.00,3.61,0.25,0.15,0.06,1.91,1.15,1.17,0.61,0.07,0.11,0.00,0.11,0.06,0.00,0.00,0.01,1.65,1.78,0.04,0.01,0.08,0.63,0.43,0.42,0.45,0.01,6.80,6.80,0.25,0.25,0.01,0.01,0.05,0.03,0.00,0.04,0.01,0.00,0.00,0.00,0.00,0.02,0.20,0.08,0.51,0.08,0.02,0.07,0.61,0.13,0.21,0.02,0.04,0.00,0.41,0.12,0.02,0.68,0.22,0.00,0.00,0.08,0.01,0.48,0.51,0.05,7.98,8.61,0.68,0.26,0.08,0.07,0.88,0.88,0.02,0.02,0.27,0.23,0.21,0.00,0.00,0.10,0.02,0.00,0.00,0.00,0.00,0.23,0.17,0.17,0.01,0.11,0.00,0.64,1.23,0.16,0.01,0.01,0.18,0.18,0.34,0.02,4.70,0.02,3.23,1.51,0.08,0.15,0.01,0.01,0.34,0.71,0.11,0.05,0.00,0.58,0.58,0.19,0.30,0.04,0.02,0.08,0.26,0.00,0.05,0.00,0.03,0.53,0.09,0.32,0.29,0.00,0.02,0.37,0.00,0.02,0.00,0.12,0.04,0.00,0.07,0.01,0.13,0.00,0.01,0.01,0.00,0.00,0.00,0.00,0.00,0.19,0.20,0.03,0.07,0.09,0.02,0.03,0.02,0.25,0.34,0.10,0.10,0.32,0.01,0.55,0.02,0.00,0.00,0.14,0.00,0.00,0.05,0.04,0.05,0.03,0.10,0.03,0.00,0.00,0.10,0.04,0.04,0.02,0.08,0.04,0.09,0.06,0.05,0.04,0.05,0.02,0.09,0.00,0.03,0.00,0.02,0.02,0.30,0.05,0.06,0.04,0.03,0.10,0.04,0.04,0.01,0.01,0.00,0.00,0.03,0.00,0.06,0.38,0.00,0.00,0.03,0.02,0.06,0.07,0.06,0.05,0.02,0.01,0.02,0.00,0.02,0.10,0.13
11.00,0.18,0.02,0.35,0.01,0.44,0.06,0.32,0.72,0.62,0.80,0.80,0.04,0.02,0.01,0.00,0.00,0.04,0.04,0.04,0.24,0.32,0.02,0.02,0.01,0.42,0.00,3.11,0.19,0.26,0.46,0.81,0.81,0.05,0.05,0.20,0.12,0.12,0.55,0.55,0.12,0.12,0.22,0.22,0.79,0.79,0.63,0.12,0.12,0.08,0.05,0.38,0.11,0.12,0.03,0.18,0.80,0.29,0.29,0.09,0.51,1.15,0.42,13.38,13.38,8.63,8.63,0.68,0.08,2.53,0.01,0.00,0.27,0.00,0.03,0.14,0.21,1.06,0.61,0.40,0.00,0.01,0.01,0.20,0.65,1.55,1.64,0.05,0.03,0.28,0.09,0.03,2.02,2.02,2.01,0.07,0.08,1.97,0.21,0.21,0.01,0.01,0.05,0.05,0.04,0.49,0.00,0.00,0.01,0.76,0.76,0.30,0.01,0.00,0.65,0.10,0.10,0.31,0.06,0.04,2.14,0.98,0.00,1.43,0.10,2.35,0.00,3.42,0.25,0.13,0.08,1.81,1.15,1.16,0.68,0.06,0.10,0.00,0.11,0.06,0.00,0.00,0.01,1.64,1.72,0.05,0.01,0.08,0.65,0.45,0.47,0.06,0.01,6.80,6.80,0.24,0.24,0.01,0.01,0.04,0.03,0.00,0.04,0.01,0.00,0.00,0.00,0.00,0.02,0.19,0.07,0.49,0.08,0.02,0.07,0.61,0.13,0.22,0.02,0.04,0.00,0.39,0.11,0.03,0.68,0.24,0.00,0.00,0.08,0.01,0.94,0.52,0.05,7.67,8.24,0.61,0.24,0.07,0.06,0.92,0.93,0.02,0.02,0.28,0.22,0.21,0.00,0.00,0.16,0.02,0.00,0.00,0.00,0.00,0.22,0.18,0.18,0.01,0.11,0.01,0.54,1.22,0.14,0.01,0.01,0.17,0.17,0.35,0.06,4.84,0.02,3.29,1.57,0.07,0.11,0.01,0.01,0.33,0.70,0.11,0.05,0.00,0.56,0.56,0.20,0.27,0.04,0.02,0.09,0.20,0.01,0.05,0.00,0.03,0.53,0.09,0.31,0.28,0.00,0.02,0.38,0.00,0.01,0.00,0.11,0.04,0.00,0.08,0.01,0.13,0.00,0.01,0.01,0.00,0.00,0.00,0.00,0.00,0.19,0.20,0.03,0.08,0.36,0.02,0.03,0.02,0.24,0.34,0.10,0.10,0.63,0.01,0.57,0.01,0.00,0.00,0.13,0.00,0.00,0.04,0.04,0.05,0.03,0.10,0.03,0.00,0.00,0.09,0.05,0.03,0.02,0.08,0.04,0.09,0.06,0.05,0.04,0.05,0.02,0.10,0.00,0.03,0.00,0.02,0.02,0.26,0.05,0.06,0.04,0.03,0.10,0.04,0.04,0.01,0.01,0.00,0.00,0.03,0.00,0.06,0.37,0.00,0.00,0.03,0.01,0.06,0.06,0.06,0.05,0.02,0.01,0.02,0.00,0.02,0.10,0.13
12.00,0.18,0.02,0.36,0.00,0.32,0.07,0.36,0.76,0.66,0.71,0.71,0.10,0.00,0.01,0.00,0.00,0.04,0.04,0.04,0.27,0.36,0.02,0.02,0.01,0.42,0.00,2.62,0.17,0.25,0.50,0.87,0.87,0.00,0.00,0.20,0.05,0.05,0.49,0.49,0.09,0.09,0.48,0.48,0.76,0.76,0.62,0.32,0.32,0.10,0.06,0.07,0.10,0.10,0.07,0.00,0.72,0.29,0.29,0.07,0.44,1.76,0.25,11.95,11.95,7.69,7.69,0.05,0.00,2.05,0.09,0.04,0.21,0.00,0.02,0.13,0.20,1.15,0.65,0.38,0.00,0.01,0.01,0.19,0.43,1.47,1.57,0.04,0.03,0.27,0.00,0.03,1.51,1.51,1.50,0.00,0.00,1.46,0.06,0.06,0.01,0.01,0.04,0.05,0.00,0.57,0.01,0.01,0.02,0.45,0.45,0.58,0.02,0.00,0.43,0.20,0.20,0.34,0.07,0.10,3.08,1.15,0.00,0.25,0.08,1.72,0.00,2.88,0.28,0.16,0.09,1.53,1.15,1.17,0.74,0.06,0.02,0.00,0.10,0.06,0.00,0.00,0.01,1.60,1.67,0.06,0.01,0.08,0.69,0.47,0.49,0.05,0.01,2.63,2.63,0.14,0.14,0.01,0.01,0.01,0.03,0.00,0.04,0.00,0.00,0.00,0.00,0.00,0.03,0.19,0.07,0.48,0.04,0.02,0.07,0.79,0.20,0.18,0.02,0.04,0.00,0.36,0.10,0.12,0.68,0.24,0.00,0.00,0.06,0.01,0.92,0.47,0.04,6.94,6.89,0.48,0.10,0.06,0.06,1.22,1.23,0.02,0.02,0.36,0.20,0.16,0.00,0.00,0.14,0.02,0.00,0.00,0.00,0.00,0.20,0.21,0.21,0.01,0.10,0.00,0.64,1.05,0.12,0.01,0.01,0.13,0.13,0.36,0.07,4.79,0.02,3.31,1.53,0.07,0.12,0.06,0.06,0.28,0.58,0.09,0.05,0.00,0.33,0.33,0.19,0.34,0.03,0.01,0.08,0.20,0.05,0.11,0.00,0.02,0.45,0.07,0.31,0.28,0.00,0.02,0.41,0.00,0.01,0.00,0.11,0.04,0.00,0.07,0.01,0.13,0.00,0.01,0.00,0.00,0.00,0.00,0.00,0.00,0.37,0.15,0.00,0.11,0.29,0.02,0.03,0.02,0.24,0.33,0.10,0.10,0.62,0.00,0.64,0.05,0.00,0.00,0.09,0.00,0.00,0.04,0.04,0.05,0.02,0.06,0.03,0.00,0.00,0.08,0.06,0.03,0.02,0.06,0.04,0.08,0.05,0.05,0.04,0.04,0.02,0.10,0.00,0.08,0.00,0.03,0.02,0.17,0.06,0.06,0.02,0.02,0.09,0.04,0.03,0.00,0.01,0.00,0.00,0.03,0.00,0.05,0.44,0.01,0.00,0.03,0.01,0.06,0.06,0.06,0.05,0.02,0.01,0.01,0.00,0.01,0.09,0.13
13.00,0.16,0.01,0.28,0.00,0.22,0.07,0.35,0.74,0.63,0.50,0.50,0.19,0.05,0.06,0.00,0.00,0.03,0.03,0.03,0.61,0.80,0.02,0.02,0.02,0.42,0.00,2.83,0.21,0.23,0.89,1.56,1.56,0.10,0.10,0.18,0.01,0.01,0.35,0.35,0.12,0.12,0.77,0.77,0.64,0.64,0.51,0.57,0.57,0.12,0.07,0.07,0.10,0.12,0.28,0.28,0.68,0.30,0.30,0.04,0.35,2.81,0.09,9.67,9.67,6.59,6.59,0.41,0.21,0.98,0.28,0.14,0.12,0.00,0.02,0.12,0.19,1.34,0.78,0.37,0.00,0.01,0.01,0.18,0.20,1.39,1.49,0.04,0.03,0.25,0.05,0.03,1.32,1.32,1.32,0.21,0.22,0.40,0.03,0.03,0.01,0.01,0.04,0.04,0.02,1.07,0.01,0.01,0.02,0.33,0.33,0.72,0.01,0.00,0.20,0.04,0.04,0.33,0.07,0.19,3.45,1.16,0.00,0.28,0.02,0.95,0.00,2.39,0.30,0.19,0.19,1.27,1.10,1.12,0.67,0.06,0.00,0.00,0.08,0.06,0.00,0.00,0.00,1.50,1.57,0.16,0.01,0.07,0.73,0.51,0.77,0.05,0.05,0.00,0.00,0.10,0.10,0.01,0.01,0.00,0.03,0.00,0.03,0.00,0.00,0.00,0.00,0.00,0.02,0.18,0.02,0.44,0.01,0.07,0.06,1.04,0.32,0.23,0.02,0.03,0.00,0.30,0.09,0.61,0.68,0.24,0.00,0.00,0.09,0.01,0.76,0.45,0.04,6.87,5.80,0.34,0.05,0.09,0.08,0.74,0.74,0.02,0.02,0.27,0.21,0.18,0.00,0.00,0.13,0.02,0.00,0.00,0.09,0.09,0.21,0.20,0.20,0.01,0.10,0.00,0.58,1.00,0.04,0.01,0.01,0.12,0.12,0.28,0.06,4.88,0.02,3.28,1.62,0.07,0.11,0.12,0.12,0.18,0.38,0.04,0.11,0.00,0.24,0.24,0.18,0.39,0.03,0.01,0.07,0.18,0.13,0.22,0.01,0.02,0.29,0.05,0.29,0.27,0.00,0.01,0.43,0.00,0.01,0.00,0.11,0.04,0.01,0.07,0.01,0.12,0.00,0.00,0.00,0.00,0.00,0.00,0.00,0.00,0.00,0.07,0.12,0.20,0.34,0.02,0.03,0.01,0.23,0.33,0.10,0.10,0.51,0.03,0.84,0.13,0.00,0.00,0.05,0.00,0.00,0.03,0.04,0.05,0.01,0.02,0.04,0.00,0.00,0.07,0.08,0.03,0.02,0.03,0.04,0.08,0.05,0.05,0.04,0.04,0.02,0.14,0.00,0.12,0.00,0.03,0.01,0.10,0.05,0.06,0.02,0.02,0.10,0.04,0.03,0.00,0.01,0.00,0.00,0.02,0.00,0.06,0.26,0.00,0.00,0.02,0.01,0.06,0.06,0.06,0.05,0.02,0.01,0.01,0.00,0.01,0.09,0.19
14.00,0.16,0.01,0.29,0.00,0.23,0.07,0.35,0.75,0.64,0.52,0.52,0.19,0.05,0.05,0.00,0.00,0.04,0.04,0.04,0.33,0.43,0.02,0.02,0.01,0.42,0.00,1.68,0.11,0.24,0.55,0.96,0.96,0.00,0.00,0.26,0.05,0.05,0.50,0.51,0.10,0.10,1.26,1.26,0.84,0.84,0.69,0.96,0.96,0.23,0.11,0.07,0.10,0.13,0.26,0.25,0.69,0.29,0.29,0.05,0.40,3.03,0.07,8.19,8.19,5.98,5.98,0.48,0.23,1.06,0.29,0.15,0.14,0.00,0.02,0.12,0.19,1.40,0.79,0.35,0.00,0.00,0.00,0.17,0.10,1.41,1.51,0.03,0.02,0.27,0.16,0.03,1.31,1.31,1.31,0.23,0.23,0.46,0.03,0.03,0.01,0.01,0.04,0.04,0.02,1.13,0.01,0.01,0.01,0.34,0.34,0.71,0.02,0.00,0.10,0.05,0.05,0.34,0.07,0.19,3.47,1.17,0.00,0.30,0.02,0.16,0.00,1.90,0.30,0.31,0.10,1.01,1.11,1.13,0.68,0.06,0.00,0.00,0.09,0.06,0.00,0.00,0.01,1.40,1.47,0.08,0.01,0.07,0.72,0.50,0.51,0.05,0.05,0.00,0.00,0.11,0.11,0.01,0.01,0.01,0.03,0.00,0.04,0.00,0.00,0.00,0.01,0.00,0.02,0.19,0.06,0.38,0.02,0.03,0.07,1.09,0.34,0.17,0.02,0.03,0.00,0.24,0.07,1.11,0.68,0.24,0.00,0.00,0.05,0.01,1.03,0.46,0.04,7.71,4.50,0.25,0.05,0.08,0.07,1.24,1.25,0.02,0.02,0.27,0.20,0.16,0.00,0.00,0.16,0.02,0.00,0.01,0.02,0.02,0.20,0.21,0.21,0.01,0.09,0.00,0.64,0.97,0.12,0.01,0.01,0.11,0.11,0.29,0.07,4.83,0.02,3.32,1.55,0.06,0.11,0.12,0.12,0.19,0.39,0.04,0.13,0.00,0.24,0.24,0.19,0.63,0.03,0.01,0.06,0.18,0.14,0.24,0.01,0.02,0.30,0.05,0.28,0.26,0.00,0.00,0.42,0.00,0.02,0.00,0.11,0.04,0.03,0.08,0.01,0.12,0.00,0.00,0.00,0.00,0.00,0.00,0.00,0.00,0.00,0.03,0.06,0.21,0.16,0.01,0.03,0.01,0.23,0.32,0.10,0.10,0.69,0.03,0.87,0.25,0.00,0.00,0.02,0.00,0.00,0.03,0.04,0.05,0.01,0.02,0.04,0.00,0.00,0.06,0.07,0.02,0.02,0.03,0.04,0.07,0.05,0.05,0.04,0.04,0.02,0.10,0.00,0.11,0.00,0.03,0.01,0.05,0.05,0.06,0.01,0.02,0.08,0.04,0.03,0.00,0.01,0.00,0.00,0.02,0.00,0.05,0.34,0.01,0.00,0.02,0.01,0.06,0.06,0.06,0.05,0.01,0.01,0.01,0.00,0.00,0.09,0.13
15.00,0.16,0.01,0.30,0.00,0.30,0.05,0.34,0.73,0.63,0.50,0.50,0.19,0.04,0.05,0.00,0.00,0.04,0.04,0.03,0.56,0.74,0.02,0.03,0.01,0.42,0.00,2.42,0.21,0.23,0.86,1.50,1.50,0.06,0.06,0.19,0.02,0.02,0.35,0.35,0.12,0.12,0.91,0.91,0.68,0.68,0.54,0.69,0.69,0.17,0.08,0.08,0.11,0.15,0.29,0.28,0.58,0.26,0.26,0.04,0.39,2.70,0.09,7.24,7.24,5.24,5.24,0.43,0.22,0.98,0.30,0.15,0.15,0.00,0.01,0.12,0.19,1.43,0.80,0.34,0.00,0.01,0.00,0.15,0.06,1.41,1.53,0.02,0.01,0.29,0.39,0.03,1.34,1.34,1.33,0.21,0.22,0.39,0.03,0.03,0.01,0.01,0.04,0.05,0.01,1.17,0.01,0.01,0.01,0.32,0.32,0.69,0.02,0.00,0.06,0.04,0.04,0.33,0.05,0.19,3.45,1.16,0.00,0.31,0.02,0.46,0.00,1.70,0.28,0.22,0.18,0.90,1.10,1.11,0.68,0.06,0.02,0.00,0.10,0.06,0.00,0.00,0.00,1.27,1.34,0.16,0.01,0.07,0.71,0.49,0.74,0.05,0.05,0.00,0.00,0.10,0.10,0.01,0.01,0.02,0.03,0.00,0.04,0.00,0.00,0.00,0.00,0.00,0.02,0.19,0.02,0.32,0.02,0.07,0.07,1.04,0.32,0.22,0.02,0.03,0.00,0.19,0.05,0.75,0.68,0.24,0.00,0.00,0.09,0.01,0.80,0.49,0.05,5.40,3.97,0.22,0.03,0.08,0.07,0.53,0.53,0.01,0.01,0.28,0.21,0.19,0.00,0.00,0.16,0.02,0.00,0.00,0.07,0.07,0.21,0.19,0.19,0.01,0.09,0.00,0.56,0.89,0.02,0.01,0.01,0.12,0.12,0.30,0.08,4.79,0.02,3.29,1.54,0.05,0.12,0.11,0.11,0.18,0.39,0.03,0.17,0.00,0.23,0.23,0.21,0.44,0.03,0.01,0.05,0.20,0.15,0.22,0.01,0.02,0.28,0.04,0.25,0.23,0.00,0.00,0.38,0.00,0.02,0.00,0.10,0.04,0.04,0.08,0.01,0.11,0.00,0.00,0.00,0.00,0.00,0.00,0.00,0.00,0.00,0.06,0.10,0.22,0.27,0.01,0.04,0.01,0.24,0.31,0.10,0.10,0.54,0.03,0.91,0.44,0.00,0.00,0.01,0.00,0.00,0.04,0.04,0.06,0.00,0.02,0.04,0.00,0.00,0.05,0.05,0.02,0.03,0.03,0.04,0.06,0.05,0.05,0.04,0.05,0.02,0.13,0.00,0.12,0.00,0.03,0.01,0.03,0.05,0.06,0.01,0.02,0.10,0.04,0.03,0.00,0.01,0.00,0.00,0.02,0.00,0.04,0.20,0.01,0.00,0.02,0.01,0.06,0.06,0.06,0.05,0.01,0.01,0.01,0.00,0.00,0.09,0.17
16.00,0.17,0.01,0.33,0.10,1.29,0.02,0.21,0.88,0.76,6.03,6.03,0.71,0.59,0.68,0.00,0.00,0.03,0.03,0.03,0.30,0.39,0.02,0.03,0.01,0.42,0.00,2.11,0.16,0.23,0.59,1.04,1.04,0.00,0.00,0.23,0.05,0.05,0.46,0.46,0.17,0.17,0.85,0.85,0.81,0.81,0.65,0.62,0.62,0.19,0.08,0.01,0.12,0.18,0.01,0.01,0.59,0.25,0.25,0.25,1.01,2.36,0.13,7.19,7.19,4.94,4.94,0.11,0.08,3.04,0.28,0.14,0.19,0.00,0.01,0.13,0.20,1.37,0.78,0.33,0.00,0.01,0.00,0.15,0.05,1.49,1.62,0.01,0.01,0.33,0.62,0.03,2.93,2.92,2.91,0.08,0.08,2.53,0.03,0.03,0.01,0.01,0.05,0.05,0.52,0.89,0.07,0.07,0.01,1.21,1.21,0.07,0.02,0.00,0.05,0.49,0.49,0.20,0.02,0.70,0.00,0.49,0.00,0.02,0.12,0.48,0.01,1.67,0.28,0.22,0.09,0.89,1.15,1.17,0.55,0.04,0.05,0.00,0.12,0.06,0.00,0.00,0.01,1.19,1.27,0.09,0.01,0.08,0.66,0.46,0.55,0.05,0.63,1.71,1.71,0.39,0.39,0.00,0.00,0.03,0.03,0.01,0.03,0.00,0.00,0.00,0.00,0.00,0.02,0.19,0.06,0.34,0.02,0.03,0.08,1.07,0.34,0.14,0.02,0.04,0.00,0.18,0.05,0.73,0.68,0.24,0.00,0.00,0.05,0.01,0.96,0.62,0.06,5.37,3.91,0.21,0.36,0.02,0.02,0.55,0.55,0.01,0.01,0.10,0.25,0.14,0.01,0.00,0.19,0.02,0.00,0.00,0.00,0.00,0.25,0.18,0.18,0.01,0.08,0.00,0.64,0.92,0.08,0.01,0.01,0.12,0.12,0.33,0.09,4.70,0.02,3.28,1.48,0.05,0.13,0.50,0.50,0.45,0.95,0.19,0.03,0.00,0.92,0.92,0.24,0.46,0.02,0.01,0.03,0.23,0.15,0.23,0.01,0.02,0.80,0.13,0.22,0.21,0.00,0.01,0.41,0.00,0.02,0.00,0.10,0.04,0.06,0.08,0.01,0.11,0.00,0.00,0.00,0.00,0.00,0.00,0.00,0.00,0.00,0.06,0.10,0.09,0.22,0.01,0.03,0.01,0.25,0.30,0.10,0.10,0.65,0.40,0.68,0.64,0.00,0.00,0.01,0.00,0.00,0.04,0.04,0.07,0.01,0.03,0.04,0.00,0.00,0.05,0.04,0.02,0.03,0.06,0.05,0.08,0.06,0.06,0.04,0.05,0.08,0.08,0.00,0.00,0.07,0.00,0.01,0.03,0.04,0.06,0.10,0.03,0.09,0.05,0.04,0.01,0.02,0.00,0.00,0.01,0.00,0.04,0.20,0.03,0.00,0.02,0.01,0.06,0.06,0.06,0.05,0.01,0.00,0.01,0.00,0.00,0.12,0.11
17.00,0.12,0.01,0.34,0.07,1.11,0.03,0.24,1.02,0.88,8.71,8.71,1.28,1.35,1.56,0.01,0.01,0.02,0.02,0.02,0.65,0.85,0.03,0.04,0.02,0.64,0.00,2.59,0.23,0.26,1.06,1.87,1.87,0.10,0.10,0.19,0.01,0.01,0.33,0.33,0.31,0.31,0.94,0.94,0.67,0.67,0.50,0.72,0.72,0.20,0.08,0.13,0.13,0.20,0.00,0.06,0.58,0.26,0.26,0.38,1.40,2.73,0.03,7.46,7.46,5.07,5.07,0.58,0.25,4.02,0.35,0.18,0.18,0.00,0.01,0.14,0.21,1.43,0.81,0.32,0.00,0.01,0.01,0.16,0.01,1.54,1.68,0.01,0.01,0.36,0.84,0.02,2.48,2.48,2.46,0.25,0.25,3.69,0.03,0.03,0.01,0.01,0.05,0.06,0.34,1.12,0.12,0.12,0.03,0.98,0.98,0.15,0.02,0.00,0.01,1.53,1.53,0.23,0.03,1.28,0.00,0.55,0.00,0.47,0.19,0.55,0.00,1.56,0.31,0.23,0.20,0.83,1.15,1.17,0.58,0.04,0.08,0.00,0.12,0.06,0.00,0.00,0.00,1.15,1.24,0.21,0.01,0.09,0.63,0.44,0.91,0.05,1.45,1.14,1.14,0.31,0.31,0.00,0.00,0.00,0.03,0.00,0.02,0.00,0.00,0.01,0.00,0.00,0.02,0.21,0.02,0.35,0.12,0.11,0.09,1.29,0.44,0.19,0.02,0.04,0.00,0.18,0.05,0.86,0.68,0.24,0.00,0.00,0.09,0.00,0.75,0.66,0.06,4.92,4.16,0.13,0.29,0.02,0.01,0.53,0.53,0.02,0.02,0.14,0.32,0.17,0.01,0.00,0.18,0.02,0.04,0.00,0.08,0.08,0.32,0.18,0.18,0.01,0.07,0.00,0.58,0.92,0.03,0.01,0.01,0.13,0.13,0.34,0.09,4.68,0.02,3.25,1.48,0.04,0.14,0.94,0.94,0.57,1.21,0.27,0.01,0.00,0.74,0.74,0.26,0.46,0.02,0.01,0.03,0.26,0.18,0.33,0.01,0.03,1.02,0.17,0.23,0.21,0.00,0.01,0.43,0.00,0.02,0.00,0.11,0.04,0.07,0.08,0.01,0.12,0.00,0.00,0.01,0.00,0.00,0.00,0.00,0.00,0.00,0.05,0.08,0.14,0.29,0.01,0.04,0.01,0.27,0.30,0.16,0.16,0.50,0.92,0.84,0.68,0.00,0.00,0.01,0.00,0.00,0.05,0.05,0.09,0.00,0.01,0.04,0.00,0.00,0.05,0.04,0.01,0.03,0.06,0.05,0.09,0.07,0.06,0.05,0.06,0.12,0.12,0.00,0.01,0.07,0.01,0.01,0.04,0.04,0.05,0.07,0.03,0.10,0.06,0.04,0.01,0.02,0.00,0.00,0.01,0.00,0.07,0.19,0.03,0.00,0.02,0.02,0.04,0.04,0.06,0.05,0.01,0.01,0.01,0.00,0.00,0.13,0.16
18.00,0.12,0.01,0.36,0.10,1.24,0.03,0.19,0.93,0.80,7.12,7.12,0.89,0.81,0.96,0.00,0.00,0.03,0.03,0.03,0.32,0.43,0.03,0.04,0.02,0.64,0.00,1.50,0.07,0.28,0.65,1.14,1.14,0.02,0.02,0.27,0.12,0.12,0.55,0.55,0.25,0.25,1.36,1.36,0.91,0.91,0.71,1.04,1.04,0.34,0.13,0.04,0.14,0.22,0.00,0.00,0.53,0.25,0.25,0.32,1.28,2.38,0.06,7.71,7.71,5.08,5.08,0.27,0.14,3.66,0.36,0.18,0.18,0.00,0.01,0.15,0.22,1.40,0.81,0.32,0.00,0.01,0.01,0.15,0.02,1.59,1.72,0.01,0.01,0.38,0.92,0.02,2.75,2.75,2.74,0.14,0.14,3.23,0.03,0.03,0.01,0.01,0.06,0.06,0.46,1.12,0.10,0.10,0.02,1.13,1.13,0.09,0.02,0.00,0.02,0.88,0.88,0.18,0.03,0.89,0.00,0.51,0.00,0.13,0.15,0.05,0.00,1.54,0.32,0.35,0.10,0.82,1.14,1.16,0.57,0.06,0.10,0.00,0.15,0.06,0.00,0.00,0.02,1.11,1.20,0.10,0.01,0.09,0.61,0.42,0.61,0.06,0.90,1.71,1.71,0.36,0.36,0.00,0.00,0.00,0.03,0.00,0.03,0.00,0.00,0.00,0.09,0.00,0.02,0.21,0.05,0.34,0.05,0.04,0.10,1.19,0.41,0.15,0.02,0.04,0.00,0.18,0.05,1.35,0.68,0.24,0.00,0.00,0.04,0.01,1.06,0.73,0.07,6.73,4.10,0.13,0.33,0.03,0.02,1.23,1.23,0.02,0.02,0.12,0.29,0.20,0.01,0.00,0.23,0.02,0.04,0.02,0.00,0.00,0.29,0.17,0.17,0.01,0.07,0.00,0.64,1.63,0.08,0.01,0.01,0.13,0.13,0.36,0.08,4.67,0.02,3.21,1.50,0.04,0.15,0.63,0.63,0.53,1.13,0.23,0.03,0.00,0.86,0.86,0.27,0.73,0.02,0.01,0.03,0.28,0.18,0.29,0.01,0.03,0.93,0.15,0.26,0.24,0.00,0.00,0.43,0.00,0.02,0.00,0.11,0.05,0.07,0.08,0.01,0.12,0.00,0.00,0.01,0.00,0.00,0.00,0.00,0.00,0.00,0.02,0.04,0.12,0.13,0.02,0.04,0.01,0.31,0.32,0.16,0.16,0.71,0.56,0.84,0.68,0.00,0.00,0.00,0.00,0.00,0.04,0.05,0.09,0.00,0.01,0.04,0.00,0.00,0.05,0.04,0.01,0.03,0.06,0.06,0.08,0.08,0.06,0.05,0.06,0.10,0.08,0.00,0.00,0.07,0.00,0.02,0.04,0.04,0.05,0.08,0.03,0.09,0.06,0.05,0.00,0.02,0.00,0.00,0.01,0.00,0.06,0.31,0.04,0.00,0.02,0.02,0.04,0.04,0.06,0.05,0.01,0.00,0.01,0.00,0.00,0.14,0.11
19.00,0.13,0.02,0.42,0.10,1.19,0.04,0.21,1.06,0.92,9.10,9.10,1.28,1.32,1.61,0.00,0.00,0.02,0.02,0.02,0.55,0.72,0.04,0.05,0.04,0.82,0.00,2.52,0.20,0.29,1.07,1.88,1.88,0.08,0.08,0.20,0.01,0.01,0.29,0.29,0.53,0.53,0.87,0.87,0.65,0.65,0.48,0.66,0.66,0.22,0.08,0.10,0.16,0.25,0.00,0.03,0.63,0.24,0.24,0.42,1.58,2.62,0.04,7.62,7.62,4.86,4.86,0.46,0.21,4.37,0.37,0.18,0.18,0.00,0.01,0.16,0.22,1.34,0.77,0.32,0.00,0.02,0.01,0.15,0.02,1.63,1.77,0.00,0.01,0.43,0.99,0.02,2.58,2.58,2.57,0.20,0.21,4.04,0.47,0.47,0.01,0.01,0.00,0.26,0.39,1.09,0.10,0.10,0.04,1.08,1.08,0.12,0.02,0.00,0.02,1.56,1.56,0.21,0.04,1.27,0.00,0.58,0.00,0.34,0.20,0.51,0.00,1.65,0.32,0.21,0.17,0.88,1.19,1.21,0.64,0.06,0.11,0.00,0.17,0.06,0.19,0.00,0.00,1.08,1.17,0.20,0.01,0.09,0.59,0.41,0.93,0.06,1.57,1.71,1.71,0.35,0.35,0.01,0.01,0.00,0.03,0.00,0.02,0.01,0.00,0.12,0.00,0.26,0.02,0.22,0.03,0.33,0.03,0.14,0.14,1.32,0.48,0.24,0.02,0.04,0.00,0.18,0.05,0.81,0.68,0.24,0.00,0.33,0.11,0.00,0.71,0.77,0.08,4.56,4.42,0.14,0.32,0.02,0.02,0.46,0.46,0.02,0.02,0.16,0.43,0.26,0.01,0.01,0.18,0.02,0.04,0.00,0.03,0.03,0.43,0.19,0.19,0.01,0.07,0.00,0.54,1.03,0.04,0.01,0.01,0.17,0.17,0.42,0.09,4.53,0.02,3.20,1.40,0.04,0.18,0.93,0.93,0.63,1.34,0.29,0.02,0.00,0.82,0.82,0.30,0.44,0.02,0.01,0.02,0.31,0.19,0.35,0.01,0.03,1.12,0.18,0.26,0.24,0.00,0.00,0.43,0.00,0.02,0.00,0.11,0.04,0.08,0.08,0.01,0.12,0.00,0.00,0.01,0.00,0.00,0.00,0.00,0.00,0.00,0.05,0.09,0.12,0.27,0.02,0.04,0.02,0.34,0.34,0.20,0.20,0.48,0.95,0.87,0.68,0.00,0.00,0.00,0.00,0.00,0.00,0.05,0.11,0.00,0.01,0.04,0.00,0.00,0.05,0.04,0.01,0.04,0.07,0.06,0.08,0.13,0.07,0.09,0.08,0.12,0.12,0.01,0.01,0.08,0.01,0.03,0.04,0.05,0.05,0.07,0.03,0.12,0.06,0.07,0.00,0.02,0.00,0.00,0.01,0.00,0.07,0.16,0.02,0.00,0.02,0.02,0.04,0.04,0.06,0.05,0.01,0.00,0.02,0.00,0.00,0.15,0.16
20.00,0.13,0.02,0.44,0.13,1.41,0.03,0.18,0.97,0.83,7.08,7.08,0.84,0.73,0.93,0.02,0.02,0.04,0.04,0.03,0.30,0.40,0.04,0.05,0.03,0.82,0.00,1.36,0.05,0.29,0.67,1.18,1.18,0.04,0.04,0.29,0.14,0.14,0.60,0.60,0.37,0.37,1.47,1.47,0.93,0.93,0.73,1.12,1.12,0.39,0.14,0.04,0.16,0.28,0.01,0.01,0.68,0.24,0.24,0.32,1.39,2.41,0.06,7.43,7.43,4.26,4.26,0.26,0.13,3.58,0.16,0.07,0.26,0.01,0.01,0.15,0.22,1.30,0.76,0.33,0.00,0.01,0.01,0.15,0.02,1.59,1.73,0.01,0.01,0.45,1.06,0.02,2.95,2.95,2.94,0.13,0.14,3.06,0.11,0.11,0.01,0.01,0.00,0.25,0.58,1.20,0.09,0.09,0.04,1.31,1.31,0.05,0.01,0.00,0.02,0.66,0.66,0.18,0.03,0.84,0.00,0.54,0.00,0.12,0.16,0.00,0.00,1.47,0.31,0.38,0.10,0.79,1.14,1.16,0.62,0.05,0.12,0.00,0.21,0.06,0.19,0.00,0.02,0.99,1.07,0.10,0.01,0.09,0.61,0.42,0.63,0.06,0.94,1.71,1.71,0.42,0.42,0.01,0.01,0.00,0.03,0.00,0.04,0.01,0.00,0.10,0.00,0.29,0.02,0.22,0.08,0.32,0.00,0.05,0.16,1.21,0.42,0.16,0.02,0.04,0.00,0.17,0.05,1.54,0.68,0.24,0.00,0.34,0.07,0.00,1.09,0.84,0.08,6.23,3.92,0.13,0.39,0.04,0.03,1.24,1.25,0.02,0.02,0.14,0.35,0.22,0.01,0.01,0.24,0.02,0.05,0.02,0.00,0.00,0.35,0.18,0.18,0.01,0.07,0.01,0.64,1.09,0.12,0.01,0.01,0.17,0.17,0.44,0.08,4.52,0.02,3.16,1.42,0.04,0.19,0.60,0.60,0.55,1.17,0.23,0.06,0.00,1.00,1.00,0.32,0.79,0.02,0.01,0.02,0.34,0.10,0.30,0.01,0.03,0.95,0.15,0.25,0.23,0.00,0.00,0.42,0.00,0.02,0.00,0.11,0.04,0.08,0.09,0.01,0.12,0.00,0.00,0.01,0.00,0.00,0.00,0.00,0.00,0.00,0.02,0.03,0.12,0.10,0.02,0.03,0.02,0.38,0.36,0.20,0.20,0.73,0.55,0.92,0.68,0.00,0.00,0.00,0.00,0.00,0.00,0.06,0.11,0.00,0.01,0.04,0.00,0.00,0.05,0.02,0.01,0.04,0.07,0.07,0.09,0.13,0.07,0.09,0.08,0.11,0.08,0.00,0.00,0.07,0.00,0.05,0.04,0.05,0.05,0.10,0.03,0.11,0.06,0.08,0.00,0.02,0.00,0.00,0.01,0.00,0.06,0.29,0.04,0.00,0.02,0.02,0.04,0.04,0.06,0.05,0.01,0.00,0.02,0.00,0.00,0.16,0.10
21.00,0.14,0.02,0.45,0.12,1.28,0.04,0.18,1.03,0.89,8.51,8.51,1.14,1.12,1.40,0.00,0.00,0.02,0.02,0.02,0.54,0.72,0.04,0.05,0.03,0.82,0.00,2.54,0.20,0.31,1.10,1.92,1.92,0.04,0.04,0.21,0.02,0.02,0.33,0.33,0.56,0.56,0.93,0.93,0.72,0.72,0.53,0.70,0.70,0.26,0.08,0.08,0.18,0.32,0.00,0.01,0.66,0.24,0.24,0.40,1.61,2.54,0.05,7.24,7.24,4.11,4.11,0.40,0.18,4.10,0.40,0.20,0.20,0.00,0.01,0.16,0.23,1.33,0.78,0.31,0.00,0.01,0.01,0.15,0.01,1.61,1.75,0.00,0.01,0.48,1.53,0.02,2.77,2.77,2.76,0.18,0.19,3.65,0.47,0.47,0.01,0.01,0.00,0.28,0.47,1.16,0.10,0.10,0.03,1.21,1.21,0.07,0.02,0.00,0.01,1.15,1.15,0.17,0.04,1.13,0.00,0.57,0.00,0.27,0.19,0.24,0.00,1.58,0.30,0.23,0.17,0.84,1.19,1.21,0.64,0.06,0.19,0.00,0.20,0.06,0.20,0.00,0.00,0.99,1.09,0.20,0.01,0.09,0.60,0.41,0.95,0.06,1.39,1.71,1.71,0.39,0.39,0.01,0.01,0.00,0.03,0.00,0.02,0.01,0.00,0.12,0.00,0.29,0.02,0.22,0.03,0.30,0.01,0.13,0.16,1.32,0.47,0.25,0.02,0.04,0.00,0.16,0.05,0.95,0.68,0.24,0.00,0.35,0.11,0.00,0.79,0.86,0.09,4.07,4.25,0.13,0.35,0.04,0.04,0.46,0.46,0.02,0.02,0.17,0.44,0.27,0.01,0.01,0.21,0.03,0.03,0.00,0.02,0.02,0.44,0.18,0.18,0.01,0.07,0.00,0.54,1.09,0.05,0.01,0.01,0.19,0.19,0.45,0.07,4.47,0.02,3.12,1.41,0.04,0.21,0.82,0.82,0.63,1.35,0.27,0.05,0.00,0.92,0.92,0.34,0.48,0.01,0.01,0.02,0.37,0.21,0.35,0.01,0.03,1.09,0.18,0.23,0.21,0.00,0.00,0.40,0.00,0.02,0.00,0.10,0.04,0.08,0.08,0.01,0.11,0.00,0.00,0.01,0.00,0.00,0.00,0.00,0.00,0.00,0.04,0.07,0.13,0.27,0.02,0.03,0.03,0.41,0.39,0.20,0.20,0.53,0.83,0.94,1.22,0.00,0.00,0.00,0.00,0.00,0.00,0.06,0.13,0.00,0.01,0.04,0.00,0.00,0.05,0.03,0.01,0.04,0.07,0.07,0.09,0.14,0.08,0.10,0.08,0.13,0.11,0.01,0.00,0.08,0.01,0.07,0.04,0.05,0.05,0.08,0.03,0.13,0.07,0.08,0.00,0.02,0.00,0.00,0.01,0.00,0.07,0.15,0.03,0.00,0.02,0.02,0.04,0.04,0.06,0.05,0.01,0.00,0.02,0.00,0.00,0.16,0.15
22.00,0.15,0.02,0.48,0.16,1.40,0.04,0.14,0.95,0.82,7.34,7.34,0.88,0.77,0.99,0.03,0.03,0.04,0.04,0.04,0.30,0.39,0.05,0.06,0.03,0.82,0.00,1.27,0.04,0.32,0.70,1.23,1.23,0.07,0.07,0.32,0.18,0.18,0.65,0.65,0.43,0.43,1.72,1.72,1.04,1.04,0.81,1.33,1.33,0.48,0.16,0.06,0.19,0.34,0.01,0.01,0.70,0.25,0.25,0.35,1.54,2.42,0.05,6.17,6.17,3.40,3.40,0.32,0.15,3.76,0.00,0.01,0.48,0.07,0.01,0.14,0.21,1.19,0.69,0.34,0.00,0.01,0.01,0.15,0.03,1.53,1.68,0.01,0.01,0.50,1.53,0.02,2.98,2.98,2.97,0.15,0.15,3.21,0.15,0.15,0.01,0.01,0.00,0.28,0.58,1.34,0.10,0.10,0.03,1.32,1.32,0.04,0.02,0.00,0.03,0.70,0.70,0.14,0.04,0.88,0.00,0.54,0.00,0.17,0.17,0.13,0.00,1.28,0.30,0.44,0.09,0.68,1.10,1.12,0.64,0.05,0.21,0.00,0.24,0.06,0.20,0.00,0.02,0.83,0.93,0.10,0.01,0.08,0.63,0.43,0.66,0.06,1.00,1.71,1.71,0.43,0.43,0.01,0.01,0.00,0.03,0.00,0.04,0.01,0.01,0.11,0.00,0.32,0.02,0.22,0.08,0.31,0.00,0.05,0.18,1.28,0.45,0.17,0.02,0.04,0.00,0.16,0.05,1.90,0.68,0.24,0.00,0.36,0.07,0.00,1.21,0.94,0.09,5.44,3.34,0.12,0.37,0.06,0.05,1.24,1.25,0.02,0.02,0.15,0.38,0.24,0.01,0.01,0.27,0.02,0.08,0.03,0.00,0.00,0.38,0.19,0.19,0.01,0.07,0.01,0.64,1.18,0.14,0.01,0.01,0.19,0.19,0.48,0.07,4.44,0.02,3.11,1.39,0.04,0.22,0.63,0.63,0.60,1.28,0.24,0.09,0.00,1.01,1.01,0.36,0.92,0.02,0.01,0.02,0.39,0.00,0.33,0.01,0.03,0.99,0.16,0.24,0.22,0.00,0.00,0.41,0.00,0.02,0.00,0.10,0.04,0.08,0.08,0.01,0.11,0.00,0.00,0.01,0.00,0.00,0.00,0.00,0.00,0.00,0.01,0.01,0.14,0.09,0.02,0.03,0.04,0.43,0.41,0.20,0.20,0.81,0.58,1.03,1.21,0.00,0.00,0.00,0.00,0.00,0.00,0.06,0.13,0.00,0.01,0.04,0.00,0.00,0.05,0.00,0.01,0.04,0.07,0.07,0.09,0.14,0.08,0.10,0.08,0.12,0.07,0.01,0.00,0.07,0.00,0.10,0.03,0.05,0.06,0.09,0.03,0.12,0.06,0.09,0.00,0.02,0.00,0.00,0.01,0.00,0.05,0.27,0.05,0.00,0.03,0.02,0.03,0.03,0.06,0.05,0.01,0.00,0.02,0.00,0.00,0.18,0.10
23.00,0.15,0.03,0.49,0.15,1.30,0.05,0.14,1.00,0.86,8.20,8.20,1.06,1.02,1.28,0.01,0.01,0.03,0.03,0.02,0.55,0.72,0.05,0.06,0.03,0.82,0.00,2.45,0.19,0.32,1.11,1.95,1.95,0.01,0.01,0.17,0.04,0.04,0.37,0.38,0.59,0.59,0.91,0.91,0.75,0.75,0.55,0.70,0.70,0.28,0.09,0.08,0.20,0.37,0.00,0.00,0.68,0.24,0.24,0.41,1.70,2.46,0.05,7.08,7.08,4.14,4.14,0.37,0.18,4.01,0.42,0.20,0.21,0.00,0.01,0.16,0.23,1.30,0.75,0.31,0.00,0.01,0.00,0.16,0.02,1.63,1.77,0.00,0.01,0.52,1.53,0.02,2.85,2.84,2.83,0.17,0.18,3.50,0.47,0.47,0.01,0.01,0.00,0.30,0.50,1.22,0.10,0.10,0.03,1.27,1.27,0.06,0.02,0.00,0.02,0.98,0.98,0.13,0.05,1.06,0.00,0.56,0.00,0.27,0.20,0.13,0.00,1.69,0.32,0.25,0.17,0.90,1.20,1.22,0.65,0.07,0.20,0.00,0.22,0.06,0.21,0.00,0.00,0.99,1.10,0.20,0.01,0.09,0.59,0.41,0.97,0.07,1.28,1.71,1.71,0.41,0.41,0.01,0.01,0.00,0.03,0.00,0.03,0.01,0.00,0.12,0.00,0.31,0.02,0.22,0.04,0.32,0.00,0.11,0.17,1.30,0.45,0.26,0.02,0.04,0.00,0.17,0.05,0.99,0.68,0.24,0.00,0.37,0.11,0.00,0.82,0.92,0.09,3.84,4.52,0.14,0.33,0.08,0.07,0.44,0.44,0.02,0.02,0.17,0.45,0.29,0.01,0.01,0.21,0.03,0.03,0.00,0.02,0.02,0.45,0.18,0.18,0.01,0.07,0.00,0.53,1.14,0.06,0.01,0.01,0.20,0.20,0.49,0.08,4.42,0.02,3.09,1.40,0.05,0.23,0.77,0.77,0.66,1.41,0.27,0.08,0.00,0.97,0.97,0.37,0.52,0.01,0.01,0.01,0.40,0.22,0.34,0.01,0.03,1.13,0.18,0.24,0.22,0.00,0.00,0.38,0.00,0.02,0.00,0.10,0.04,0.08,0.08,0.01,0.11,0.00,0.00,0.01,0.00,0.00,0.00,0.00,0.00,0.00,0.04,0.07,0.13,0.26,0.02,0.04,0.04,0.44,0.42,0.20,0.20,0.55,0.76,0.99,1.21,0.00,0.00,0.01,0.00,0.00,0.00,0.06,0.14,0.00,0.01,0.04,0.00,0.00,0.05,0.03,0.02,0.05,0.07,0.08,0.08,0.15,0.08,0.10,0.09,0.13,0.11,0.01,0.00,0.07,0.00,0.13,0.04,0.05,0.05,0.08,0.03,0.14,0.08,0.08,0.00,0.02,0.00,0.00,0.01,0.00,0.07,0.14,0.03,0.00,0.03,0.02,0.04,0.04,0.06,0.05,0.01,0.00,0.02,0.00,0.00,0.18,0.15
24.00,0.16,0.02,0.50,0.16,1.34,0.06,0.12,0.96,0.82,7.67,7.67,0.92,0.83,1.06,0.03,0.03,0.04,0.04,0.03,0.30,0.40,0.05,0.06,0.02,0.82,0.00,1.21,0.04,0.32,0.71,1.24,1.24,0.11,0.11,0.27,0.23,0.23,0.70,0.70,0.50,0.50,1.72,1.72,1.07,1.07,0.84,1.35,1.35,0.53,0.17,0.07,0.20,0.39,0.00,0.01,0.73,0.25,0.25,0.41,1.72,2.59,0.05,6.04,6.04,3.45,3.45,0.37,0.17,3.97,0.00,0.01,0.46,0.07,0.01,0.14,0.21,1.18,0.68,0.34,0.00,0.01,0.01,0.16,0.04,1.55,1.70,0.01,0.01,0.54,1.53,0.02,2.96,2.96,2.95,0.17,0.17,3.44,0.20,0.20,0.02,0.02,0.00,0.31,0.55,1.39,0.11,0.11,0.03,1.36,1.36,0.04,0.01,0.00,0.04,0.79,0.79,0.11,0.06,0.92,0.00,0.54,0.00,0.22,0.20,0.23,0.00,1.37,0.31,0.47,0.10,0.73,1.10,1.12,0.64,0.06,0.20,0.00,0.24,0.07,0.21,0.00,0.02,0.84,0.92,0.10,0.01,0.09,0.61,0.42,0.67,0.07,1.07,1.71,1.71,0.44,0.44,0.01,0.01,0.00,0.03,0.00,0.04,0.01,0.01,0.12,0.00,0.34,0.02,0.22,0.08,0.34,0.00,0.05,0.18,1.32,0.45,0.18,0.02,0.04,0.00,0.18,0.05,1.97,0.68,0.24,0.00,0.38,0.07,0.00,1.24,0.99,0.10,5.24,3.60,0.14,0.36,0.09,0.08,1.24,1.25,0.02,0.02,0.16,0.41,0.26,0.01,0.01,0.28,0.03,0.08,0.03,0.00,0.00,0.41,0.19,0.19,0.01,0.08,0.01,0.64,1.20,0.16,0.01,0.01,0.20,0.20,0.50,0.07,4.45,0.02,3.06,1.43,0.05,0.23,0.66,0.66,0.65,1.39,0.27,0.09,0.00,1.04,1.04,0.38,0.97,0.02,0.01,0.02,0.41,0.00,0.35,0.01,0.03,1.11,0.18,0.25,0.23,0.00,0.01,0.41,0.00,0.02,0.00,0.11,0.05,0.08,0.08,0.01,0.12,0.00,0.00,0.01,0.00,0.00,0.00,0.00,0.00,0.00,0.01,0.01,0.14,0.09,0.02,0.04,0.05,0.46,0.43,0.20,0.20,0.84,0.62,1.08,1.21,0.00,0.00,0.01,0.00,0.00,0.00,0.06,0.14,0.00,0.01,0.05,0.00,0.00,0.05,0.00,0.02,0.05,0.07,0.08,0.09,0.15,0.09,0.10,0.09,0.13,0.07,0.01,0.00,0.07,0.00,0.16,0.04,0.05,0.06,0.08,0.03,0.13,0.07,0.09,0.00,0.02,0.01,0.00,0.01,0.00,0.05,0.26,0.05,0.00,0.03,0.02,0.03,0.04,0.06,0.05,0.01,0.00,0.02,0.00,0.00,0.19,0.10
25.00,0.16,0.02,0.51,0.16,1.27,0.07,0.11,0.97,0.83,8.08,8.08,1.03,0.96,1.22,0.01,0.01,0.03,0.03,0.03,0.56,0.73,0.05,0.06,0.03,0.82,0.00,2.30,0.18,0.33,1.13,1.98,1.98,0.00,0.00,0.18,0.06,0.06,0.41,0.41,0.64,0.64,0.98,0.98,0.77,0.77,0.57,0.76,0.76,0.32,0.10,0.07,0.20,0.40,0.00,0.00,0.69,0.25,0.25,0.42,1.77,2.72,0.07,6.94,6.94,4.06,4.06,0.36,0.17,4.04,0.41,0.20,0.19,0.00,0.01,0.15,0.23,1.35,0.77,0.32,0.00,0.01,0.01,0.15,0.02,1.61,1.75,0.00,0.01,0.55,1.53,0.02,2.88,2.88,2.87,0.17,0.18,3.51,0.47,0.47,0.02,0.02,0.00,0.32,0.49,1.28,0.11,0.11,0.03,1.29,1.29,0.05,0.02,0.00,0.02,0.94,0.94,0.11,0.07,1.02,0.00,0.55,0.00,0.25,0.20,0.04,0.00,1.73,0.32,0.28,0.18,0.92,1.19,1.21,0.65,0.07,0.20,0.00,0.23,0.06,0.23,0.00,0.00,0.99,1.08,0.21,0.01,0.09,0.59,0.41,0.99,0.07,1.23,1.71,1.71,0.42,0.42,0.01,0.01,0.00,0.03,0.00,0.03,0.01,0.01,0.13,0.00,0.34,0.02,0.22,0.04,0.34,0.00,0.11,0.18,1.32,0.43,0.25,0.02,0.04,0.00,0.17,0.05,1.10,0.68,0.24,0.00,0.40,0.10,0.00,0.85,0.95,0.10,3.76,4.65,0.15,0.33,0.09,0.08,0.48,0.49,0.03,0.03,0.18,0.47,0.30,0.01,0.01,0.22,0.03,0.03,0.00,0.02,0.02,0.47,0.20,0.20,0.01,0.07,0.00,0.53,1.15,0.07,0.01,0.01,0.20,0.20,0.51,0.06,4.45,0.02,3.07,1.42,0.05,0.23,0.74,0.74,0.67,1.41,0.27,0.09,0.00,0.98,0.98,0.39,0.57,0.02,0.01,0.02,0.41,0.22,0.35,0.01,0.03,1.12,0.18,0.25,0.23,0.00,0.00,0.44,0.00,0.02,0.00,0.12,0.05,0.09,0.08,0.01,0.12,0.00,0.00,0.01,0.00,0.00,0.00,0.00,0.00,0.00,0.04,0.06,0.14,0.24,0.03,0.04,0.06,0.47,0.44,0.20,0.20,0.57,0.72,1.03,1.22,0.00,0.00,0.00,0.00,0.00,0.00,0.07,0.14,0.00,0.02,0.05,0.00,0.00,0.05,0.04,0.02,0.05,0.07,0.08,0.08,0.16,0.09,0.11,0.09,0.13,0.11,0.01,0.00,0.07,0.00,0.19,0.05,0.05,0.05,0.07,0.03,0.14,0.08,0.09,0.00,0.02,0.00,0.00,0.01,0.00,0.07,0.14,0.03,0.00,0.03,0.02,0.04,0.04,0.07,0.06,0.01,0.00,0.02,0.00,0.00,0.18,0.15
26.00,0.16,0.02,0.50,0.17,1.27,0.07,0.10,0.91,0.79,7.01,7.01,0.84,0.71,0.92,0.03,0.03,0.03,0.03,0.03,0.27,0.35,0.05,0.06,0.03,0.82,0.00,1.27,0.04,0.31,0.70,1.24,1.24,0.10,0.10,0.25,0.19,0.19,0.58,0.59,0.55,0.55,1.48,1.48,0.98,0.98,0.76,1.16,1.16,0.47,0.15,0.06,0.20,0.39,0.01,0.01,0.71,0.24,0.24,0.38,1.65,2.65,0.07,5.58,5.58,3.18,3.18,0.30,0.15,3.76,0.00,0.01,0.43,0.06,0.01,0.14,0.21,1.26,0.72,0.34,0.00,0.01,0.01,0.16,0.03,1.51,1.67,0.01,0.01,0.55,1.53,0.02,2.92,2.92,2.91,0.15,0.15,3.18,0.47,0.47,0.02,0.02,0.00,0.32,0.51,1.33,0.10,0.10,0.03,1.31,1.31,0.05,0.01,0.00,0.03,0.67,0.67,0.09,0.07,0.83,0.00,0.52,0.00,0.17,0.18,0.18,0.00,1.35,0.30,0.41,0.08,0.72,1.10,1.12,0.63,0.06,0.20,0.00,0.25,0.07,0.22,0.00,0.02,0.82,0.89,0.10,0.01,0.08,0.63,0.43,0.67,0.07,0.94,1.71,1.71,0.42,0.42,0.01,0.01,0.00,0.03,0.00,0.03,0.01,0.01,0.12,0.00,0.36,0.02,0.23,0.09,0.33,0.00,0.05,0.18,1.28,0.41,0.19,0.02,0.04,0.00,0.17,0.05,1.71,0.68,0.24,0.00,0.40,0.06,0.00,1.14,0.99,0.10,3.99,3.55,0.13,0.33,0.09,0.08,0.79,0.80,0.02,0.02,0.16,0.44,0.28,0.01,0.01,0.27,0.03,0.07,0.01,0.01,0.01,0.44,0.18,0.18,0.01,0.08,0.01,0.53,1.17,0.16,0.01,0.01,0.20,0.20,0.50,0.06,4.48,0.02,3.08,1.44,0.04,0.22,0.60,0.60,0.62,1.31,0.24,0.11,0.00,0.99,0.99,0.39,0.85,0.02,0.01,0.03,0.40,0.01,0.33,0.01,0.03,1.04,0.17,0.25,0.23,0.00,0.00,0.44,0.00,0.02,0.00,0.11,0.05,0.09,0.09,0.01,0.12,0.00,0.00,0.01,0.00,0.00,0.00,0.00,0.00,0.00,0.01,0.02,0.14,0.09,0.04,0.04,0.06,0.48,0.46,0.20,0.20,0.77,0.55,1.06,1.24,0.00,0.00,0.00,0.00,0.00,0.00,0.07,0.14,0.00,0.02,0.05,0.00,0.00,0.05,0.00,0.02,0.05,0.07,0.08,0.08,0.16,0.09,0.11,0.09,0.13,0.07,0.01,0.00,0.07,0.00,0.23,0.04,0.05,0.06,0.08,0.03,0.13,0.07,0.09,0.00,0.02,0.01,0.00,0.01,0.00,0.05,0.19,0.04,0.00,0.03,0.02,0.03,0.04,0.05,0.05,0.01,0.00,0.02,0.00,0.00,0.19,0.10
27.00,0.15,0.01,0.46,0.13,1.03,0.08,0.10,0.97,0.83,8.62,8.62,1.17,1.14,1.44,0.02,0.02,0.03,0.03,0.03,0.70,0.92,0.05,0.06,0.03,0.82,0.00,1.88,0.12,0.33,1.17,2.05,2.05,0.00,0.00,0.17,0.17,0.17,0.61,0.61,0.58,0.58,1.26,1.26,0.83,0.83,0.63,1.01,1.01,0.43,0.14,0.08,0.20,0.35,0.01,0.01,0.70,0.26,0.26,0.52,1.97,2.55,0.05,6.51,6.51,3.82,3.82,0.35,0.40,4.83,0.41,0.20,0.19,0.00,0.01,0.15,0.22,1.38,0.79,0.32,0.00,0.01,0.01,0.16,0.01,1.59,1.73,0.00,0.01,0.53,1.53,0.02,2.49,2.49,2.48,0.39,0.40,4.54,0.03,0.03,0.02,0.02,0.00,0.32,0.32,1.54,0.14,0.14,0.03,1.01,1.01,0.13,0.02,0.00,0.01,1.68,1.68,0.10,0.08,1.17,0.00,0.54,0.00,0.25,0.25,0.03,0.01,1.63,0.29,0.38,0.22,0.87,1.17,1.19,0.61,0.05,0.21,0.00,0.23,0.06,0.23,0.00,0.00,0.96,1.04,0.22,0.01,0.09,0.60,0.42,1.02,0.07,1.44,1.01,1.01,0.32,0.32,0.01,0.01,0.00,0.03,0.01,0.03,0.01,0.02,0.13,0.00,0.35,0.02,0.23,0.03,0.30,0.00,0.12,0.18,1.44,0.50,0.22,0.02,0.04,0.28,0.15,0.04,1.48,0.68,1.04,0.00,0.41,0.10,0.00,0.93,0.96,0.10,4.00,4.39,0.13,0.23,0.06,0.06,0.70,0.70,0.02,0.02,0.18,0.45,0.25,0.01,0.01,0.22,0.03,0.03,0.01,0.06,0.06,0.45,0.17,0.17,0.01,0.07,0.01,0.58,1.14,0.08,0.01,0.01,0.17,0.17,0.46,0.06,4.52,0.02,3.12,1.45,0.04,0.21,0.85,0.85,0.71,1.51,0.32,0.05,0.00,0.76,0.76,0.38,0.78,0.02,0.01,0.02,0.37,0.22,0.41,0.01,0.03,1.18,0.20,0.21,0.19,0.00,0.00,0.40,0.00,0.02,0.00,0.10,0.04,0.09,0.08,0.01,0.11,0.00,0.00,0.01,0.00,0.00,0.00,0.00,0.00,0.00,0.02,0.03,0.18,0.18,0.04,0.04,0.07,0.49,0.48,0.20,0.20,0.63,0.85,1.16,1.26,0.00,0.00,0.00,0.00,0.00,0.00,0.07,0.14,0.00,0.01,0.05,0.00,0.00,0.04,0.03,0.01,0.05,0.07,0.08,0.08,0.16,0.09,0.11,0.09,0.15,0.11,0.01,0.01,0.07,0.00,0.25,0.04,0.05,0.05,0.06,0.03,0.14,0.08,0.09,0.00,0.02,0.00,0.00,0.01,0.00,0.07,0.18,0.05,0.00,0.03,0.02,0.04,0.04,0.05,0.04,0.01,0.00,0.02,0.00,0.00,0.18,0.15
28.00,0.14,0.01,0.45,0.15,1.14,0.07,0.08,0.87,0.75,6.90,6.90,0.77,0.62,0.82,0.04,0.04,0.04,0.04,0.04,0.33,0.44,0.05,0.06,0.04,0.82,0.00,1.11,0.03,0.31,0.70,1.23,1.23,0.17,0.17,0.24,0.31,0.31,0.80,0.80,0.47,0.47,1.38,1.38,0.96,0.96,0.74,1.07,1.07,0.48,0.16,0.01,0.20,0.35,0.00,0.02,0.73,0.24,0.24,0.44,1.74,2.15,0.10,7.06,7.06,4.17,4.17,0.07,0.21,4.36,0.41,0.20,0.20,0.00,0.01,0.15,0.22,1.32,0.76,0.33,0.00,0.01,0.01,0.15,0.03,1.61,1.75,0.00,0.01,0.53,1.47,0.02,2.74,2.73,2.72,0.21,0.22,3.95,0.07,0.07,0.02,0.02,0.00,0.31,0.43,1.35,0.10,0.10,0.04,1.14,1.14,0.08,0.02,0.00,0.03,0.97,0.97,0.08,0.07,0.77,0.00,0.49,0.00,0.01,0.21,0.13,0.01,1.72,0.32,0.44,0.11,0.92,1.18,1.20,0.57,0.06,0.19,0.00,0.25,0.06,0.22,0.00,0.02,1.00,1.09,0.10,0.01,0.09,0.60,0.41,0.66,0.07,0.84,1.71,1.71,0.37,0.37,0.01,0.01,0.00,0.03,0.01,0.04,0.01,0.02,0.11,0.00,0.35,0.02,0.22,0.08,0.34,0.01,0.06,0.18,1.26,0.41,0.18,0.02,0.04,0.28,0.17,0.05,1.60,0.68,1.05,0.00,0.39,0.06,0.00,1.10,0.96,0.10,5.12,4.63,0.15,0.27,0.07,0.06,1.05,1.06,0.02,0.02,0.15,0.40,0.25,0.01,0.01,0.25,0.03,0.03,0.02,0.00,0.00,0.40,0.20,0.20,0.01,0.07,0.01,0.64,1.12,0.17,0.01,0.01,0.18,0.18,0.45,0.05,4.52,0.02,3.14,1.43,0.04,0.20,0.55,0.55,0.64,1.35,0.26,0.08,0.00,0.87,0.87,0.38,0.91,0.02,0.01,0.02,0.37,0.22,0.33,0.01,0.04,1.08,0.18,0.26,0.23,0.00,0.00,0.43,0.00,0.02,0.00,0.11,0.05,0.09,0.08,0.01,0.12,0.00,0.00,0.01,0.00,0.00,0.00,0.00,0.00,0.00,0.02,0.03,0.14,0.07,0.04,0.04,0.07,0.50,0.49,0.20,0.20,0.74,0.48,1.04,1.28,0.00,0.00,0.00,0.00,0.00,0.00,0.07,0.13,0.00,0.02,0.05,0.00,0.00,0.05,0.03,0.02,0.05,0.08,0.08,0.07,0.15,0.09,0.10,0.09,0.12,0.07,0.01,0.00,0.07,0.00,0.26,0.05,0.04,0.05,0.07,0.03,0.12,0.06,0.09,0.00,0.02,0.01,0.00,0.01,0.00,0.07,0.24,0.05,0.00,0.03,0.02,0.04,0.04,0.06,0.05,0.01,0.00,0.02,0.00,0.00,0.18,0.10
29.00,0.14,0.01,0.43,0.13,0.93,0.07,0.08,0.91,0.78,8.01,8.01,1.12,1.06,1.35,0.02,0.02,0.03,0.03,0.03,0.68,0.90,0.05,0.06,0.04,0.82,0.00,1.82,0.12,0.32,1.16,2.04,2.04,0.00,0.00,0.17,0.12,0.12,0.57,0.58,0.54,0.54,1.16,1.16,0.75,0.75,0.55,0.92,0.92,0.37,0.13,0.09,0.19,0.34,0.00,0.02,0.68,0.25,0.25,0.46,1.77,2.59,0.05,7.48,7.48,4.26,4.26,0.38,0.41,4.45,0.40,0.19,0.18,0.00,0.01,0.15,0.22,1.33,0.79,0.32,0.00,0.01,0.01,0.16,0.03,1.61,1.75,0.01,0.01,0.52,0.80,0.02,2.39,2.39,2.38,0.41,0.42,4.06,0.03,0.03,0.02,0.02,0.00,0.31,0.28,1.45,0.12,0.12,0.04,0.93,0.93,0.16,0.02,0.00,0.03,1.50,1.50,0.08,0.07,1.11,0.00,0.50,0.00,0.29,0.22,0.00,0.01,1.93,0.33,0.34,0.22,1.03,1.19,1.21,0.56,0.06,0.08,0.00,0.23,0.06,0.22,0.00,0.00,1.02,1.10,0.22,0.01,0.09,0.59,0.41,1.01,0.07,1.35,0.78,0.78,0.30,0.30,0.01,0.01,0.00,0.03,0.01,0.03,0.01,0.01,0.13,0.00,0.33,0.03,0.22,0.03,0.36,0.00,0.12,0.18,1.45,0.51,0.21,0.02,0.04,0.28,0.19,0.05,1.35,0.68,1.05,0.00,0.39,0.09,0.00,0.82,0.92,0.10,4.24,5.22,0.17,0.19,0.07,0.06,0.70,0.70,0.03,0.03,0.17,0.43,0.24,0.01,0.01,0.22,0.03,0.02,0.01,0.06,0.06,0.43,0.19,0.19,0.01,0.07,0.01,0.64,1.09,0.07,0.01,0.01,0.16,0.16,0.43,0.05,4.52,0.02,3.13,1.44,0.05,0.20,0.81,0.81,0.65,1.39,0.28,0.06,0.00,0.71,0.71,0.37,0.71,0.02,0.01,0.02,0.37,0.21,0.42,0.01,0.04,1.13,0.18,0.27,0.25,0.00,0.00,0.45,0.00,0.02,0.00,0.12,0.05,0.08,0.08,0.01,0.13,0.00,0.00,0.01,0.00,0.00,0.00,0.00,0.00,0.00,0.02,0.04,0.16,0.17,0.04,0.05,0.07,0.50,0.50,0.20,0.20,0.55,0.80,1.09,0.69,0.00,0.00,0.01,0.00,0.00,0.00,0.06,0.13,0.00,0.01,0.05,0.00,0.00,0.06,0.05,0.02,0.05,0.07,0.08,0.06,0.15,0.09,0.10,0.09,0.14,0.11,0.01,0.01,0.07,0.00,0.27,0.06,0.04,0.05,0.05,0.03,0.13,0.07,0.09,0.00,0.02,0.00,0.00,0.02,0.00,0.08,0.18,0.05,0.00,0.03,0.02,0.05,0.05,0.05,0.04,0.01,0.00,0.02,0.00,0.00,0.18,0.15
30.00,0.14,0.01,0.42,0.15,1.09,0.06,0.07,0.80,0.69,6.08,6.08,0.67,0.50,0.66,0.04,0.04,0.04,0.04,0.04,0.34,0.45,0.04,0.05,0.04,0.82,0.00,1.20,0.04,0.33,0.69,1.21,1.21,0.16,0.16,0.24,0.30,0.30,0.80,0.80,0.39,0.39,1.28,1.28,0.95,0.95,0.73,0.99,0.99,0.44,0.15,0.00,0.20,0.35,0.00,0.03,0.72,0.25,0.25,0.38,1.59,1.98,0.10,8.10,8.10,4.66,4.66,0.04,0.18,4.01,0.40,0.19,0.18,0.00,0.01,0.16,0.23,1.30,0.74,0.33,0.00,0.01,0.01,0.16,0.04,1.64,1.77,0.00,0.01,0.52,0.69,0.02,2.75,2.75,2.74,0.18,0.19,3.50,0.03,0.03,0.01,0.01,0.00,0.29,0.43,1.29,0.09,0.09,0.04,1.14,1.14,0.08,0.01,0.00,0.04,0.72,0.72,0.07,0.06,0.66,0.00,0.45,0.00,0.00,0.18,0.05,0.00,2.02,0.33,0.41,0.11,1.07,1.20,1.22,0.53,0.06,0.06,0.00,0.23,0.06,0.21,0.00,0.02,1.07,1.16,0.10,0.01,0.09,0.59,0.40,0.65,0.07,0.69,1.71,1.71,0.37,0.37,0.01,0.01,0.00,0.03,0.00,0.04,0.01,0.01,0.10,0.00,0.34,0.03,0.22,0.08,0.38,0.01,0.04,0.18,1.22,0.39,0.17,0.02,0.04,0.28,0.20,0.06,1.49,0.68,1.06,0.00,0.37,0.05,0.00,1.08,0.92,0.09,5.67,5.44,0.18,0.25,0.08,0.07,1.16,1.16,0.03,0.03,0.14,0.36,0.23,0.01,0.01,0.26,0.03,0.02,0.02,0.00,0.00,0.36,0.19,0.19,0.01,0.07,0.01,0.64,1.13,0.16,0.01,0.01,0.17,0.17,0.42,0.05,4.45,0.02,3.15,1.37,0.06,0.21,0.47,0.47,0.59,1.25,0.24,0.09,0.00,0.87,0.87,0.37,0.85,0.02,0.01,0.02,0.39,0.21,0.30,0.01,0.04,1.00,0.16,0.27,0.24,0.00,0.01,0.45,0.00,0.02,0.00,0.12,0.05,0.07,0.08,0.01,0.13,0.00,0.00,0.01,0.00,0.00,0.00,0.00,0.00,0.00,0.02,0.03,0.13,0.08,0.04,0.04,0.07,0.50,0.50,0.20,0.20,0.73,0.39,0.99,0.69,0.00,0.00,0.01,0.00,0.00,0.00,0.06,0.12,0.00,0.02,0.05,0.00,0.00,0.06,0.06,0.02,0.05,0.08,0.08,0.07,0.15,0.08,0.10,0.08,0.11,0.07,0.01,0.00,0.06,0.00,0.27,0.07,0.04,0.05,0.07,0.03,0.12,0.06,0.09,0.00,0.02,0.00,0.00,0.02,0.00,0.08,0.26,0.05,0.00,0.03,0.02,0.05,0.05,0.06,0.05,0.01,0.00,0.02,0.00,0.00,0.18,0.10
31.00,0.15,0.01,0.41,0.12,0.94,0.07,0.08,0.89,0.76,7.59,7.59,0.97,0.88,1.10,0.02,0.02,0.03,0.03,0.03,0.67,0.88,0.04,0.05,0.04,0.82,0.00,2.21,0.17,0.30,1.12,1.96,1.96,0.00,0.00,0.16,0.12,0.12,0.57,0.57,0.48,0.48,0.84,0.84,0.73,0.73,0.53,0.65,0.65,0.29,0.10,0.02,0.20,0.34,0.00,0.00,0.68,0.25,0.25,0.47,1.79,2.07,0.07,8.05,8.05,4.69,4.69,0.11,0.25,4.69,0.40,0.19,0.18,0.00,0.01,0.16,0.24,1.25,0.72,0.33,0.00,0.00,0.00,0.16,0.05,1.65,1.77,0.00,0.02,0.52,0.56,0.02,2.42,2.42,2.41,0.25,0.25,4.34,0.03,0.03,0.01,0.01,0.00,0.29,0.30,1.31,0.11,0.11,0.04,0.97,0.97,0.14,0.02,0.00,0.05,1.43,1.43,0.08,0.07,0.97,0.00,0.49,0.00,0.04,0.22,0.08,0.01,2.16,0.33,0.27,0.21,1.15,1.22,1.24,0.54,0.06,0.05,0.00,0.21,0.06,0.20,0.00,0.00,1.10,1.18,0.21,0.01,0.08,0.59,0.41,0.97,0.06,1.10,1.71,1.71,0.31,0.31,0.01,0.01,0.01,0.03,0.01,0.03,0.01,0.01,0.11,0.00,0.30,0.03,0.22,0.03,0.38,0.00,0.10,0.17,1.30,0.43,0.21,0.02,0.03,0.29,0.21,0.06,0.96,0.68,1.06,0.00,0.35,0.09,0.00,0.79,0.87,0.09,4.03,5.84,0.21,0.21,0.07,0.06,0.49,0.50,0.03,0.03,0.16,0.41,0.24,0.01,0.01,0.23,0.03,0.02,0.00,0.06,0.06,0.41,0.16,0.16,0.01,0.07,0.00,0.64,1.09,0.07,0.01,0.01,0.16,0.16,0.41,0.05,4.45,0.02,3.14,1.38,0.06,0.21,0.70,0.70,0.67,1.40,0.29,0.06,0.00,0.74,0.74,0.37,0.56,0.02,0.01,0.02,0.39,0.21,0.34,0.01,0.03,1.14,0.18,0.27,0.25,0.00,0.01,0.44,0.00,0.02,0.00,0.12,0.05,0.06,0.08,0.01,0.13,0.00,0.00,0.02,0.00,0.00,0.00,0.00,0.00,0.00,0.04,0.07,0.14,0.22,0.04,0.04,0.08,0.50,0.50,0.20,0.20,0.53,0.65,1.00,0.66,0.00,0.00,0.01,0.00,0.00,0.00,0.06,0.12,0.00,0.02,0.05,0.00,0.00,0.06,0.07,0.03,0.05,0.08,0.08,0.09,0.15,0.08,0.10,0.08,0.13,0.11,0.01,0.01,0.07,0.00,0.28,0.08,0.04,0.05,0.06,0.03,0.13,0.07,0.08,0.00,0.02,0.00,0.00,0.02,0.00,0.09,0.15,0.04,0.00,0.02,0.02,0.05,0.05,0.05,0.05,0.01,0.00,0.02,0.00,0.00,0.17,0.15
32.00,0.21,0.01,0.43,0.15,1.09,0.06,0.07,0.80,0.69,6.09,6.09,0.66,0.49,0.64,0.04,0.04,0.04,0.04,0.04,0.33,0.43,0.04,0.05,0.04,0.82,0.00,1.25,0.05,0.31,0.67,1.18,1.18,0.12,0.12,0.23,0.25,0.25,0.74,0.74,0.39,0.39,1.16,1.16,0.90,0.90,0.67,0.89,0.89,0.40,0.13,0.00,0.19,0.35,0.00,0.04,0.70,0.25,0.25,0.36,1.53,1.86,0.10,9.21,9.21,5.61,5.61,0.03,0.17,3.88,0.40,0.19,0.16,0.00,0.02,0.18,0.27,1.20,0.68,0.34,0.00,0.00,0.00,0.17,0.10,1.69,1.79,0.00,0.03,0.52,0.29,0.02,2.80,2.80,2.78,0.17,0.17,3.35,0.06,0.06,0.01,0.01,0.00,0.28,0.45,1.19,0.08,0.08,0.04,1.18,1.18,0.07,0.01,0.00,0.10,0.65,0.65,0.06,0.06,0.66,0.00,0.45,0.00,0.00,0.17,0.00,0.01,2.46,0.35,0.37,0.10,1.31,1.21,1.23,0.53,0.06,0.01,0.00,0.22,0.07,0.19,0.00,0.02,1.21,1.30,0.10,0.01,0.08,0.60,0.41,0.64,0.07,0.66,1.71,1.71,0.38,0.38,0.01,0.01,0.02,0.02,0.01,0.04,0.01,0.01,0.10,0.00,0.31,0.03,0.22,0.07,0.41,0.01,0.04,0.17,1.19,0.37,0.17,0.02,0.03,0.28,0.25,0.07,1.33,0.68,1.05,0.00,0.34,0.05,0.00,1.00,0.87,0.09,6.33,6.65,0.25,0.27,0.08,0.07,1.24,1.25,0.03,0.03,0.13,0.36,0.23,0.01,0.01,0.26,0.03,0.02,0.02,0.00,0.00,0.36,0.17,0.17,0.01,0.08,0.01,0.64,1.10,0.15,0.01,0.01,0.17,0.17,0.43,0.04,4.48,0.02,3.14,1.41,0.08,0.21,0.47,0.47,0.58,1.22,0.23,0.08,0.00,0.90,0.90,0.37,0.76,0.02,0.01,0.02,0.38,0.21,0.29,0.01,0.03,0.97,0.16,0.29,0.26,0.00,0.01,0.42,0.00,0.02,0.00,0.12,0.05,0.05,0.08,0.01,0.13,0.00,0.00,0.02,0.00,0.00,0.00,0.00,0.00,0.00,0.02,0.04,0.12,0.09,0.04,0.04,0.08,0.50,0.50,0.20,0.20,0.68,0.38,0.92,0.44,0.00,0.00,0.03,0.00,0.00,0.00,0.06,0.12,0.00,0.02,0.05,0.00,0.00,0.07,0.09,0.03,0.05,0.08,0.08,0.07,0.14,0.08,0.10,0.08,0.10,0.08,0.01,0.00,0.06,0.00,0.29,0.11,0.04,0.05,0.07,0.02,0.12,0.06,0.08,0.00,0.02,0.00,0.00,0.02,0.00,0.09,0.29,0.04,0.00,0.03,0.02,0.05,0.05,0.05,0.05,0.01,0.00,0.02,0.00,0.00,0.17,0.10
33.00,0.23,0.02,0.48,0.13,1.01,0.08,0.10,0.93,0.80,7.77,7.77,1.00,0.93,1.16,0.00,0.00,0.02,0.02,0.02,0.56,0.74,0.04,0.05,0.05,0.82,0.00,2.30,0.19,0.32,1.07,1.89,1.89,0.01,0.01,0.15,0.05,0.05,0.40,0.40,0.59,0.59,0.63,0.63,0.63,0.63,0.43,0.47,0.47,0.24,0.07,0.02,0.19,0.34,0.00,0.00,0.66,0.25,0.25,0.45,1.79,2.03,0.08,10.63,10.63,6.37,6.37,0.09,0.24,4.61,0.38,0.18,0.16,0.00,0.02,0.18,0.27,1.09,0.63,0.37,0.00,0.00,0.00,0.18,0.26,1.79,1.90,0.01,0.04,0.51,0.10,0.03,2.51,2.50,2.49,0.23,0.24,4.23,0.47,0.47,0.01,0.01,0.00,0.29,0.35,1.05,0.09,0.09,0.05,1.07,1.07,0.12,0.01,0.00,0.26,1.32,1.32,0.09,0.08,1.00,0.00,0.52,0.00,0.03,0.22,0.57,0.01,3.20,0.32,0.21,0.18,1.70,1.26,1.28,0.60,0.07,0.00,0.00,0.19,0.06,0.31,0.00,0.00,1.26,1.36,0.20,0.01,0.09,0.54,0.37,0.94,0.07,1.15,1.71,1.71,0.35,0.35,0.01,0.01,0.03,0.03,0.01,0.02,0.02,0.01,0.16,0.00,0.46,0.03,0.21,0.03,0.43,0.00,0.12,0.16,1.27,0.41,0.24,0.02,0.03,0.29,0.29,0.08,0.67,0.68,1.06,0.00,0.53,0.09,0.00,0.64,0.81,0.09,5.46,8.29,0.41,0.27,0.07,0.06,0.63,0.64,0.03,0.03,0.16,0.45,0.27,0.00,0.01,0.20,0.03,0.00,0.00,0.03,0.03,0.45,0.17,0.17,0.01,0.08,0.00,0.53,1.06,0.06,0.01,0.01,0.18,0.18,0.48,0.05,4.49,0.02,3.11,1.43,0.10,0.21,0.73,0.73,0.67,1.38,0.30,0.05,0.01,0.82,0.82,0.36,0.42,0.02,0.01,0.03,0.38,0.20,0.33,0.01,0.03,1.12,0.18,0.29,0.27,0.00,0.01,0.38,0.00,0.01,0.00,0.12,0.05,0.02,0.08,0.01,0.13,0.00,0.00,0.02,0.00,0.00,0.00,0.00,0.00,0.00,0.06,0.11,0.11,0.23,0.03,0.03,0.07,0.49,0.49,0.20,0.20,0.43,0.68,0.87,0.25,0.00,0.00,0.07,0.00,0.00,0.00,0.06,0.12,0.00,0.02,0.05,0.00,0.00,0.08,0.11,0.04,0.05,0.08,0.08,0.06,0.14,0.08,0.10,0.08,0.12,0.12,0.01,0.00,0.07,0.00,0.27,0.18,0.05,0.04,0.07,0.03,0.13,0.07,0.08,0.00,0.01,0.00,0.00,0.02,0.00,0.10,0.20,0.02,0.00,0.03,0.03,0.06,0.06,0.05,0.05,0.01,0.00,0.02,0.00,0.01,0.16,0.16
34.00,0.24,0.02,0.48,0.15,1.18,0.07,0.09,0.84,0.72,5.69,5.69,0.44,0.26,0.36,0.02,0.02,0.04,0.04,0.03,0.27,0.35,0.04,0.05,0.05,0.82,0.00,1.60,0.10,0.31,0.60,1.05,1.05,0.16,0.16,0.19,0.26,0.26,0.67,0.67,0.45,0.45,0.46,0.46,0.75,0.75,0.53,0.31,0.31,0.27,0.08,0.16,0.19,0.35,0.01,0.31,0.72,0.25,0.25,0.42,1.74,1.19,0.25,11.94,11.94,7.17,7.17,0.30,0.00,4.91,0.11,0.04,0.25,0.00,0.02,0.19,0.27,0.91,0.54,0.40,0.00,0.00,0.00,0.19,0.46,1.85,1.98,0.01,0.05,0.51,0.01,0.03,2.92,2.92,2.90,0.00,0.00,4.61,0.47,0.47,0.01,0.01,0.00,0.29,0.54,0.82,0.05,0.05,0.06,1.34,1.34,0.05,0.01,0.00,0.46,0.74,0.74,0.08,0.07,0.44,0.00,0.48,0.00,0.71,0.20,0.51,0.01,3.53,0.29,0.22,0.09,1.87,1.25,1.27,0.58,0.08,0.01,0.00,0.21,0.07,0.29,0.00,0.01,1.29,1.40,0.08,0.01,0.10,0.51,0.35,0.58,0.07,0.39,6.14,6.14,0.43,0.43,0.01,0.01,0.05,0.02,0.01,0.04,0.01,0.01,0.13,0.00,0.49,0.03,0.21,0.08,0.45,0.05,0.05,0.16,0.92,0.25,0.21,0.01,0.04,0.28,0.34,0.10,0.45,0.68,1.06,0.00,0.52,0.06,0.00,0.79,0.81,0.09,6.91,8.97,0.53,0.38,0.07,0.06,0.79,0.80,0.03,0.03,0.13,0.39,0.28,0.00,0.01,0.25,0.04,0.00,0.01,0.00,0.00,0.39,0.16,0.16,0.01,0.09,0.01,0.53,1.14,0.15,0.01,0.01,0.19,0.19,0.48,0.04,4.37,0.01,3.05,1.38,0.10,0.25,0.30,0.30,0.64,1.34,0.28,0.06,0.00,1.02,1.02,0.36,0.46,0.02,0.01,0.03,0.35,0.08,0.17,0.00,0.03,1.08,0.17,0.29,0.27,0.00,0.01,0.35,0.00,0.01,0.00,0.12,0.05,0.01,0.07,0.01,0.13,0.00,0.00,0.02,0.00,0.00,0.00,0.00,0.00,0.00,0.09,0.15,0.07,0.14,0.02,0.03,0.07,0.48,0.47,0.20,0.20,0.53,0.21,0.73,0.14,0.00,0.00,0.11,0.00,0.00,0.00,0.06,0.12,0.01,0.06,0.04,0.00,0.00,0.08,0.08,0.04,0.05,0.10,0.08,0.07,0.14,0.08,0.10,0.08,0.08,0.08,0.01,0.00,0.06,0.00,0.26,0.25,0.04,0.05,0.10,0.03,0.12,0.06,0.08,0.01,0.01,0.00,0.00,0.03,0.00,0.09,0.24,0.02,0.00,0.03,0.03,0.06,0.06,0.05,0.04,0.01,0.00,0.02,0.00,0.01,0.16,0.12
35.00,0.24,0.02,0.49,0.01,0.61,0.12,0.19,0.70,0.60,0.87,0.87,0.02,0.03,0.02,0.00,0.00,0.04,0.04,0.04,0.28,0.37,0.04,0.05,0.06,0.82,0.00,1.48,0.08,0.30,0.54,0.94,0.94,0.39,0.39,0.20,0.45,0.45,1.05,1.05,0.32,0.32,0.36,0.36,0.81,0.81,0.58,0.23,0.23,0.28,0.08,0.45,0.20,0.31,0.02,0.35,1.02,0.32,0.32,0.17,1.10,0.73,0.36,14.65,14.65,8.79,8.79,1.00,0.02,3.42,0.09,0.03,0.23,0.00,0.02,0.22,0.29,0.77,0.46,0.41,0.00,0.00,0.00,0.19,0.62,2.02,2.15,0.01,0.05,0.54,0.12,0.03,2.07,2.07,2.06,0.02,0.02,2.83,0.30,0.30,0.01,0.01,0.08,0.09,0.06,0.90,0.01,0.01,0.06,0.79,0.79,0.24,0.01,0.02,0.62,0.16,0.16,0.18,0.12,0.02,2.09,0.95,0.00,1.88,0.15,0.45,0.01,4.05,0.29,0.44,0.09,2.14,1.28,1.30,0.64,0.16,0.12,0.00,0.18,0.08,0.00,0.00,0.01,1.37,1.52,0.07,0.01,0.11,0.44,0.30,0.53,0.07,0.01,6.80,6.80,0.25,0.25,0.02,0.02,0.10,0.02,0.01,0.04,0.01,0.00,0.00,0.13,0.00,0.03,0.20,0.12,0.48,0.12,0.05,0.13,0.67,0.15,0.27,0.01,0.05,0.30,0.38,0.11,0.34,0.68,1.09,0.00,0.00,0.04,0.01,0.86,0.72,0.08,9.60,10.39,0.62,0.17,0.13,0.11,1.24,1.25,0.03,0.03,0.26,0.33,0.44,0.00,0.01,0.27,0.04,0.00,0.01,0.00,0.00,0.33,0.18,0.18,0.01,0.09,0.02,0.64,0.80,0.42,0.01,0.01,0.18,0.18,0.49,0.00,4.26,0.01,3.02,1.31,0.10,0.28,0.01,0.01,0.45,0.92,0.14,0.17,0.00,0.59,0.59,0.38,0.44,0.02,0.01,0.02,0.39,0.07,0.08,0.00,0.03,0.69,0.11,0.30,0.27,0.00,0.02,0.35,0.00,0.01,0.00,0.11,0.05,0.00,0.07,0.01,0.12,0.00,0.00,0.02,0.00,0.00,0.00,0.00,0.00,0.00,0.10,0.18,0.12,0.12,0.02,0.03,0.06,0.47,0.45,0.20,0.20,0.58,0.01,0.84,0.01,0.00,0.00,0.13,0.00,0.00,0.06,0.06,0.12,0.02,0.08,0.03,0.00,0.00,0.09,0.13,0.05,0.05,0.10,0.08,0.09,0.08,0.09,0.06,0.07,0.02,0.10,0.01,0.02,0.00,0.02,0.23,0.33,0.05,0.04,0.03,0.03,0.13,0.06,0.07,0.01,0.01,0.00,0.00,0.03,0.00,0.10,0.35,0.00,0.00,0.03,0.03,0.06,0.06,0.05,0.05,0.01,0.01,0.02,0.00,0.01,0.14,0.13
36.00,0.25,0.03,0.45,0.00,0.60,0.12,0.21,0.76,0.66,0.73,0.73,0.02,0.04,0.03,0.02,0.02,0.05,0.05,0.05,0.16,0.21,0.04,0.05,0.05,0.82,0.32,0.74,0.01,0.15,0.50,0.87,0.87,0.30,0.30,0.17,0.25,0.25,0.81,0.81,0.29,0.29,0.27,0.27,0.49,0.49,0.29,0.17,0.17,0.15,0.03,0.50,0.24,0.39,0.05,0.32,1.00,0.30,0.30,0.14,1.17,0.72,0.39,15.59,15.59,8.97,8.97,1.14,0.03,3.17,0.01,0.02,0.42,0.03,0.01,0.22,0.28,0.49,0.30,0.46,0.00,0.00,0.00,0.21,0.82,2.16,2.32,0.00,0.05,0.62,0.15,0.04,1.98,1.97,1.97,0.03,0.03,2.44,0.50,0.50,0.01,0.01,0.09,0.09,0.07,0.46,0.01,0.01,0.06,0.85,0.85,0.27,0.01,0.02,0.82,0.07,0.07,0.20,0.12,0.02,1.93,0.96,0.00,2.08,0.14,1.51,0.00,4.07,0.29,0.74,0.05,2.15,1.34,1.36,0.64,0.17,0.13,0.00,0.22,0.08,0.01,0.00,0.01,1.25,1.51,0.06,0.01,0.12,0.37,0.25,0.51,0.26,0.01,6.80,6.80,0.27,0.27,0.02,0.02,0.10,0.02,0.00,0.05,0.01,0.00,0.00,0.02,0.00,0.03,0.21,0.16,0.50,0.13,0.02,0.15,0.67,0.14,0.25,0.01,0.06,0.30,0.42,0.12,0.02,0.68,1.08,0.00,0.00,0.03,0.01,0.43,0.82,0.09,7.03,10.15,0.70,0.22,0.12,0.11,1.24,1.25,0.03,0.03,0.38,0.31,0.51,0.00,0.01,0.27,0.07,0.00,0.00,0.03,0.03,0.31,0.20,0.20,0.01,0.09,0.01,0.64,1.32,0.48,0.01,0.01,0.19,0.19,0.45,0.00,3.99,0.01,2.84,1.23,0.11,0.43,0.00,0.00,0.43,0.87,0.11,0.26,0.00,0.64,0.64,0.44,0.15,0.01,0.01,0.00,0.58,0.00,0.07,0.00,0.03,0.63,0.09,0.31,0.29,0.00,0.02,0.37,0.00,0.01,0.00,0.11,0.04,0.00,0.07,0.01,0.13,0.00,0.00,0.02,0.00,0.00,0.00,0.00,0.00,0.54,0.20,0.01,0.06,0.03,0.02,0.03,0.06,0.45,0.44,0.20,0.20,0.29,0.02,0.69,0.02,0.00,0.00,0.14,0.00,0.00,0.07,0.06,0.13,0.02,0.09,0.04,0.00,0.00,0.10,0.07,0.05,0.06,0.10,0.09,0.10,0.09,0.10,0.06,0.07,0.03,0.08,0.02,0.02,0.00,0.02,0.20,0.36,0.05,0.04,0.06,0.04,0.13,0.06,0.07,0.02,0.01,0.01,0.00,0.03,0.00,0.08,0.46,0.01,0.00,0.03,0.05,0.06,0.06,0.06,0.05,0.01,0.01,0.02,0.00,0.02,0.16,0.11
37.00,0.29,0.02,0.43,0.00,0.54,0.14,0.32,0.94,0.80,0.97,0.97,0.04,0.01,0.00,0.00,0.00,0.08,0.08,0.08,0.25,0.34,0.06,0.07,0.05,0.82,0.41,0.97,0.02,0.20,0.72,1.26,1.26,0.21,0.21,0.15,0.22,0.22,0.73,0.74,0.24,0.24,0.28,0.28,0.50,0.50,0.27,0.18,0.18,0.13,0.01,0.41,0.31,0.62,0.06,0.21,1.12,0.32,0.32,0.23,1.65,0.81,0.32,15.71,15.71,9.03,9.03,0.90,0.02,3.51,0.04,0.07,0.51,0.05,0.01,0.23,0.29,0.40,0.27,0.49,0.00,0.00,0.00,0.21,0.87,2.31,2.51,0.00,0.06,0.80,0.19,0.05,1.89,1.89,1.88,0.02,0.02,2.70,0.54,0.54,0.01,0.01,0.10,0.11,0.03,0.51,0.01,0.01,0.05,0.97,0.97,0.26,0.03,0.00,0.87,0.13,0.13,0.31,0.14,0.04,2.89,1.23,0.00,1.67,0.19,1.59,0.00,4.09,0.29,1.17,0.08,2.16,1.36,1.38,0.73,0.18,0.15,0.00,0.25,0.09,0.00,0.00,0.01,1.10,1.45,0.09,0.01,0.14,0.30,0.21,0.70,0.37,0.00,6.80,6.80,0.31,0.31,0.03,0.03,0.10,0.02,0.00,0.08,0.01,0.00,0.00,0.00,0.00,0.03,0.22,0.14,0.51,0.08,0.03,0.15,0.76,0.18,0.33,0.01,0.08,0.26,0.42,0.12,0.02,0.68,1.02,0.01,0.00,0.06,0.02,0.41,0.97,0.12,7.30,10.12,0.72,0.27,0.21,0.18,1.31,1.32,0.03,0.03,0.44,0.28,0.70,0.00,0.01,0.36,0.09,0.00,0.00,0.02,0.02,0.28,0.20,0.20,0.01,0.09,0.01,0.58,1.71,0.46,0.01,0.01,0.26,0.26,0.43,0.02,3.95,0.01,2.78,1.24,0.12,0.46,0.01,0.01,0.59,1.19,0.12,0.43,0.00,0.73,0.73,0.57,0.06,0.01,0.01,0.00,0.79,0.00,0.10,0.00,0.02,0.81,0.12,0.31,0.29,0.00,0.02,0.37,0.00,0.01,0.00,0.11,0.05,0.00,0.07,0.01,0.13,0.00,0.00,0.02,0.00,0.00,0.00,0.00,0.00,0.54,0.20,0.01,0.06,0.06,0.03,0.05,0.05,0.44,0.44,0.20,0.20,0.27,0.00,0.78,0.02,0.00,0.00,0.15,0.00,0.00,0.08,0.07,0.16,0.02,0.07,0.04,0.00,0.00,0.10,0.06,0.06,0.07,0.12,0.12,0.12,0.11,0.12,0.08,0.09,0.02,0.10,0.02,0.02,0.00,0.04,0.17,0.36,0.06,0.03,0.04,0.04,0.17,0.08,0.07,0.02,0.01,0.01,0.00,0.03,0.00,0.08,0.48,0.01,0.00,0.03,0.07,0.06,0.06,0.06,0.05,0.01,0.01,0.03,0.00,0.02,0.19,0.14
38.00,0.34,0.03,0.65,0.00,1.45,0.10,0.34,1.00,0.86,1.07,1.07,0.04,0.01,0.00,0.00,0.00,0.09,0.09,0.08,0.40,0.53,0.06,0.07,0.04,0.82,0.45,1.05,0.02,0.22,0.94,1.65,1.65,0.11,0.11,0.12,0.20,0.20,0.66,0.66,0.28,0.28,0.27,0.27,0.43,0.43,0.21,0.18,0.18,0.15,0.01,0.32,0.33,0.70,0.07,0.19,1.13,0.33,0.33,0.23,1.74,0.53,0.20,16.41,16.41,9.20,9.20,0.81,0.02,3.53,0.03,0.06,0.54,0.05,0.01,0.24,0.30,0.36,0.24,0.48,0.00,0.00,0.00,0.22,0.85,2.41,2.62,0.01,0.06,0.85,0.21,0.05,1.90,1.90,1.89,0.02,0.02,2.65,0.59,0.59,0.01,0.01,0.11,0.12,0.10,0.61,0.01,0.01,0.04,0.90,0.90,0.24,0.07,0.02,0.85,0.12,0.12,0.32,0.10,0.04,3.32,1.37,0.00,1.44,0.19,1.82,0.00,4.17,0.30,1.15,0.13,2.20,1.43,1.46,0.87,0.19,0.16,0.00,0.27,0.09,0.00,0.00,0.00,1.09,1.48,0.14,0.01,0.15,0.27,0.19,0.88,0.41,0.00,6.80,6.80,0.29,0.29,0.02,0.02,0.11,0.01,0.00,0.09,0.01,0.00,0.00,0.00,0.00,0.03,0.23,0.09,0.48,0.06,0.05,0.16,0.72,0.16,0.39,0.01,0.08,0.25,0.41,0.12,0.02,0.68,0.99,0.01,0.00,0.08,0.02,0.31,1.03,0.14,7.62,10.44,0.72,0.08,0.27,0.23,1.31,1.32,0.03,0.03,0.48,0.31,0.79,0.00,0.01,0.36,0.10,0.00,0.00,0.00,0.00,0.31,0.21,0.21,0.01,0.08,0.01,0.51,1.84,0.40,0.02,0.02,0.28,0.28,0.65,0.00,3.87,0.01,2.81,1.16,0.13,0.46,0.01,0.01,0.63,1.25,0.11,0.54,0.00,0.67,0.67,0.61,0.06,0.01,0.01,0.00,0.80,0.00,0.09,0.00,0.03,0.84,0.12,0.30,0.27,0.00,0.02,0.35,0.00,0.01,0.00,0.11,0.04,0.00,0.07,0.01,0.12,0.00,0.00,0.03,0.00,0.00,0.00,0.00,0.00,0.48,0.20,0.00,0.08,0.07,0.03,0.05,0.05,0.44,0.43,0.20,0.20,0.21,0.00,0.88,0.02,0.00,0.00,0.14,0.00,0.00,0.09,0.10,0.17,0.01,0.04,0.04,0.00,0.00,0.10,0.07,0.06,0.08,0.13,0.13,0.07,0.12,0.13,0.09,0.10,0.02,0.13,0.03,0.01,0.00,0.04,0.15,0.37,0.07,0.03,0.04,0.05,0.19,0.10,0.08,0.03,0.01,0.01,0.00,0.03,0.00,0.08,0.48,0.00,0.00,0.04,0.08,0.06,0.06,0.06,0.05,0.01,0.01,0.03,0.00,0.02,0.20,0.18
39.00,0.34,0.03,0.68,0.00,1.21,0.12,0.43,1.11,0.95,1.17,1.17,0.06,0.00,0.00,0.00,0.00,0.08,0.08,0.08,0.43,0.56,0.06,0.08,0.04,0.82,0.47,1.12,0.02,0.24,1.00,1.76,1.76,0.09,0.09,0.13,0.18,0.18,0.68,0.68,0.33,0.33,0.25,0.25,0.42,0.42,0.20,0.16,0.16,0.15,0.01,0.32,0.33,0.72,0.07,0.18,1.16,0.32,0.32,0.25,1.86,0.61,0.16,16.84,16.84,9.32,9.32,0.73,0.01,3.73,0.03,0.06,0.55,0.05,0.01,0.24,0.31,0.37,0.25,0.48,0.00,0.00,0.00,0.22,0.81,2.44,2.67,0.01,0.06,0.87,0.21,0.05,1.92,1.92,1.91,0.01,0.01,2.84,0.70,0.70,0.01,0.01,0.12,0.13,0.07,0.74,0.01,0.01,0.04,0.98,0.98,0.23,0.06,0.01,0.81,0.15,0.15,0.41,0.12,0.06,3.95,1.56,0.00,1.35,0.21,2.06,0.00,4.25,0.30,1.14,0.14,2.25,1.45,1.48,0.98,0.19,0.16,0.00,0.27,0.09,0.00,0.00,0.01,1.11,1.45,0.16,0.01,0.15,0.26,0.18,0.93,0.45,0.01,6.80,6.80,0.32,0.32,0.02,0.02,0.10,0.01,0.00,0.08,0.01,0.00,0.00,0.00,0.00,0.02,0.23,0.09,0.45,0.05,0.06,0.16,0.76,0.17,0.41,0.01,0.08,0.25,0.40,0.11,0.02,0.68,0.99,0.01,0.00,0.09,0.02,0.29,1.06,0.15,7.92,10.64,0.72,0.17,0.26,0.23,1.31,1.32,0.03,0.03,0.53,0.34,0.81,0.00,0.01,0.37,0.11,0.00,0.00,0.00,0.00,0.34,0.21,0.21,0.01,0.08,0.01,0.58,1.83,0.41,0.02,0.02,0.30,0.30,0.68,0.01,3.86,0.01,2.82,1.14,0.13,0.46,0.02,0.02,0.66,1.32,0.13,0.53,0.00,0.74,0.74,0.62,0.05,0.01,0.01,0.00,0.80,0.00,0.10,0.00,0.03,0.92,0.13,0.29,0.26,0.00,0.01,0.33,0.00,0.01,0.00,0.10,0.04,0.00,0.07,0.01,0.11,0.00,0.00,0.03,0.00,0.00,0.00,0.00,0.00,0.43,0.20,0.00,0.10,0.08,0.03,0.04,0.05,0.44,0.44,0.20,0.20,0.20,0.00,0.99,0.02,0.00,0.00,0.13,0.00,0.00,0.10,0.10,0.18,0.01,0.04,0.04,0.00,0.00,0.09,0.07,0.06,0.08,0.13,0.13,0.06,0.13,0.13,0.09,0.10,0.03,0.16,0.02,0.02,0.00,0.04,0.13,0.37,0.08,0.03,0.03,0.05,0.19,0.10,0.08,0.03,0.01,0.01,0.00,0.03,0.00,0.09,0.48,0.00,0.00,0.04,0.08,0.06,0.07,0.06,0.06,0.01,0.01,0.03,0.00,0.02,0.20,0.22
40.00,0.35,0.03,0.67,0.00,1.41,0.10,0.43,1.09,0.94,1.14,1.14,0.06,0.00,0.00,0.00,0.00,0.08,0.08,0.08,0.46,0.60,0.06,0.08,0.04,0.82,0.50,1.20,0.03,0.27,1.06,1.86,1.86,0.08,0.08,0.13,0.17,0.17,0.69,0.69,0.34,0.34,0.23,0.23,0.40,0.40,0.19,0.15,0.15,0.15,0.01,0.31,0.34,0.73,0.07,0.18,1.17,0.33,0.33,0.25,1.86,0.58,0.16,17.45,17.45,9.30,9.30,0.73,0.01,3.71,0.03,0.05,0.56,0.04,0.01,0.24,0.31,0.39,0.26,0.47,0.00,0.00,0.00,0.22,0.80,2.46,2.69,0.01,0.06,0.88,0.21,0.05,1.94,1.94,1.93,0.01,0.01,2.80,0.66,0.66,0.01,0.01,0.12,0.13,0.09,0.81,0.01,0.01,0.04,0.95,0.95,0.23,0.06,0.01,0.80,0.14,0.14,0.41,0.10,0.06,3.91,1.54,0.00,1.34,0.20,2.28,0.00,4.33,0.30,1.12,0.15,2.29,1.48,1.50,0.95,0.18,0.17,0.00,0.28,0.09,0.00,0.00,0.01,1.11,1.44,0.17,0.01,0.15,0.25,0.17,0.98,0.48,0.01,6.80,6.80,0.30,0.30,0.02,0.02,0.11,0.01,0.00,0.08,0.01,0.00,0.00,0.00,0.00,0.02,0.23,0.08,0.48,0.04,0.06,0.17,0.76,0.17,0.41,0.01,0.08,0.25,0.40,0.12,0.02,0.68,1.00,0.01,0.00,0.09,0.02,0.28,1.07,0.15,8.22,10.88,0.72,0.12,0.26,0.23,1.31,1.32,0.03,0.03,0.52,0.35,0.81,0.00,0.01,0.35,0.10,0.00,0.00,0.00,0.00,0.35,0.21,0.21,0.01,0.08,0.01,0.64,1.84,0.41,0.02,0.02,0.30,0.30,0.67,0.01,3.88,0.01,2.84,1.15,0.13,0.45,0.02,0.02,0.66,1.31,0.12,0.54,0.00,0.72,0.72,0.62,0.05,0.01,0.01,0.00,0.79,0.00,0.10,0.00,0.03,0.86,0.13,0.26,0.24,0.00,0.03,0.35,0.00,0.01,0.00,0.10,0.04,0.00,0.07,0.01,0.11,0.00,0.00,0.03,0.00,0.00,0.00,0.00,0.00,0.37,0.20,0.00,0.11,0.09,0.03,0.04,0.04,0.44,0.45,0.20,0.20,0.19,0.00,1.04,0.02,0.00,0.00,0.14,0.00,0.00,0.10,0.10,0.18,0.01,0.04,0.04,0.00,0.00,0.09,0.07,0.06,0.08,0.13,0.13,0.07,0.13,0.14,0.10,0.11,0.03,0.19,0.03,0.02,0.00,0.04,0.11,0.37,0.07,0.03,0.03,0.05,0.19,0.11,0.08,0.04,0.01,0.01,0.00,0.03,0.00,0.09,0.47,0.00,0.00,0.04,0.08,0.07,0.07,0.07,0.06,0.01,0.01,0.03,0.00,0.02,0.21,0.26
41.00,0.33,0.03,0.65,0.00,1.47,0.09,0.42,1.08,0.93,1.11,1.11,0.05,0.00,0.00,0.00,0.00,0.08,0.08,0.08,0.44,0.58,0.07,0.08,0.04,0.82,0.51,1.19,0.03,0.26,1.05,1.85,1.85,0.08,0.08,0.13,0.18,0.18,0.65,0.65,0.35,0.35,0.22,0.22,0.40,0.40,0.18,0.14,0.14,0.14,0.01,0.35,0.33,0.70,0.07,0.19,1.15,0.32,0.32,0.23,1.77,0.65,0.14,17.77,17.77,9.53,9.53,0.74,0.01,3.65,0.03,0.05,0.56,0.04,0.01,0.24,0.30,0.41,0.27,0.47,0.00,0.00,0.00,0.22,0.85,2.43,2.66,0.01,0.06,0.85,0.21,0.05,1.97,1.97,1.96,0.01,0.01,2.76,0.72,0.72,0.01,0.01,0.12,0.13,0.10,0.82,0.01,0.01,0.04,0.94,0.94,0.22,0.06,0.01,0.85,0.13,0.13,0.41,0.09,0.05,3.77,1.50,0.00,1.40,0.19,2.52,0.00,4.38,0.31,1.11,0.14,2.31,1.47,1.49,0.93,0.16,0.16,0.00,0.28,0.09,0.00,0.00,0.01,1.14,1.49,0.17,0.01,0.15,0.26,0.18,0.97,0.48,0.01,6.80,6.80,0.30,0.30,0.02,0.02,0.11,0.01,0.00,0.08,0.01,0.00,0.00,0.00,0.00,0.03,0.23,0.09,0.52,0.05,0.06,0.17,0.77,0.17,0.38,0.01,0.08,0.25,0.42,0.12,0.02,0.68,0.99,0.01,0.00,0.09,0.02,0.28,1.02,0.15,8.65,10.96,0.74,0.11,0.25,0.22,1.31,1.32,0.03,0.03,0.50,0.35,0.74,0.00,0.01,0.33,0.10,0.00,0.00,0.00,0.00,0.35,0.21,0.21,0.01,0.08,0.01,0.56,1.79,0.42,0.02,0.02,0.29,0.29,0.65,0.01,3.92,0.01,2.84,1.17,0.13,0.44,0.02,0.02,0.63,1.25,0.12,0.52,0.00,0.71,0.71,0.61,0.04,0.01,0.01,0.00,0.76,0.00,0.10,0.00,0.02,0.84,0.12,0.29,0.26,0.00,0.03,0.38,0.00,0.01,0.00,0.11,0.05,0.00,0.07,0.01,0.12,0.00,0.00,0.03,0.00,0.00,0.00,0.00,0.00,0.32,0.20,0.00,0.12,0.09,0.03,0.04,0.04,0.43,0.44,0.20,0.20,0.18,0.00,1.02,0.02,0.00,0.00,0.15,0.00,0.00,0.10,0.10,0.19,0.02,0.03,0.05,0.00,0.00,0.10,0.07,0.06,0.08,0.13,0.13,0.06,0.13,0.14,0.10,0.11,0.03,0.19,0.02,0.02,0.00,0.04,0.09,0.38,0.07,0.03,0.03,0.05,0.19,0.11,0.08,0.04,0.01,0.01,0.00,0.03,0.00,0.09,0.48,0.00,0.00,0.04,0.07,0.07,0.07,0.07,0.06,0.01,0.01,0.03,0.00,0.02,0.20,0.27
42.00,0.31,0.02,0.56,0.00,1.08,0.10,0.44,1.06,0.91,1.05,1.05,0.07,0.00,0.01,0.00,0.00,0.08,0.08,0.08,0.44,0.58,0.06,0.08,0.05,0.82,0.48,1.15,0.02,0.25,1.02,1.79,1.79,0.08,0.08,0.13,0.17,0.17,0.67,0.67,0.34,0.34,0.23,0.23,0.39,0.39,0.19,0.15,0.15,0.13,0.01,0.34,0.31,0.63,0.06,0.22,1.14,0.33,0.33,0.22,1.65,0.65,0.14,17.47,17.47,9.61,9.61,0.72,0.01,3.68,0.03,0.06,0.55,0.04,0.01,0.23,0.30,0.45,0.29,0.47,0.00,0.00,0.00,0.22,0.87,2.33,2.53,0.00,0.06,0.80,0.19,0.04,1.99,1.99,1.98,0.01,0.01,2.83,0.70,0.70,0.01,0.01,0.12,0.13,0.07,0.77,0.01,0.01,0.05,0.97,0.97,0.21,0.02,0.01,0.87,0.14,0.14,0.42,0.10,0.07,3.84,1.49,0.00,1.36,0.19,2.50,0.00,4.24,0.30,1.13,0.14,2.24,1.41,1.43,0.90,0.17,0.15,0.00,0.27,0.09,0.00,0.00,0.01,1.20,1.52,0.16,0.01,0.14,0.30,0.21,0.94,0.45,0.02,6.80,6.80,0.31,0.31,0.02,0.02,0.10,0.01,0.00,0.08,0.01,0.00,0.00,0.00,0.00,0.03,0.23,0.09,0.52,0.04,0.07,0.16,0.78,0.17,0.38,0.01,0.07,0.26,0.43,0.12,0.02,0.68,1.01,0.01,0.00,0.09,0.02,0.28,0.98,0.15,8.78,10.54,0.74,0.19,0.21,0.18,1.31,1.32,0.03,0.03,0.50,0.34,0.74,0.00,0.01,0.31,0.08,0.00,0.00,0.00,0.00,0.34,0.21,0.21,0.01,0.09,0.01,0.58,1.77,0.40,0.02,0.02,0.28,0.28,0.56,0.01,3.98,0.01,2.87,1.20,0.12,0.41,0.03,0.03,0.60,1.21,0.12,0.44,0.00,0.72,0.72,0.57,0.05,0.01,0.01,0.00,0.71,0.00,0.11,0.00,0.03,0.81,0.12,0.31,0.29,0.00,0.02,0.38,0.00,0.01,0.00,0.12,0.05,0.00,0.07,0.01,0.13,0.00,0.00,0.03,0.00,0.00,0.00,0.00,0.00,0.33,0.21,0.00,0.11,0.08,0.03,0.04,0.03,0.41,0.42,0.20,0.20,0.19,0.00,0.98,0.02,0.00,0.00,0.15,0.00,0.00,0.10,0.09,0.18,0.02,0.03,0.05,0.00,0.00,0.10,0.06,0.06,0.07,0.13,0.12,0.07,0.13,0.13,0.09,0.10,0.03,0.18,0.03,0.02,0.00,0.04,0.07,0.37,0.07,0.04,0.03,0.04,0.18,0.10,0.08,0.03,0.01,0.01,0.00,0.03,0.00,0.08,0.49,0.00,0.00,0.03,0.06,0.06,0.07,0.07,0.06,0.01,0.01,0.03,0.00,0.02,0.19,0.25
43.00,0.30,0.02,0.54,0.01,0.50,0.14,0.54,1.14,0.98,1.13,1.13,0.08,0.00,0.01,0.00,0.00,0.08,0.08,0.07,0.43,0.57,0.06,0.07,0.05,0.82,0.50,1.24,0.03,0.30,0.97,1.71,1.71,0.08,0.08,0.13,0.17,0.17,0.67,0.68,0.34,0.34,0.24,0.24,0.41,0.41,0.22,0.16,0.16,0.11,0.01,0.33,0.28,0.56,0.04,0.22,1.11,0.34,0.34,0.22,1.55,0.67,0.15,16.95,16.95,9.54,9.54,0.71,0.01,3.74,0.04,0.06,0.53,0.04,0.02,0.23,0.29,0.51,0.32,0.46,0.00,0.00,0.00,0.22,0.87,2.26,2.43,0.00,0.05,0.73,0.17,0.04,2.01,2.01,2.00,0.01,0.01,2.97,0.70,0.70,0.01,0.01,0.11,0.12,0.03,0.74,0.01,0.01,0.05,1.10,1.10,0.22,0.01,0.00,0.87,0.19,0.19,0.52,0.14,0.08,4.23,1.62,0.00,1.33,0.19,2.44,0.00,4.07,0.29,1.17,0.14,2.15,1.35,1.37,0.98,0.19,0.14,0.00,0.25,0.09,0.00,0.00,0.01,1.24,1.49,0.15,0.01,0.13,0.33,0.23,0.91,0.47,0.03,6.80,6.80,0.35,0.35,0.03,0.03,0.09,0.01,0.00,0.08,0.01,0.00,0.00,0.00,0.00,0.03,0.22,0.09,0.53,0.03,0.07,0.16,0.78,0.18,0.39,0.01,0.07,0.27,0.43,0.12,0.01,0.68,1.02,0.01,0.00,0.08,0.02,0.32,0.92,0.13,8.79,10.00,0.73,0.47,0.16,0.14,1.31,1.32,0.03,0.03,0.52,0.34,0.73,0.00,0.01,0.27,0.07,0.00,0.00,0.00,0.00,0.34,0.21,0.21,0.01,0.09,0.01,0.58,1.77,0.39,0.01,0.01,0.26,0.26,0.54,0.03,4.08,0.01,2.94,1.24,0.11,0.36,0.03,0.03,0.60,1.22,0.15,0.33,0.00,0.82,0.82,0.52,0.06,0.01,0.01,0.01,0.64,0.00,0.11,0.00,0.03,0.85,0.13,0.32,0.29,0.00,0.02,0.39,0.00,0.01,0.00,0.12,0.05,0.00,0.07,0.01,0.13,0.00,0.00,0.03,0.00,0.00,0.00,0.00,0.00,0.35,0.21,0.00,0.12,0.09,0.03,0.05,0.02,0.39,0.40,0.20,0.20,0.21,0.01,0.95,0.02,0.00,0.00,0.15,0.00,0.00,0.09,0.07,0.16,0.02,0.03,0.04,0.00,0.00,0.10,0.05,0.05,0.07,0.13,0.11,0.12,0.13,0.13,0.09,0.10,0.02,0.17,0.02,0.02,0.00,0.05,0.05,0.36,0.08,0.04,0.03,0.04,0.17,0.10,0.08,0.03,0.01,0.01,0.00,0.03,0.00,0.07,0.50,0.00,0.00,0.03,0.05,0.06,0.06,0.07,0.06,0.01,0.01,0.03,0.00,0.02,0.18,0.24
44.00,0.27,0.01,0.44,0.01,0.49,0.12,0.49,1.02,0.88,1.05,1.05,0.08,0.00,0.01,0.01,0.01,0.08,0.08,0.07,0.41,0.54,0.05,0.06,0.05,0.82,0.48,1.20,0.03,0.28,0.87,1.53,1.53,0.09,0.09,0.13,0.18,0.18,0.67,0.67,0.32,0.32,0.25,0.25,0.42,0.42,0.23,0.16,0.16,0.09,0.01,0.36,0.25,0.46,0.03,0.27,1.08,0.33,0.33,0.20,1.37,0.64,0.17,16.72,16.72,9.59,9.59,0.77,0.01,3.65,0.05,0.07,0.52,0.03,0.02,0.22,0.28,0.58,0.36,0.45,0.00,0.00,0.00,0.22,0.89,2.18,2.33,0.00,0.05,0.65,0.16,0.04,2.10,2.10,2.09,0.01,0.01,2.93,0.72,0.72,0.01,0.01,0.11,0.12,0.03,0.58,0.01,0.01,0.06,1.04,1.04,0.20,0.00,0.00,0.89,0.17,0.17,0.47,0.12,0.08,3.81,1.45,0.00,1.44,0.18,2.35,0.00,3.94,0.28,1.20,0.13,2.08,1.31,1.33,0.87,0.20,0.14,0.00,0.23,0.09,0.00,0.00,0.00,1.28,1.49,0.13,0.01,0.12,0.36,0.25,0.83,0.46,0.02,6.80,6.80,0.33,0.33,0.02,0.02,0.08,0.02,0.00,0.08,0.01,0.00,0.00,0.00,0.00,0.03,0.22,0.09,0.54,0.03,0.06,0.15,0.75,0.17,0.39,0.01,0.06,0.28,0.44,0.13,0.01,0.68,1.05,0.01,0.00,0.07,0.01,0.34,0.85,0.12,8.94,9.56,0.73,0.43,0.13,0.12,1.31,1.32,0.02,0.02,0.48,0.33,0.70,0.00,0.01,0.23,0.06,0.00,0.00,0.00,0.00,0.33,0.21,0.21,0.01,0.09,0.01,0.55,1.81,0.37,0.01,0.01,0.24,0.24,0.44,0.03,4.19,0.01,2.97,1.29,0.10,0.32,0.03,0.03,0.55,1.11,0.15,0.28,0.00,0.78,0.78,0.46,0.07,0.02,0.01,0.02,0.57,0.00,0.10,0.00,0.03,0.80,0.12,0.33,0.30,0.00,0.02,0.40,0.00,0.01,0.00,0.12,0.05,0.00,0.07,0.01,0.13,0.00,0.00,0.03,0.00,0.00,0.00,0.00,0.00,0.37,0.21,0.00,0.09,0.08,0.03,0.05,0.02,0.37,0.39,0.20,0.20,0.23,0.00,0.81,0.02,0.00,0.00,0.15,0.00,0.00,0.09,0.07,0.15,0.02,0.04,0.04,0.00,0.00,0.10,0.05,0.05,0.06,0.12,0.10,0.13,0.12,0.12,0.09,0.10,0.02,0.14,0.02,0.02,0.00,0.04,0.03,0.35,0.07,0.04,0.03,0.04,0.16,0.09,0.07,0.03,0.01,0.01,0.00,0.04,0.00,0.07,0.51,0.00,0.00,0.03,0.04,0.06,0.06,0.07,0.06,0.01,0.01,0.03,0.00,0.02,0.16,0.19
45.00,0.25,0.01,0.38,0.01,0.40,0.11,0.45,0.93,0.80,0.97,0.97,0.07,0.00,0.00,0.00,0.00,0.07,0.07,0.07,0.26,0.34,0.04,0.05,0.07,0.82,0.40,0.97,0.01,0.20,0.64,1.12,1.12,0.16,0.16,0.15,0.19,0.19,0.69,0.69,0.29,0.29,0.27,0.27,0.44,0.44,0.27,0.17,0.17,0.07,0.02,0.40,0.21,0.36,0.02,0.33,1.04,0.33,0.33,0.18,1.14,0.60,0.19,15.96,15.96,9.50,9.50,0.88,0.02,3.48,0.06,0.08,0.51,0.03,0.02,0.20,0.26,0.64,0.38,0.44,0.00,0.00,0.01,0.21,0.90,2.00,2.13,0.01,0.04,0.55,0.13,0.03,2.16,2.16,2.15,0.02,0.02,2.85,0.80,0.80,0.01,0.01,0.10,0.10,0.04,0.48,0.01,0.01,0.07,1.02,1.02,0.20,0.00,0.00,0.90,0.16,0.16,0.43,0.11,0.07,3.34,1.31,0.00,1.64,0.16,2.24,0.00,3.72,0.26,1.23,0.08,1.97,1.23,1.25,0.79,0.18,0.12,0.00,0.21,0.08,0.00,0.00,0.00,1.38,1.55,0.08,0.01,0.11,0.44,0.30,0.64,0.35,0.01,6.80,6.80,0.33,0.33,0.02,0.02,0.06,0.02,0.00,0.07,0.01,0.00,0.00,0.00,0.00,0.03,0.21,0.12,0.53,0.05,0.04,0.14,0.70,0.15,0.33,0.01,0.05,0.30,0.43,0.12,0.01,0.68,1.08,0.00,0.00,0.05,0.01,0.39,0.77,0.11,8.95,8.85,0.72,0.47,0.10,0.09,1.31,1.32,0.02,0.02,0.43,0.31,0.65,0.00,0.01,0.18,0.04,0.00,0.00,0.01,0.01,0.31,0.21,0.21,0.01,0.10,0.01,0.55,1.70,0.42,0.01,0.01,0.22,0.22,0.38,0.03,4.29,0.01,3.04,1.33,0.09,0.28,0.03,0.03,0.50,1.01,0.15,0.20,0.00,0.77,0.77,0.39,0.09,0.02,0.01,0.03,0.50,0.00,0.08,0.00,0.03,0.73,0.11,0.32,0.29,0.00,0.02,0.39,0.00,0.01,0.00,0.12,0.05,0.00,0.07,0.01,0.13,0.00,0.00,0.03,0.00,0.00,0.00,0.00,0.00,0.40,0.22,0.00,0.07,0.05,0.03,0.05,0.02,0.34,0.35,0.20,0.20,0.26,0.00,0.71,0.02,0.00,0.00,0.15,0.00,0.00,0.08,0.06,0.13,0.02,0.04,0.04,0.00,0.00,0.10,0.03,0.04,0.05,0.11,0.08,0.14,0.11,0.11,0.08,0.09,0.02,0.11,0.02,0.02,0.00,0.04,0.02,0.32,0.06,0.05,0.03,0.03,0.14,0.08,0.07,0.02,0.01,0.01,0.00,0.03,0.00,0.06,0.52,0.00,0.00,0.03,0.03,0.06,0.06,0.06,0.05,0.02,0.01,0.02,0.00,0.02,0.15,0.15
46.00,0.22,0.00,0.30,0.01,0.39,0.09,0.37,0.80,0.69,0.85,0.85,0.04,0.01,0.00,0.01,0.01,0.04,0.04,0.04,0.20,0.26,0.04,0.04,0.07,0.82,0.33,0.78,0.00,0.13,0.49,0.87,0.87,0.24,0.24,0.15,0.23,0.23,0.75,0.75,0.37,0.37,0.31,0.31,0.46,0.46,0.29,0.20,0.20,0.07,0.02,0.46,0.18,0.27,0.02,0.40,1.01,0.32,0.32,0.15,0.93,0.56,0.22,15.09,15.09,9.37,9.37,1.01,0.02,3.30,0.08,0.09,0.51,0.03,0.02,0.19,0.25,0.69,0.41,0.43,0.00,0.00,0.01,0.20,0.90,1.85,1.96,0.02,0.04,0.47,0.12,0.03,2.24,2.23,2.22,0.02,0.02,2.72,0.80,0.80,0.01,0.01,0.09,0.09,0.05,0.45,0.02,0.02,0.08,0.95,0.95,0.19,0.00,0.00,0.90,0.12,0.12,0.36,0.09,0.04,2.69,1.10,0.01,1.85,0.14,2.09,0.00,3.44,0.24,1.32,0.06,1.82,1.17,1.19,0.65,0.16,0.12,0.00,0.20,0.07,0.00,0.00,0.01,1.45,1.59,0.05,0.01,0.10,0.51,0.35,0.51,0.27,0.00,6.80,6.80,0.30,0.30,0.02,0.02,0.04,0.02,0.00,0.04,0.01,0.00,0.00,0.00,0.00,0.03,0.20,0.13,0.52,0.08,0.04,0.14,0.65,0.13,0.28,0.01,0.05,0.32,0.42,0.12,0.01,0.68,1.13,0.00,0.00,0.04,0.01,0.43,0.70,0.10,8.82,8.03,0.70,0.42,0.08,0.07,1.31,1.32,0.02,0.02,0.41,0.35,0.54,0.00,0.01,0.16,0.03,0.00,0.00,0.01,0.01,0.35,0.20,0.20,0.01,0.11,0.01,0.55,1.51,0.46,0.01,0.01,0.19,0.19,0.30,0.03,4.37,0.02,3.09,1.35,0.09,0.24,0.02,0.02,0.44,0.90,0.14,0.16,0.00,0.71,0.71,0.33,0.12,0.03,0.02,0.05,0.44,0.00,0.07,0.00,0.03,0.65,0.10,0.32,0.29,0.00,0.02,0.38,0.00,0.02,0.00,0.12,0.05,0.00,0.07,0.01,0.13,0.00,0.00,0.02,0.00,0.00,0.00,0.00,0.00,0.45,0.22,0.00,0.07,0.03,0.02,0.05,0.01,0.30,0.30,0.20,0.20,0.29,0.00,0.66,0.01,0.00,0.00,0.15,0.00,0.00,0.08,0.05,0.11,0.02,0.05,0.04,0.00,0.00,0.10,0.02,0.04,0.04,0.11,0.07,0.11,0.10,0.10,0.07,0.08,0.02,0.10,0.02,0.02,0.00,0.03,0.01,0.30,0.05,0.05,0.03,0.03,0.12,0.06,0.07,0.02,0.01,0.00,0.00,0.03,0.00,0.05,0.53,0.00,0.00,0.03,0.03,0.06,0.06,0.06,0.05,0.02,0.01,0.02,0.00,0.02,0.13,0.13
47.00,0.21,0.02,0.40,0.00,0.44,0.09,0.38,0.80,0.69,0.85,0.85,0.04,0.01,0.00,0.00,0.00,0.04,0.04,0.04,0.18,0.24,0.03,0.04,0.08,0.82,0.33,0.80,0.00,0.14,0.44,0.77,0.77,0.23,0.23,0.16,0.21,0.21,0.79,0.79,0.33,0.33,0.28,0.28,0.46,0.46,0.29,0.17,0.17,0.06,0.03,0.46,0.16,0.22,0.02,0.40,0.99,0.32,0.32,0.13,0.80,0.50,0.21,15.57,15.57,9.74,9.74,1.04,0.02,3.23,0.05,0.06,0.46,0.02,0.03,0.17,0.23,0.77,0.45,0.43,0.00,0.00,0.01,0.20,0.88,1.77,1.87,0.03,0.04,0.41,0.11,0.03,2.22,2.22,2.21,0.02,0.02,2.67,0.67,0.67,0.01,0.01,0.08,0.08,0.06,0.43,0.02,0.02,0.08,0.93,0.93,0.20,0.00,0.01,0.88,0.12,0.12,0.36,0.09,0.04,2.63,1.11,0.00,1.90,0.13,2.32,0.01,3.53,0.25,1.04,0.06,1.87,1.17,1.19,0.72,0.15,0.11,0.00,0.18,0.07,0.00,0.00,0.01,1.56,1.70,0.04,0.01,0.10,0.54,0.37,0.47,0.29,0.00,6.80,6.80,0.30,0.30,0.02,0.02,0.04,0.03,0.01,0.04,0.01,0.00,0.00,0.01,0.00,0.02,0.20,0.13,0.50,0.07,0.05,0.12,0.62,0.12,0.26,0.02,0.04,0.33,0.41,0.12,0.00,0.68,1.14,0.00,0.00,0.03,0.01,0.43,0.63,0.09,9.30,8.30,0.70,0.43,0.05,0.05,1.31,1.32,0.02,0.02,0.38,0.34,0.48,0.00,0.01,0.15,0.03,0.00,0.00,0.01,0.01,0.34,0.19,0.19,0.01,0.11,0.01,0.64,1.35,0.44,0.01,0.01,0.17,0.17,0.40,0.02,4.46,0.02,3.12,1.40,0.08,0.21,0.02,0.02,0.41,0.84,0.12,0.14,0.00,0.70,0.70,0.29,0.15,0.03,0.02,0.06,0.40,0.00,0.06,0.00,0.03,0.59,0.09,0.31,0.29,0.00,0.02,0.36,0.00,0.01,0.00,0.11,0.04,0.00,0.07,0.01,0.13,0.00,0.00,0.03,0.00,0.00,0.00,0.00,0.00,0.39,0.22,0.00,0.07,0.04,0.02,0.02,0.01,0.28,0.26,0.20,0.20,0.29,0.00,0.62,0.01,0.00,0.00,0.14,0.00,0.00,0.07,0.04,0.09,0.02,0.05,0.04,0.00,0.00,0.09,0.03,0.04,0.04,0.11,0.06,0.12,0.09,0.09,0.06,0.07,0.02,0.09,0.02,0.02,0.00,0.03,0.00,0.30,0.05,0.05,0.03,0.03,0.11,0.05,0.06,0.02,0.01,0.00,0.00,0.03,0.00,0.05,0.53,0.00,0.00,0.03,0.02,0.06,0.06,0.06,0.05,0.02,0.01,0.02,0.00,0.02,0.12,0.13
48.00,0.20,0.02,0.36,0.00,0.43,0.08,0.34,0.74,0.63,0.81,0.81,0.04,0.01,0.01,0.00,0.00,0.04,0.04,0.04,0.19,0.26,0.03,0.03,0.09,0.82,0.33,0.83,0.01,0.17,0.42,0.75,0.75,0.18,0.18,0.15,0.19,0.19,0.75,0.75,0.28,0.28,0.20,0.20,0.39,0.39,0.24,0.12,0.12,0.04,0.02,0.49,0.14,0.19,0.02,0.41,0.94,0.31,0.31,0.12,0.69,0.38,0.20,15.31,15.31,9.68,9.68,1.15,0.03,3.09,0.05,0.06,0.47,0.02,0.03,0.16,0.23,0.79,0.46,0.41,0.00,0.00,0.01,0.21,0.89,1.70,1.80,0.03,0.04,0.38,0.10,0.03,2.23,2.23,2.22,0.03,0.03,2.55,0.53,0.53,0.01,0.01,0.07,0.08,0.07,0.44,0.01,0.01,0.09,0.90,0.90,0.20,0.00,0.01,0.89,0.10,0.10,0.33,0.08,0.04,2.29,1.00,0.00,2.04,0.12,2.66,0.01,3.58,0.25,0.89,0.06,1.89,1.16,1.18,0.66,0.15,0.12,0.00,0.16,0.07,0.00,0.00,0.01,1.63,1.73,0.04,0.01,0.09,0.57,0.40,0.45,0.28,0.00,6.80,6.80,0.29,0.29,0.02,0.02,0.04,0.03,0.01,0.04,0.01,0.00,0.00,0.01,0.00,0.03,0.20,0.12,0.52,0.08,0.05,0.12,0.56,0.11,0.25,0.02,0.04,0.34,0.42,0.12,0.00,0.68,1.16,0.00,0.00,0.03,0.01,0.36,0.56,0.07,8.86,8.36,0.72,0.40,0.04,0.04,0.88,0.88,0.02,0.02,0.31,0.31,0.42,0.00,0.00,0.12,0.03,0.00,0.00,0.00,0.00,0.31,0.15,0.15,0.01,0.11,0.01,0.64,1.30,0.40,0.01,0.01,0.15,0.15,0.36,0.02,4.48,0.02,3.17,1.39,0.09,0.20,0.01,0.01,0.38,0.78,0.12,0.11,0.00,0.67,0.67,0.27,0.13,0.03,0.02,0.07,0.36,0.00,0.04,0.00,0.03,0.57,0.09,0.32,0.29,0.00,0.02,0.38,0.00,0.02,0.00,0.12,0.05,0.00,0.07,0.01,0.13,0.00,0.00,0.03,0.00,0.00,0.00,0.00,0.00,0.20,0.23,0.04,0.07,0.04,0.02,0.03,0.01,0.27,0.22,0.20,0.20,0.24,0.00,0.57,0.01,0.00,0.00,0.15,0.00,0.00,0.06,0.04,0.08,0.02,0.05,0.03,0.00,0.00,0.10,0.03,0.04,0.03,0.10,0.06,0.12,0.08,0.08,0.06,0.07,0.01,0.10,0.02,0.02,0.00,0.02,0.00,0.30,0.05,0.06,0.03,0.03,0.10,0.05,0.06,0.02,0.01,0.00,0.00,0.03,0.00,0.05,0.42,0.00,0.00,0.02,0.02,0.06,0.07,0.05,0.04,0.02,0.01,0.02,0.00,0.02,0.11,0.13
