"ETAPA \ GENERADOR","KALLPATG1GAS","KALLPATG2GAS","KALLPATG3GAS","KALLPACC1GAS","KALLPACC2GAS","KALLPACC3GAS","KALLPACC12GAS","KALLPACC23GAS","KALLPACC13GAS","KALLPACC123GAS","CHILCA1TG1GAS","CHILCA1TG2GAS","CHILCA1TG3GAS","CHILCA1CC1GAS","CHILCA1CC2GAS","CHILCA1CC3GAS","CHILCA1CC12GAS","CHILCA1CC23GAS","CHILCA1CC13GAS","CHILCA1CC123GAS","AGETG1GAS","AGETG2GAS","MAL2TGN4GAS","MAL3TG5D2","VENT3D2","VENT4D2","VENT3GAS","VENT4GAS","VENTCC3GAS","VENTCC4GAS","VENTCC34GAS","VENTCC3GASFD","VENTCC4GASFD","VENTCC34GASFD","RFILO2TG1D2","RFILO2TG2D2","RFILO2TG3D2","INDEPGAS","OLLEROSTG1GAS","LFLORESTG1GAS","SNTV1R500","SNTV2R500","SHCUMMINS","CHILSLZ12R500D2","MOLL123D2","FENIXGT12GAS","FENIXCCGT12GAS","FENIXGT11GAS","FENIXCCGT11GAS","FENIXCCGT11GT12GAS","RECKA TG1  D2","PTOBRVO TG3  D2","PTOBRVO TG1  D2","PTOBRVO TG4  D2","PTOBRVO TG2  D2","FENIXCCGT11GT12D2","CTNEPITG43D2","CTNEPITG42D2","CTNEPITG41D2","RF ETEN TG1  D2","RF ETEN TG2  D2","RF PTO MALDONADO  D2","RF PUCALLPA  D2","CHILCA2 CCOMB TG41  GAS","CHILCA2 TG41  GAS","CHILINA TG  D2","STA ROSA UTI 6  GAS","STA ROSA UTI 5  D2","STA ROSA WEST TG7  D2 CON H2O","STA ROSA UTI 6  D2","STA ROSA UTI 5  GAS","STA ROSA WEST TG7  GAS CON H2O","STA ROSA WEST TG7  GAS","STAROSA TG8 GAS","MALACAS3 TG 5  GAS","OLLEROS CCOMB TG1  GAS","FENIX GT12  D2","FENIX GT11  D2","FENIX CCOMB GT12  D2","FENIX CCOMB GT11  D2","LFLORES CCOMB TG1  GAS","TUMBES MAK 1  D2","TUMBES MAK 2  D2","REFTALARA TV1  FXRFG","MAL1TG6D2","MAL1TG6GAS"
1.000,0.000,0.000,0.000,0.000,0.000,0.000,0.000,6299.250,0.000,0.000,0.000,0.000,0.000,0.000,0.000,0.000,0.000,0.000,0.000,10690.117,0.000,0.000,0.000,0.000,0.000,0.000,0.000,0.000,0.000,0.000,4689.934,0.000,0.000,0.000,0.000,0.000,0.000,0.000,0.000,0.000,0.000,0.000,0.000,0.000,0.000,0.000,0.000,0.000,0.000,7785.524,0.000,0.000,0.000,0.000,0.000,0.000,0.000,0.000,0.000,0.000,0.000,0.000,0.000,0.000,0.000,0.000,0.000,0.000,0.000,0.000,0.000,0.000,0.000,0.000,0.000,0.000,0.000,0.000,0.000,0.000,4322.934,0.000,0.000,539.115,0.000,0.000
2.000,0.000,0.000,0.000,0.000,0.000,0.000,0.000,6234.113,0.000,0.000,0.000,0.000,0.000,0.000,0.000,0.000,0.000,0.000,0.000,10690.117,0.000,0.000,0.000,0.000,0.000,0.000,0.000,0.000,0.000,0.000,4689.934,0.000,0.000,0.000,0.000,0.000,0.000,0.000,0.000,0.000,0.000,0.000,0.000,0.000,0.000,0.000,0.000,0.000,0.000,7785.524,0.000,0.000,0.000,0.000,0.000,0.000,0.000,0.000,0.000,0.000,0.000,0.000,0.000,0.000,0.000,0.000,0.000,0.000,0.000,0.000,0.000,0.000,0.000,0.000,0.000,0.000,0.000,0.000,0.000,0.000,4322.934,0.000,0.000,539.115,0.000,0.000
3.000,0.000,0.000,0.000,0.000,0.000,0.000,0.000,5809.748,0.000,0.000,0.000,0.000,0.000,0.000,0.000,0.000,0.000,0.000,0.000,10690.117,0.000,0.000,0.000,0.000,0.000,0.000,0.000,0.000,0.000,0.000,4689.934,0.000,0.000,0.000,0.000,0.000,0.000,0.000,0.000,0.000,0.000,0.000,0.000,0.000,0.000,0.000,0.000,0.000,0.000,7785.524,0.000,0.000,0.000,0.000,0.000,0.000,0.000,0.000,0.000,0.000,0.000,0.000,0.000,0.000,0.000,0.000,0.000,0.000,0.000,0.000,0.000,0.000,0.000,0.000,0.000,0.000,0.000,0.000,0.000,0.000,4322.934,0.000,0.000,539.115,0.000,0.000
4.000,0.000,0.000,0.000,0.000,0.000,0.000,0.000,6126.152,0.000,0.000,0.000,0.000,0.000,0.000,0.000,0.000,0.000,0.000,0.000,10690.117,0.000,0.000,0.000,0.000,0.000,0.000,0.000,0.000,0.000,0.000,4689.934,0.000,0.000,0.000,0.000,0.000,0.000,0.000,0.000,0.000,0.000,0.000,0.000,0.000,0.000,0.000,0.000,0.000,0.000,7785.524,0.000,0.000,0.000,0.000,0.000,0.000,0.000,0.000,0.000,0.000,0.000,0.000,0.000,0.000,0.000,0.000,0.000,0.000,0.000,0.000,0.000,0.000,0.000,0.000,0.000,0.000,0.000,0.000,0.000,0.000,4322.934,0.000,0.000,539.115,0.000,0.000
5.000,0.000,0.000,0.000,0.000,0.000,0.000,0.000,6248.083,0.000,0.000,0.000,0.000,0.000,0.000,0.000,0.000,0.000,0.000,0.000,10690.117,0.000,0.000,0.000,0.000,0.000,0.000,0.000,0.000,0.000,0.000,4689.934,0.000,0.000,0.000,0.000,0.000,0.000,0.000,0.000,0.000,0.000,0.000,0.000,0.000,0.000,0.000,0.000,0.000,0.000,7785.524,0.000,0.000,0.000,0.000,0.000,0.000,0.000,0.000,0.000,0.000,0.000,0.000,0.000,0.000,0.000,0.000,0.000,0.000,0.000,0.000,0.000,0.000,0.000,0.000,0.000,0.000,0.000,0.000,0.000,0.000,4322.934,0.000,0.000,539.115,0.000,0.000
6.000,0.000,0.000,0.000,0.000,0.000,0.000,0.000,6811.224,0.000,0.000,0.000,0.000,0.000,0.000,0.000,0.000,0.000,0.000,0.000,10690.117,0.000,0.000,0.000,0.000,0.000,0.000,0.000,0.000,0.000,0.000,4689.934,0.000,0.000,0.000,0.000,0.000,0.000,0.000,0.000,0.000,0.000,0.000,0.000,0.000,0.000,0.000,0.000,0.000,0.000,7785.524,0.000,0.000,0.000,0.000,0.000,0.000,0.000,0.000,0.000,0.000,0.000,0.000,0.000,0.000,0.000,0.000,0.000,0.000,0.000,0.000,0.000,0.000,0.000,0.000,0.000,0.000,0.000,0.000,0.000,0.000,4322.934,0.000,0.000,539.115,0.000,0.000
7.000,0.000,0.000,0.000,0.000,0.000,0.000,0.000,7388.123,0.000,0.000,0.000,0.000,0.000,0.000,0.000,0.000,0.000,0.000,0.000,10690.117,0.000,0.000,0.000,0.000,0.000,0.000,0.000,0.000,0.000,0.000,5253.153,0.000,0.000,0.000,0.000,0.000,0.000,0.000,0.000,0.000,0.000,0.000,0.000,0.000,0.000,0.000,0.000,0.000,0.000,7785.524,0.000,0.000,0.000,0.000,0.000,0.000,0.000,0.000,0.000,0.000,0.000,0.000,0.000,0.000,0.000,0.000,0.000,0.000,0.000,0.000,0.000,0.000,0.000,0.000,0.000,0.000,0.000,0.000,0.000,0.000,4322.934,0.000,0.000,539.115,0.000,0.000
8.000,0.000,0.000,0.000,0.000,0.000,0.000,0.000,7833.266,0.000,0.000,0.000,0.000,0.000,0.000,0.000,0.000,0.000,0.000,0.000,10690.117,0.000,0.000,0.000,0.000,0.000,0.000,0.000,0.000,0.000,0.000,5668.598,0.000,0.000,0.000,0.000,0.000,0.000,0.000,0.000,0.000,0.000,0.000,0.000,0.000,0.000,0.000,0.000,0.000,0.000,7785.524,0.000,0.000,0.000,0.000,0.000,0.000,0.000,0.000,0.000,0.000,0.000,0.000,0.000,0.000,0.000,0.000,0.000,0.000,0.000,0.000,0.000,0.000,0.000,0.000,0.000,0.000,0.000,0.000,0.000,0.000,4322.934,0.000,0.000,539.115,0.000,623.563
9.000,0.000,0.000,0.000,0.000,0.000,0.000,0.000,8130.250,0.000,0.000,0.000,0.000,0.000,0.000,0.000,0.000,0.000,0.000,0.000,10690.117,0.000,0.000,0.000,0.000,0.000,0.000,0.000,0.000,0.000,0.000,5972.680,0.000,0.000,0.000,0.000,0.000,0.000,0.000,0.000,0.000,0.000,0.000,0.000,0.000,0.000,0.000,0.000,0.000,0.000,7785.524,0.000,0.000,0.000,0.000,0.000,0.000,0.000,0.000,0.000,0.000,0.000,0.000,0.000,0.000,0.000,0.000,0.000,0.000,0.000,0.000,0.000,0.000,0.000,0.000,0.000,0.000,0.000,0.000,0.000,0.000,4322.934,0.000,0.000,539.115,0.000,623.563
10.000,0.000,0.000,0.000,0.000,0.000,0.000,0.000,8353.930,0.000,0.000,0.000,0.000,0.000,0.000,0.000,0.000,0.000,0.000,0.000,10555.164,0.000,0.000,0.000,0.000,0.000,0.000,0.000,0.000,0.000,0.000,4689.934,0.000,0.000,0.000,0.000,0.000,0.000,0.000,0.000,0.000,0.000,0.000,0.000,0.000,0.000,0.000,0.000,0.000,0.000,7785.524,0.000,0.000,0.000,0.000,0.000,0.000,0.000,0.000,0.000,0.000,0.000,0.000,0.000,0.000,0.000,0.000,0.000,0.000,0.000,0.000,0.000,0.000,0.000,0.000,0.000,0.000,0.000,0.000,0.000,0.000,4322.934,0.000,0.000,539.115,0.000,623.563
11.000,0.000,0.000,0.000,0.000,0.000,0.000,0.000,7517.935,0.000,0.000,0.000,0.000,0.000,0.000,0.000,0.000,0.000,0.000,0.000,10690.117,0.000,0.000,0.000,0.000,0.000,0.000,0.000,0.000,0.000,0.000,5713.839,0.000,0.000,0.000,0.000,0.000,0.000,0.000,0.000,0.000,0.000,0.000,0.000,0.000,0.000,0.000,0.000,0.000,0.000,7785.524,0.000,0.000,0.000,0.000,0.000,0.000,0.000,0.000,0.000,0.000,0.000,0.000,0.000,0.000,0.000,0.000,0.000,0.000,0.000,0.000,0.000,0.000,0.000,0.000,0.000,0.000,0.000,0.000,0.000,0.000,4322.934,0.000,0.000,539.115,0.000,623.563
12.000,0.000,0.000,0.000,0.000,0.000,0.000,0.000,6868.867,0.000,0.000,0.000,0.000,0.000,0.000,0.000,0.000,0.000,0.000,0.000,10690.117,0.000,0.000,881.690,0.000,0.000,0.000,0.000,0.000,0.000,0.000,5393.100,0.000,0.000,0.000,0.000,0.000,0.000,0.000,0.000,0.000,0.000,0.000,0.000,0.000,0.000,0.000,0.000,0.000,0.000,7785.524,0.000,0.000,0.000,0.000,0.000,0.000,0.000,0.000,0.000,0.000,0.000,0.000,0.000,0.000,0.000,0.000,0.000,0.000,0.000,0.000,0.000,0.000,0.000,0.000,0.000,0.000,0.000,0.000,0.000,0.000,4322.934,0.000,0.000,539.115,0.000,623.563
13.000,0.000,0.000,0.000,0.000,0.000,0.000,0.000,7101.205,0.000,0.000,0.000,0.000,0.000,0.000,0.000,0.000,0.000,0.000,0.000,10690.117,0.000,0.000,881.690,0.000,0.000,0.000,0.000,0.000,0.000,0.000,6171.813,0.000,0.000,0.000,0.000,0.000,0.000,0.000,0.000,0.000,0.000,0.000,0.000,0.000,0.000,0.000,0.000,0.000,0.000,7785.524,0.000,0.000,0.000,0.000,0.000,0.000,0.000,0.000,0.000,0.000,0.000,0.000,0.000,0.000,0.000,0.000,0.000,0.000,0.000,0.000,0.000,0.000,0.000,0.000,0.000,0.000,0.000,0.000,0.000,0.000,4322.934,669.691,0.000,539.115,0.000,623.563
14.000,0.000,0.000,0.000,0.000,0.000,0.000,0.000,7589.513,0.000,0.000,0.000,0.000,0.000,0.000,0.000,0.000,0.000,0.000,0.000,10690.117,0.000,0.000,881.690,0.000,0.000,0.000,0.000,0.000,0.000,0.000,6342.914,0.000,0.000,0.000,0.000,0.000,0.000,0.000,0.000,0.000,0.000,0.000,0.000,0.000,0.000,0.000,0.000,0.000,0.000,7785.524,0.000,0.000,0.000,0.000,0.000,0.000,0.000,0.000,0.000,0.000,0.000,0.000,0.000,0.000,0.000,0.000,0.000,0.000,0.000,0.000,0.000,0.000,0.000,0.000,0.000,0.000,0.000,0.000,0.000,0.000,4322.934,669.691,0.000,539.115,0.000,623.563
15.000,0.000,0.000,0.000,0.000,0.000,0.000,0.000,7993.573,0.000,0.000,0.000,0.000,0.000,0.000,0.000,0.000,0.000,0.000,0.000,9133.914,0.000,0.000,881.690,0.000,0.000,0.000,0.000,0.000,0.000,0.000,5757.838,0.000,0.000,0.000,0.000,0.000,0.000,0.000,0.000,0.000,0.000,0.000,0.000,0.000,0.000,0.000,0.000,0.000,0.000,7785.524,0.000,0.000,0.000,0.000,0.000,0.000,0.000,0.000,0.000,0.000,0.000,0.000,0.000,0.000,0.000,0.000,0.000,0.000,0.000,0.000,0.000,0.000,0.000,0.000,0.000,0.000,0.000,0.000,0.000,0.000,4322.934,669.691,1418.052,539.115,0.000,623.563
16.000,0.000,0.000,0.000,0.000,0.000,0.000,0.000,8184.362,0.000,0.000,0.000,0.000,0.000,0.000,0.000,0.000,0.000,0.000,0.000,9133.914,0.000,0.000,0.000,0.000,0.000,0.000,0.000,0.000,0.000,0.000,6160.496,0.000,0.000,0.000,0.000,0.000,0.000,0.000,0.000,0.000,0.000,0.000,0.000,0.000,0.000,0.000,0.000,0.000,0.000,7785.524,0.000,0.000,0.000,0.000,0.000,0.000,0.000,0.000,0.000,0.000,0.000,0.000,0.000,0.000,0.000,0.000,0.000,0.000,0.000,0.000,0.000,0.000,0.000,0.000,0.000,0.000,0.000,0.000,0.000,0.000,4322.934,1466.620,1418.052,539.115,0.000,623.563
17.000,0.000,0.000,0.000,0.000,0.000,0.000,0.000,8228.235,0.000,0.000,0.000,0.000,0.000,0.000,0.000,0.000,0.000,0.000,0.000,9133.914,0.000,0.000,0.000,0.000,0.000,0.000,0.000,0.000,0.000,0.000,6239.596,0.000,0.000,0.000,0.000,0.000,0.000,0.000,900.818,0.000,0.000,0.000,0.000,0.000,0.000,0.000,0.000,0.000,0.000,7785.524,0.000,0.000,0.000,0.000,0.000,0.000,0.000,0.000,0.000,0.000,0.000,0.000,0.000,0.000,0.000,0.000,0.000,0.000,0.000,0.000,0.000,0.000,0.000,0.000,0.000,0.000,0.000,0.000,0.000,0.000,4322.934,1466.620,1418.052,539.115,0.000,623.563
18.000,0.000,0.000,0.000,0.000,0.000,0.000,0.000,8253.535,0.000,0.000,0.000,0.000,0.000,0.000,0.000,0.000,0.000,0.000,0.000,9133.914,0.000,0.000,0.000,0.000,0.000,0.000,0.000,0.000,0.000,0.000,6450.901,0.000,0.000,0.000,0.000,0.000,0.000,0.000,900.818,0.000,0.000,0.000,0.000,0.000,0.000,0.000,0.000,0.000,0.000,7785.524,31696.604,0.000,0.000,0.000,0.000,0.000,0.000,0.000,0.000,0.000,0.000,0.000,0.000,0.000,0.000,0.000,0.000,0.000,0.000,0.000,0.000,0.000,0.000,0.000,0.000,0.000,0.000,0.000,0.000,0.000,4322.934,669.691,1418.052,539.115,0.000,623.563
19.000,0.000,0.000,0.000,0.000,0.000,0.000,0.000,7780.950,0.000,0.000,0.000,0.000,0.000,0.000,0.000,0.000,0.000,0.000,0.000,9492.853,0.000,0.000,0.000,0.000,0.000,0.000,0.000,0.000,0.000,0.000,6097.436,0.000,0.000,0.000,0.000,0.000,0.000,0.000,1644.641,0.000,0.000,0.000,0.000,0.000,0.000,0.000,0.000,0.000,0.000,7785.524,31696.604,0.000,0.000,0.000,0.000,0.000,0.000,0.000,0.000,0.000,0.000,0.000,0.000,0.000,0.000,0.000,0.000,0.000,0.000,0.000,0.000,0.000,0.000,0.000,0.000,0.000,0.000,0.000,0.000,0.000,4322.934,669.691,1418.052,539.115,0.000,623.563
20.000,0.000,0.000,0.000,0.000,0.000,0.000,0.000,8036.475,0.000,0.000,0.000,0.000,0.000,0.000,0.000,0.000,0.000,0.000,0.000,9492.853,0.000,0.000,0.000,0.000,0.000,0.000,0.000,0.000,0.000,0.000,5933.064,0.000,0.000,0.000,0.000,0.000,0.000,0.000,1644.641,0.000,0.000,0.000,0.000,0.000,0.000,0.000,0.000,0.000,0.000,7785.524,31696.604,0.000,0.000,0.000,0.000,0.000,0.000,0.000,0.000,0.000,0.000,0.000,0.000,0.000,0.000,0.000,0.000,0.000,0.000,0.000,0.000,0.000,0.000,0.000,0.000,0.000,0.000,0.000,0.000,0.000,4322.934,669.691,1418.052,539.115,0.000,623.563
21.000,0.000,0.000,0.000,0.000,0.000,0.000,0.000,7609.181,0.000,0.000,0.000,0.000,0.000,0.000,0.000,0.000,0.000,0.000,0.000,9492.853,0.000,0.000,0.000,0.000,0.000,0.000,0.000,0.000,0.000,0.000,5066.454,0.000,0.000,0.000,0.000,0.000,0.000,0.000,1644.641,0.000,0.000,0.000,0.000,0.000,0.000,0.000,0.000,0.000,0.000,7785.524,31696.604,0.000,0.000,0.000,0.000,0.000,0.000,0.000,0.000,0.000,0.000,0.000,0.000,0.000,0.000,0.000,0.000,0.000,0.000,0.000,0.000,0.000,0.000,0.000,0.000,0.000,0.000,0.000,0.000,0.000,4322.934,669.691,964.565,539.115,0.000,623.563
22.000,0.000,0.000,0.000,0.000,0.000,0.000,0.000,7779.998,0.000,0.000,0.000,0.000,0.000,0.000,0.000,0.000,0.000,0.000,0.000,9279.808,0.000,0.000,0.000,0.000,0.000,0.000,0.000,0.000,0.000,0.000,5740.182,0.000,0.000,0.000,0.000,0.000,0.000,0.000,1644.641,0.000,0.000,0.000,0.000,0.000,0.000,0.000,0.000,0.000,0.000,7785.524,0.000,0.000,0.000,0.000,0.000,0.000,0.000,0.000,0.000,0.000,0.000,0.000,0.000,0.000,0.000,0.000,0.000,0.000,0.000,0.000,0.000,0.000,0.000,0.000,0.000,0.000,0.000,0.000,0.000,0.000,4322.934,1466.620,1418.052,539.115,0.000,623.563
23.000,0.000,0.000,0.000,0.000,0.000,0.000,0.000,6244.137,0.000,0.000,0.000,0.000,0.000,0.000,0.000,0.000,0.000,0.000,0.000,11076.979,0.000,0.000,0.000,0.000,0.000,0.000,0.000,0.000,0.000,0.000,5654.144,0.000,0.000,0.000,0.000,0.000,0.000,0.000,1644.641,0.000,0.000,0.000,0.000,0.000,0.000,0.000,0.000,0.000,0.000,7785.524,0.000,0.000,0.000,0.000,0.000,0.000,0.000,0.000,0.000,0.000,0.000,0.000,0.000,0.000,0.000,0.000,0.000,0.000,0.000,0.000,0.000,0.000,0.000,0.000,0.000,0.000,0.000,0.000,0.000,0.000,4322.934,669.691,1418.052,539.115,0.000,623.563
24.000,0.000,0.000,0.000,0.000,0.000,0.000,0.000,6256.342,0.000,0.000,0.000,0.000,0.000,0.000,0.000,0.000,0.000,0.000,0.000,11102.389,0.000,0.000,0.000,0.000,0.000,0.000,0.000,0.000,0.000,0.000,5674.131,0.000,0.000,0.000,0.000,0.000,0.000,0.000,1644.641,0.000,0.000,0.000,0.000,0.000,0.000,0.000,0.000,0.000,0.000,7785.524,0.000,0.000,0.000,0.000,0.000,0.000,0.000,0.000,0.000,0.000,0.000,0.000,0.000,0.000,0.000,0.000,0.000,0.000,0.000,0.000,0.000,0.000,0.000,0.000,0.000,0.000,0.000,0.000,0.000,0.000,4322.934,669.691,1418.052,539.115,0.000,623.563
25.000,0.000,0.000,0.000,0.000,0.000,0.000,0.000,6958.850,0.000,0.000,0.000,0.000,0.000,0.000,0.000,0.000,0.000,0.000,0.000,11126.948,0.000,0.000,0.000,0.000,0.000,0.000,0.000,0.000,0.000,0.000,5140.110,0.000,0.000,0.000,0.000,0.000,0.000,0.000,1644.641,0.000,0.000,0.000,0.000,0.000,0.000,0.000,0.000,0.000,0.000,7785.524,0.000,0.000,0.000,0.000,0.000,0.000,0.000,0.000,0.000,0.000,0.000,0.000,0.000,0.000,0.000,0.000,0.000,0.000,0.000,0.000,0.000,0.000,0.000,0.000,0.000,0.000,0.000,0.000,0.000,0.000,4322.934,669.691,1418.052,539.115,0.000,623.563
26.000,0.000,0.000,0.000,0.000,0.000,0.000,0.000,7263.806,0.000,0.000,0.000,0.000,0.000,0.000,0.000,0.000,0.000,0.000,0.000,11114.790,0.000,0.000,0.000,0.000,0.000,0.000,0.000,0.000,0.000,0.000,5242.104,0.000,0.000,0.000,0.000,0.000,0.000,0.000,1644.641,0.000,0.000,0.000,0.000,0.000,0.000,0.000,0.000,0.000,0.000,7785.524,0.000,0.000,0.000,0.000,0.000,0.000,0.000,0.000,0.000,0.000,0.000,0.000,0.000,0.000,0.000,0.000,0.000,0.000,0.000,0.000,0.000,0.000,0.000,0.000,0.000,0.000,0.000,0.000,0.000,0.000,4322.934,669.691,1418.052,539.115,0.000,623.563
27.000,0.000,0.000,0.000,0.000,0.000,0.000,0.000,6456.066,0.000,0.000,0.000,0.000,0.000,0.000,0.000,0.000,0.000,0.000,0.000,11114.790,0.000,0.000,0.000,0.000,0.000,0.000,0.000,0.000,0.000,0.000,6138.068,0.000,0.000,0.000,0.000,0.000,0.000,0.000,1644.641,0.000,0.000,0.000,0.000,0.000,0.000,0.000,0.000,0.000,0.000,7785.524,0.000,0.000,0.000,0.000,0.000,0.000,0.000,0.000,0.000,0.000,0.000,0.000,0.000,0.000,0.000,0.000,0.000,0.000,0.000,0.000,0.000,0.000,0.000,0.000,0.000,0.000,0.000,0.000,0.000,0.000,4322.934,669.691,1418.052,539.115,0.000,623.563
28.000,0.000,0.000,0.000,0.000,0.000,0.000,0.000,7014.336,0.000,0.000,0.000,0.000,0.000,0.000,0.000,0.000,0.000,0.000,0.000,11138.984,0.000,0.000,0.000,0.000,0.000,0.000,0.000,0.000,0.000,0.000,6436.825,0.000,0.000,0.000,0.000,0.000,0.000,0.000,1644.641,0.000,0.000,0.000,0.000,0.000,0.000,0.000,0.000,0.000,0.000,7785.524,0.000,0.000,0.000,0.000,0.000,0.000,0.000,0.000,0.000,0.000,0.000,0.000,0.000,0.000,0.000,0.000,0.000,0.000,0.000,0.000,0.000,0.000,0.000,0.000,0.000,0.000,0.000,0.000,0.000,0.000,4322.934,669.691,1418.052,539.115,0.000,623.563
29.000,0.000,0.000,0.000,0.000,0.000,0.000,0.000,7247.394,0.000,0.000,0.000,0.000,0.000,0.000,0.000,0.000,0.000,0.000,0.000,11195.762,0.000,0.000,0.000,0.000,0.000,0.000,0.000,0.000,0.000,0.000,6450.901,0.000,0.000,0.000,0.000,0.000,0.000,0.000,0.000,0.000,0.000,0.000,0.000,0.000,0.000,0.000,0.000,0.000,0.000,7785.524,0.000,0.000,0.000,0.000,0.000,0.000,0.000,0.000,0.000,0.000,0.000,0.000,0.000,0.000,0.000,0.000,0.000,0.000,0.000,0.000,0.000,0.000,0.000,0.000,0.000,3295.594,0.000,0.000,0.000,0.000,4322.934,669.691,1418.052,539.115,0.000,623.563
30.000,0.000,0.000,0.000,0.000,0.000,0.000,0.000,8354.322,0.000,0.000,0.000,0.000,0.000,0.000,0.000,0.000,0.000,0.000,0.000,11173.634,0.000,0.000,0.000,0.000,0.000,0.000,0.000,0.000,0.000,0.000,6450.901,0.000,0.000,0.000,0.000,0.000,0.000,0.000,0.000,0.000,0.000,0.000,0.000,0.000,0.000,0.000,0.000,0.000,0.000,7785.524,0.000,0.000,0.000,0.000,0.000,0.000,0.000,0.000,0.000,0.000,0.000,0.000,0.000,0.000,0.000,0.000,0.000,0.000,0.000,0.000,0.000,0.000,0.000,0.000,0.000,4199.443,0.000,0.000,0.000,0.000,4322.934,669.691,1418.052,539.115,0.000,623.563
31.000,0.000,0.000,0.000,0.000,0.000,0.000,0.000,8354.322,0.000,0.000,0.000,0.000,0.000,0.000,0.000,0.000,0.000,0.000,0.000,11184.820,0.000,0.000,0.000,0.000,0.000,0.000,0.000,0.000,0.000,0.000,6450.901,0.000,0.000,0.000,0.000,0.000,0.000,0.000,0.000,0.000,0.000,0.000,0.000,0.000,0.000,0.000,0.000,0.000,0.000,7785.524,0.000,0.000,0.000,0.000,0.000,0.000,0.000,0.000,0.000,0.000,0.000,0.000,0.000,0.000,1113.219,0.000,0.000,0.000,0.000,0.000,0.000,0.000,0.000,0.000,0.000,4312.948,0.000,0.000,0.000,0.000,4322.934,669.691,1418.052,539.115,0.000,623.563
32.000,0.000,0.000,0.000,0.000,0.000,0.000,0.000,8353.023,0.000,0.000,0.000,0.000,0.000,0.000,0.000,0.000,0.000,0.000,0.000,11217.038,0.000,0.000,0.000,0.000,0.000,0.000,0.000,0.000,0.000,0.000,6450.901,0.000,0.000,0.000,0.000,0.000,0.000,0.000,0.000,0.000,0.000,0.000,0.000,0.000,0.000,0.000,0.000,0.000,0.000,7785.524,0.000,0.000,0.000,0.000,0.000,0.000,0.000,0.000,0.000,0.000,0.000,0.000,0.000,0.000,1113.219,0.000,0.000,0.000,0.000,0.000,0.000,0.000,0.000,0.000,0.000,4312.948,0.000,0.000,0.000,0.000,4322.934,669.691,1418.052,539.115,0.000,623.563
33.000,0.000,0.000,0.000,0.000,0.000,0.000,0.000,8353.023,0.000,0.000,0.000,0.000,0.000,0.000,0.000,0.000,0.000,0.000,0.000,11184.820,0.000,0.000,0.000,0.000,0.000,0.000,0.000,0.000,0.000,0.000,6450.901,0.000,0.000,0.000,0.000,0.000,0.000,0.000,0.000,0.000,0.000,0.000,0.000,0.000,0.000,0.000,0.000,0.000,0.000,7785.524,0.000,0.000,0.000,0.000,0.000,0.000,0.000,0.000,0.000,0.000,0.000,0.000,0.000,0.000,1662.948,0.000,0.000,0.000,0.000,0.000,0.000,0.000,0.000,0.000,0.000,4312.948,0.000,0.000,0.000,0.000,4322.934,669.691,1418.052,539.115,0.000,623.563
34.000,0.000,0.000,0.000,0.000,0.000,0.000,0.000,8353.023,0.000,0.000,0.000,0.000,0.000,0.000,0.000,0.000,0.000,0.000,0.000,11173.634,0.000,0.000,0.000,0.000,0.000,0.000,0.000,0.000,0.000,0.000,6450.901,0.000,0.000,0.000,0.000,0.000,0.000,0.000,0.000,0.000,0.000,0.000,0.000,0.000,0.000,0.000,0.000,0.000,0.000,7785.524,0.000,0.000,0.000,0.000,0.000,0.000,0.000,0.000,0.000,0.000,0.000,0.000,0.000,0.000,1237.539,0.000,0.000,0.000,0.000,0.000,0.000,0.000,0.000,0.000,0.000,4312.948,0.000,0.000,0.000,0.000,4322.934,1466.620,1418.052,539.115,0.000,623.563
35.000,0.000,0.000,0.000,0.000,0.000,0.000,0.000,8353.023,0.000,0.000,0.000,0.000,0.000,0.000,0.000,0.000,0.000,0.000,0.000,11173.634,0.000,0.000,0.000,0.000,0.000,0.000,0.000,0.000,0.000,0.000,6450.901,0.000,0.000,0.000,0.000,0.000,0.000,0.000,0.000,0.000,0.000,0.000,0.000,0.000,0.000,0.000,0.000,0.000,0.000,7785.524,0.000,0.000,0.000,0.000,0.000,0.000,0.000,0.000,0.000,0.000,0.000,0.000,0.000,0.000,0.000,0.000,0.000,0.000,0.000,0.000,0.000,0.000,0.000,0.000,0.000,4312.948,0.000,0.000,0.000,0.000,4322.934,1466.620,1418.052,539.115,0.000,623.563
36.000,0.000,0.000,0.000,0.000,0.000,0.000,0.000,8353.023,0.000,0.000,0.000,0.000,0.000,0.000,0.000,0.000,0.000,0.000,0.000,11173.634,0.000,0.000,0.000,0.000,0.000,0.000,0.000,0.000,0.000,0.000,6450.901,0.000,0.000,0.000,0.000,0.000,0.000,0.000,0.000,0.000,0.000,0.000,0.000,0.000,0.000,0.000,0.000,0.000,0.000,7785.524,0.000,0.000,0.000,0.000,0.000,0.000,0.000,0.000,0.000,0.000,0.000,0.000,0.000,0.000,0.000,0.000,0.000,0.000,0.000,0.000,0.000,0.000,0.000,0.000,0.000,4312.948,0.000,0.000,0.000,0.000,4322.934,1466.620,1418.052,539.115,0.000,623.563
37.000,0.000,0.000,0.000,0.000,0.000,0.000,0.000,8302.790,0.000,0.000,0.000,0.000,0.000,0.000,0.000,0.000,0.000,0.000,0.000,11173.634,0.000,0.000,0.000,0.000,0.000,0.000,0.000,0.000,0.000,0.000,6450.901,0.000,0.000,0.000,0.000,0.000,0.000,0.000,0.000,0.000,0.000,0.000,0.000,0.000,0.000,0.000,0.000,0.000,0.000,7785.524,0.000,0.000,0.000,0.000,0.000,0.000,0.000,0.000,0.000,0.000,0.000,0.000,0.000,0.000,0.000,0.000,0.000,0.000,0.000,0.000,0.000,0.000,0.000,0.000,0.000,4312.948,0.000,0.000,0.000,0.000,4322.934,894.286,1418.052,539.115,0.000,623.563
38.000,0.000,0.000,0.000,0.000,0.000,0.000,0.000,8353.023,0.000,0.000,0.000,0.000,0.000,0.000,0.000,0.000,0.000,0.000,0.000,11173.634,0.000,0.000,1595.670,0.000,0.000,0.000,0.000,0.000,0.000,0.000,6450.901,0.000,0.000,0.000,0.000,0.000,0.000,0.000,0.000,0.000,0.000,0.000,0.000,0.000,0.000,0.000,0.000,0.000,0.000,7785.524,0.000,0.000,0.000,0.000,0.000,0.000,0.000,0.000,0.000,0.000,0.000,0.000,0.000,0.000,0.000,0.000,0.000,0.000,0.000,0.000,0.000,0.000,0.000,0.000,0.000,4312.948,0.000,0.000,0.000,0.000,4322.934,669.691,1418.052,539.115,0.000,0.000
39.000,0.000,0.000,0.000,0.000,0.000,0.000,0.000,8278.517,0.000,0.000,0.000,0.000,0.000,0.000,0.000,0.000,0.000,0.000,0.000,11173.634,0.000,0.000,1595.670,0.000,0.000,0.000,0.000,0.000,0.000,0.000,6450.901,0.000,0.000,0.000,0.000,0.000,0.000,0.000,0.000,0.000,0.000,0.000,0.000,0.000,0.000,0.000,0.000,0.000,0.000,7785.524,0.000,0.000,0.000,0.000,0.000,0.000,0.000,0.000,0.000,0.000,0.000,0.000,0.000,0.000,0.000,0.000,0.000,0.000,0.000,0.000,0.000,0.000,0.000,0.000,0.000,4312.948,0.000,0.000,0.000,0.000,4322.934,0.000,0.000,539.115,0.000,0.000
40.000,0.000,0.000,0.000,0.000,0.000,0.000,0.000,8353.023,0.000,0.000,0.000,0.000,0.000,0.000,0.000,0.000,0.000,0.000,0.000,11173.634,0.000,0.000,1595.670,0.000,0.000,0.000,0.000,0.000,0.000,0.000,6450.901,0.000,0.000,0.000,0.000,0.000,0.000,0.000,0.000,0.000,0.000,0.000,0.000,0.000,0.000,0.000,0.000,0.000,0.000,7785.524,0.000,0.000,0.000,0.000,0.000,0.000,0.000,0.000,0.000,0.000,0.000,0.000,0.000,0.000,0.000,0.000,0.000,0.000,0.000,0.000,0.000,0.000,0.000,0.000,0.000,4312.948,0.000,0.000,0.000,0.000,4322.934,0.000,0.000,539.115,0.000,0.000
41.000,0.000,0.000,0.000,0.000,0.000,0.000,0.000,8116.470,0.000,0.000,0.000,0.000,0.000,0.000,0.000,0.000,0.000,0.000,0.000,10617.170,0.000,0.000,1595.670,0.000,0.000,0.000,0.000,0.000,0.000,0.000,6450.901,0.000,0.000,0.000,0.000,0.000,0.000,0.000,0.000,0.000,0.000,0.000,0.000,0.000,0.000,0.000,0.000,0.000,0.000,7785.524,0.000,0.000,0.000,0.000,0.000,0.000,0.000,0.000,0.000,0.000,0.000,0.000,0.000,0.000,0.000,0.000,0.000,0.000,0.000,0.000,0.000,0.000,0.000,0.000,0.000,4312.948,0.000,0.000,0.000,0.000,4322.934,0.000,0.000,539.115,0.000,0.000
42.000,0.000,0.000,0.000,0.000,0.000,0.000,0.000,7281.712,0.000,0.000,0.000,0.000,0.000,0.000,0.000,0.000,0.000,0.000,0.000,10617.170,0.000,0.000,1595.670,0.000,0.000,0.000,0.000,0.000,0.000,0.000,6450.901,0.000,0.000,0.000,0.000,0.000,0.000,0.000,0.000,0.000,0.000,0.000,0.000,0.000,0.000,0.000,0.000,0.000,0.000,7785.524,0.000,0.000,0.000,0.000,0.000,0.000,0.000,0.000,0.000,0.000,0.000,0.000,0.000,0.000,0.000,0.000,0.000,0.000,0.000,0.000,0.000,0.000,0.000,0.000,0.000,4312.948,0.000,0.000,0.000,0.000,4322.934,0.000,0.000,539.115,0.000,0.000
43.000,0.000,0.000,0.000,0.000,0.000,0.000,0.000,7734.154,0.000,0.000,0.000,0.000,0.000,0.000,0.000,0.000,0.000,0.000,0.000,10690.117,0.000,0.000,0.000,0.000,0.000,0.000,0.000,0.000,0.000,0.000,6450.901,0.000,0.000,0.000,0.000,0.000,0.000,0.000,0.000,0.000,0.000,0.000,0.000,0.000,0.000,0.000,0.000,0.000,0.000,7785.524,0.000,0.000,0.000,0.000,0.000,0.000,0.000,0.000,0.000,0.000,0.000,0.000,0.000,0.000,0.000,0.000,0.000,0.000,0.000,0.000,0.000,0.000,0.000,0.000,0.000,4312.948,0.000,0.000,0.000,0.000,4322.934,0.000,0.000,539.115,0.000,0.000
44.000,0.000,0.000,0.000,0.000,0.000,0.000,0.000,5894.520,0.000,0.000,0.000,0.000,0.000,0.000,0.000,0.000,0.000,0.000,0.000,10617.170,0.000,0.000,0.000,0.000,0.000,0.000,0.000,0.000,0.000,0.000,5987.662,0.000,0.000,0.000,0.000,0.000,0.000,0.000,0.000,0.000,0.000,0.000,0.000,0.000,0.000,0.000,0.000,0.000,0.000,7785.524,0.000,0.000,0.000,0.000,0.000,0.000,0.000,0.000,0.000,0.000,0.000,0.000,0.000,0.000,0.000,0.000,0.000,0.000,0.000,0.000,0.000,0.000,0.000,0.000,0.000,4312.948,0.000,0.000,0.000,0.000,4322.934,0.000,0.000,539.115,0.000,0.000
