"ETAPA \ GENERADOR","CALLAHUANCA","HUAMPANI","MOYOPAMPA","MANTARO","RESTITUCION","OROYA","PACHACHACA","YAUPI","HUANCHOR","PARIAC","YANANGO","CHARCANI IV","CHARCANI V","CHARCANI VI","ARICOTA I","MACHUPICCHU","SAN GABAN II","YUNCAN","CAHUA","MALPASO","CANON DEL PATO","GALLITO CIEGO","ARCATA","CHARCANI 123","SANTA TERESA","QUITARACSA","PCH CHAGLLA","CH CARHUAQUERO IV","HUANZA","MCH CERRO DEL AGUILA","CARHUAC","CHAGLLA G1","CHAGLLA G2","HUINCO G1","HUINCO G2","HUINCO G3","HUINCO G4","CERRO DEL AGUILA G1","CERRO DEL AGUILA G2","CERRO DEL AGUILA G3","CH CANA BRAVA","CHIMAY G1","CHIMAY G2","MATUCANA G1","MATUCANA G2","LA VIRGEN","CARHUAQUERO G1","CARHUAQUERO G2","CARHUAQUERO G3","CHEVES G1","CHEVES G2","PLATANAL G1","PLATANAL G2"
1.000,0.000,0.397,0.397,0.000,12.024,0.000,0.000,7.165,0.214,0.000,0.333,0.000,0.000,9.826,0.017,55.480,0.000,11.325,11.193,0.000,52.169,0.310,0.000,0.368,2.701,0.000,0.010,0.000,0.000,0.218,0.000,0.000,0.000,0.000,0.000,0.000,0.000,0.000,0.000,0.000,0.000,0.000,0.000,0.000,0.000,0.493,0.000,0.000,0.000,0.000,0.000,0.000,0.000
2.000,0.000,0.397,0.397,0.000,12.024,0.000,0.000,5.421,0.214,0.000,0.333,0.000,0.000,9.826,0.017,55.480,0.000,9.580,11.193,0.000,22.910,0.310,0.000,0.356,2.701,0.000,0.010,0.000,0.000,0.218,0.000,0.000,0.000,0.000,0.000,0.000,0.000,0.000,0.000,0.000,0.000,0.000,0.000,0.000,0.000,0.493,0.000,0.000,0.000,0.000,0.000,0.000,0.000
3.000,0.000,0.397,0.397,0.000,12.024,0.000,0.000,4.789,0.214,0.000,0.333,0.000,0.000,9.826,0.017,55.480,0.000,8.948,11.193,0.000,13.647,0.310,0.000,0.347,2.701,0.000,0.010,0.000,0.000,0.218,0.000,0.000,0.000,0.000,0.000,0.000,0.000,0.000,0.000,0.000,0.000,0.000,0.000,0.000,0.000,0.493,0.000,0.000,0.000,0.000,0.000,0.000,0.000
4.000,0.000,0.397,0.397,0.000,12.024,0.000,0.000,4.433,0.214,0.000,0.333,0.000,0.000,9.826,0.017,55.480,0.000,8.593,11.193,0.000,8.643,0.310,0.000,0.340,2.701,0.000,0.010,0.000,0.000,0.218,0.000,0.000,0.000,0.000,0.000,0.000,0.000,0.000,0.000,0.000,0.000,0.000,0.000,0.000,0.000,0.493,0.000,0.000,0.000,0.000,0.000,0.000,0.000
5.000,0.000,0.397,0.397,0.000,12.024,0.000,0.000,4.198,0.214,0.000,0.333,0.000,0.000,9.826,0.017,55.480,0.000,8.358,11.193,0.000,52.169,0.310,0.000,0.334,2.701,0.000,0.010,0.000,0.000,0.218,0.000,0.000,0.000,0.000,0.000,0.000,0.000,0.000,0.000,0.000,0.000,0.000,0.000,0.000,0.000,0.493,0.000,0.000,0.000,0.000,0.000,0.000,0.000
6.000,0.000,0.397,0.397,0.000,12.024,0.000,0.000,4.028,0.214,0.000,0.333,0.000,0.000,9.826,0.017,55.480,0.000,8.188,11.193,0.000,22.910,0.310,0.000,0.329,2.701,0.000,0.010,0.000,0.000,0.218,0.000,0.000,0.000,0.000,0.000,0.000,0.000,0.000,0.000,0.000,0.000,0.000,0.000,0.000,0.000,0.493,0.000,0.000,0.000,0.000,0.000,0.000,0.000
7.000,0.000,0.397,0.397,0.000,12.024,0.000,0.000,3.899,0.214,0.000,0.333,0.000,0.000,9.826,0.017,55.480,0.000,8.058,11.193,0.000,13.647,0.310,0.000,0.326,2.701,0.000,0.010,0.000,0.000,0.218,0.000,0.000,0.000,0.000,0.000,0.000,0.000,0.000,0.000,0.000,0.000,0.000,0.000,0.000,0.000,0.493,0.000,0.000,0.000,0.000,0.000,0.000,0.000
8.000,0.000,0.397,0.397,0.000,12.024,0.000,0.000,3.797,0.214,0.000,0.333,0.000,0.000,9.826,0.017,55.480,0.000,7.957,11.193,0.000,8.643,0.310,0.000,0.323,2.701,0.000,0.010,0.000,0.000,0.218,0.000,0.000,0.000,0.000,0.000,0.000,0.000,0.000,0.000,0.000,0.000,0.000,0.000,0.000,0.000,0.493,0.000,0.000,0.000,0.000,0.000,0.000,0.000
9.000,0.000,0.397,0.397,0.000,12.024,0.000,0.000,3.715,0.214,0.000,0.333,0.000,0.000,9.826,0.017,55.480,0.000,7.875,11.193,0.000,57.108,0.310,0.000,0.322,2.701,0.000,0.010,0.000,0.000,0.218,0.000,0.000,0.000,0.000,0.000,0.000,0.000,0.000,0.000,0.000,0.000,0.000,0.000,0.000,0.000,0.493,0.000,0.000,0.000,0.000,0.000,0.000,0.000
10.000,0.000,0.397,0.397,0.000,12.024,0.000,0.000,3.648,0.214,0.000,0.333,0.000,0.000,9.826,0.017,55.480,0.000,7.807,11.193,0.000,27.108,0.310,0.000,0.321,2.701,0.000,0.010,0.000,0.000,0.218,0.000,0.000,0.000,0.000,0.000,0.000,0.000,0.000,0.000,0.000,0.000,0.000,0.000,0.000,0.000,0.493,0.000,0.000,0.000,0.000,0.000,0.000,0.000
11.000,0.000,0.397,0.397,0.000,12.024,0.000,0.000,3.592,0.214,0.000,0.333,0.000,0.000,9.826,0.017,55.480,0.000,7.752,11.193,0.000,17.593,0.310,0.000,0.320,2.701,0.000,0.010,0.000,0.000,0.218,0.000,0.000,0.000,0.000,0.000,0.000,0.000,0.000,0.000,0.000,0.000,0.000,0.000,0.000,0.000,0.493,0.000,0.000,0.000,0.000,0.000,0.000,0.000
12.000,0.000,0.397,0.397,0.000,12.024,0.000,0.000,3.546,0.214,0.000,0.333,0.000,0.000,9.826,0.017,55.480,0.000,7.705,11.193,0.000,11.872,0.310,0.000,0.320,2.701,0.000,0.010,2.442,0.000,0.218,0.000,0.000,0.000,0.000,0.000,0.000,0.000,0.000,0.000,0.000,0.000,0.000,0.000,0.000,0.000,0.493,0.000,0.000,0.000,0.000,0.000,0.000,0.000
13.000,0.000,0.411,1.060,0.000,12.024,0.000,0.000,3.507,0.214,0.000,0.333,0.000,0.000,9.826,0.017,55.480,0.000,7.666,11.193,0.000,8.030,0.310,0.000,0.321,2.701,0.000,0.010,2.442,0.000,0.218,0.000,0.000,0.000,0.000,0.000,0.000,0.000,0.000,0.000,0.000,0.000,0.000,0.000,0.000,0.000,0.493,0.000,0.000,0.000,0.000,0.000,0.000,0.000
14.000,0.000,0.413,1.179,0.000,12.024,0.000,0.000,3.475,0.214,0.000,0.333,0.000,0.000,9.826,0.017,55.480,0.000,7.634,11.193,0.000,57.108,0.310,0.000,0.322,2.701,0.000,0.010,2.442,0.000,0.218,0.000,0.000,0.000,0.000,0.000,0.000,0.000,0.000,0.000,0.000,0.000,0.000,0.000,0.000,0.000,0.493,0.000,0.000,0.000,0.000,0.000,0.000,0.000
15.000,0.000,0.436,8.435,0.000,12.024,0.000,0.000,3.448,0.214,0.000,0.333,0.000,0.000,9.826,0.017,55.480,0.000,7.607,11.193,0.000,27.108,0.310,0.000,0.324,2.701,0.000,0.010,0.000,0.000,0.218,0.000,0.000,0.000,0.000,0.000,0.000,0.000,0.000,0.000,0.000,0.000,0.000,0.000,0.000,0.000,0.493,0.000,0.000,0.000,0.000,0.000,0.000,0.000
16.000,0.000,0.436,8.435,0.000,12.024,0.000,0.000,3.425,0.214,0.000,0.333,0.000,0.000,9.826,0.017,55.480,0.000,7.585,11.193,0.000,17.593,0.310,0.000,0.327,2.701,0.000,0.010,0.000,0.000,0.218,0.000,0.000,0.000,0.000,0.000,0.000,0.000,0.000,0.000,0.000,0.000,0.000,0.000,0.000,0.000,0.493,0.000,0.000,0.000,0.000,0.000,0.000,0.000
17.000,0.000,0.436,8.435,0.000,12.024,0.000,0.000,3.407,0.214,0.000,0.333,0.000,0.000,9.826,0.017,55.480,0.000,7.567,11.193,0.000,11.872,0.310,0.000,0.330,2.701,0.000,0.010,0.000,0.000,0.218,0.092,0.000,0.000,0.000,0.000,0.000,0.000,0.000,0.000,0.000,0.000,0.000,0.000,0.000,0.000,0.493,0.000,0.000,0.000,0.000,0.000,0.000,0.000
18.000,0.000,0.436,8.435,0.000,12.024,0.000,0.000,3.393,0.214,0.000,0.333,0.000,0.000,9.826,0.017,55.480,0.000,7.553,11.193,0.000,8.030,0.310,0.000,0.333,2.701,0.000,0.010,0.000,0.000,0.218,0.171,0.000,0.000,0.000,0.000,0.000,0.000,0.000,0.000,0.000,0.000,0.000,0.000,0.000,0.000,0.493,0.000,0.000,0.000,0.000,0.000,0.000,0.000
19.000,0.000,0.436,8.435,0.000,12.024,0.000,0.000,3.383,0.214,0.000,0.333,0.000,0.000,9.826,0.017,55.480,0.000,7.542,11.193,0.000,57.108,0.310,0.000,0.338,2.701,0.000,0.010,0.000,0.000,0.218,0.177,0.000,0.000,0.000,0.000,0.000,0.000,0.000,0.000,0.000,0.000,0.000,0.000,0.000,0.000,0.493,0.000,0.000,0.000,0.000,0.000,0.000,0.000
20.000,0.000,0.436,8.435,0.000,12.024,0.000,0.000,3.375,0.214,0.000,0.333,0.000,0.000,9.826,0.017,55.480,0.000,7.535,11.193,0.000,27.108,0.310,0.000,0.343,2.701,0.000,0.010,0.000,0.000,0.218,0.145,0.000,0.000,0.000,0.000,0.000,0.000,0.000,0.000,0.000,0.000,0.000,0.000,0.000,0.000,0.493,0.000,0.000,0.000,0.000,0.000,0.000,0.000
21.000,0.000,0.436,8.435,0.000,12.024,0.000,0.000,3.371,0.214,0.000,0.333,0.000,0.000,9.826,0.017,55.480,0.000,7.530,11.193,0.000,17.593,0.310,0.000,0.348,2.701,0.000,0.010,0.000,0.000,0.218,0.198,0.000,0.000,0.000,0.000,0.000,0.000,0.000,0.000,0.000,0.000,0.000,0.000,0.000,0.000,0.493,0.000,0.000,0.000,0.000,0.000,0.000,0.000
22.000,0.000,0.436,8.435,0.000,12.024,0.000,0.000,3.370,0.214,0.000,0.333,0.000,0.000,9.826,0.017,55.480,0.000,7.529,11.193,0.000,11.872,0.310,0.000,0.355,2.701,0.000,0.010,0.000,0.000,0.218,0.203,0.000,0.000,0.000,0.000,0.000,0.000,0.000,0.000,0.000,0.000,0.000,0.000,0.000,0.000,0.493,0.000,0.000,0.000,0.000,0.000,0.000,0.000
23.000,0.000,0.436,8.435,0.000,12.024,0.000,0.000,3.371,0.214,0.000,0.333,0.000,0.000,9.826,0.017,55.480,0.000,7.530,11.193,0.000,8.030,0.310,0.000,0.363,2.701,0.000,0.010,0.000,0.000,0.218,0.146,0.000,0.000,0.000,0.000,0.000,0.000,0.000,0.000,0.000,0.000,0.000,0.000,0.000,0.000,0.493,0.000,0.000,0.000,0.000,0.000,0.000,0.000
24.000,0.000,0.436,8.435,0.000,12.024,0.000,0.000,3.375,0.214,0.000,0.333,0.000,0.000,9.826,0.017,55.480,0.000,7.535,11.193,0.000,49.548,0.310,0.000,0.372,2.701,0.000,0.010,0.000,0.000,0.218,0.121,0.000,0.000,0.000,0.000,0.000,0.000,0.000,0.000,0.000,0.000,0.000,0.000,0.000,0.000,0.493,0.000,0.000,0.000,0.000,0.000,0.000,0.000
25.000,0.000,0.436,8.435,0.000,12.024,0.000,0.000,3.382,0.214,0.000,0.333,0.000,0.000,9.826,0.017,55.480,0.000,7.541,11.193,0.000,19.870,0.310,0.000,0.383,2.701,0.000,0.010,0.000,0.000,0.218,0.091,0.000,0.000,0.000,0.000,0.000,0.000,0.000,0.000,0.000,0.000,0.000,0.000,0.000,0.000,0.493,0.000,0.000,0.000,0.000,0.000,0.000,0.000
26.000,0.000,0.350,4.249,0.000,12.024,0.000,0.000,3.392,0.214,0.000,0.333,0.000,0.000,9.826,0.017,55.480,0.000,7.551,11.193,0.000,12.968,0.310,0.000,0.395,2.701,0.000,0.010,0.000,0.000,0.218,0.105,0.000,0.000,0.000,0.000,0.000,0.000,0.000,0.000,0.000,0.000,0.000,0.000,0.000,0.000,0.493,0.000,0.000,0.000,0.000,0.000,0.000,0.000
27.000,0.000,0.436,8.435,0.000,12.024,0.000,0.000,3.404,0.214,0.000,0.333,0.000,0.000,9.826,0.017,55.480,0.000,7.564,11.193,0.000,9.249,0.310,0.000,0.410,2.701,0.000,0.010,0.000,0.000,0.218,0.055,0.000,0.000,0.000,0.000,0.000,0.000,0.000,0.000,0.000,0.000,0.000,0.000,0.000,0.000,0.493,0.000,0.000,0.000,0.000,0.000,0.000,0.000
28.000,0.000,0.436,8.435,0.000,12.024,0.000,0.000,3.420,0.214,0.000,0.333,0.000,0.000,9.826,0.017,55.480,0.000,7.579,11.193,0.000,6.606,0.310,0.000,0.428,2.701,0.000,0.010,0.000,0.000,0.218,0.218,0.000,0.000,0.000,0.000,0.000,0.000,0.000,0.000,0.000,0.000,0.000,0.000,0.000,0.000,0.493,0.000,0.000,0.000,0.000,0.000,0.000,0.000
29.000,0.000,0.436,8.435,0.000,12.024,0.000,0.000,3.438,0.214,0.000,0.333,0.000,0.000,9.826,0.017,55.480,0.000,7.598,11.193,0.000,4.510,0.310,0.000,0.449,2.701,0.000,0.010,0.000,0.000,0.218,0.763,0.000,0.000,0.000,0.000,0.000,0.000,0.000,0.000,0.000,0.000,0.000,0.000,0.000,0.000,0.493,0.000,0.000,0.000,0.000,0.000,0.000,0.000
30.000,0.000,0.436,8.435,0.000,12.024,0.000,0.000,3.460,0.214,0.000,0.333,0.000,0.000,9.826,0.017,55.480,0.000,7.620,11.193,0.000,46.894,0.310,0.000,0.476,2.701,0.000,0.010,0.000,0.000,0.218,0.055,0.000,0.000,0.000,0.000,0.000,0.000,0.000,0.000,0.000,0.000,0.000,0.000,0.000,0.000,0.493,0.000,0.000,0.000,0.000,0.000,0.000,0.000
31.000,0.000,0.436,8.435,0.000,12.024,0.000,0.000,3.486,0.214,0.000,0.333,0.000,0.000,9.826,0.017,55.480,0.000,7.645,11.193,0.000,22.957,0.310,0.000,0.510,2.701,0.000,0.010,0.000,0.000,0.218,0.129,0.000,0.000,0.000,0.000,0.000,0.000,0.000,0.000,0.000,0.000,0.000,0.000,0.000,0.000,0.493,0.000,0.000,0.000,0.000,0.000,0.000,0.000
32.000,0.000,0.436,8.435,0.000,12.024,0.000,0.000,3.515,0.214,0.000,0.333,0.000,0.000,9.826,0.017,55.480,0.000,7.674,11.193,0.000,16.053,0.310,0.000,0.557,2.701,0.000,0.010,0.000,0.000,0.218,0.124,0.000,0.000,0.000,0.000,0.000,0.000,0.000,0.000,0.000,0.000,0.000,0.000,0.000,0.000,0.493,0.000,0.000,0.000,0.000,0.000,0.000,0.000
33.000,0.000,0.436,8.435,0.000,12.024,0.000,0.000,3.548,0.214,0.000,0.333,0.000,0.000,9.826,0.017,55.480,0.000,7.708,11.193,0.000,12.280,0.310,0.000,0.623,2.701,0.000,0.010,0.000,0.000,0.218,0.166,0.000,0.000,0.000,0.000,0.000,0.000,0.000,0.000,0.000,0.000,0.000,0.000,0.000,0.000,0.493,0.000,0.000,0.000,0.000,0.000,0.000,0.000
34.000,0.000,0.436,8.435,0.000,12.024,0.000,0.000,3.587,0.214,0.000,0.333,0.000,0.000,9.826,0.017,55.480,0.000,7.746,11.193,0.000,9.675,0.310,0.000,0.727,2.701,0.000,0.010,0.000,0.000,0.218,0.763,0.000,0.000,0.000,0.000,0.000,0.000,0.000,0.000,0.000,0.000,0.000,0.000,0.000,0.000,0.493,0.000,0.000,0.000,0.000,0.000,0.000,0.000
35.000,0.000,0.436,2.268,0.000,12.024,0.000,0.000,3.630,0.214,0.000,0.333,0.000,0.000,9.826,0.017,55.480,0.000,7.790,11.193,0.000,7.618,0.310,0.000,0.932,2.701,0.000,0.010,0.000,0.000,0.218,0.055,0.000,0.000,0.000,0.000,0.000,0.000,0.000,0.000,0.000,0.000,0.000,0.000,0.000,0.000,0.493,0.000,0.000,0.000,0.000,0.000,0.000,0.000
36.000,0.000,0.436,2.268,0.000,12.024,0.000,0.000,3.680,0.214,0.000,0.333,5.459,0.000,15.285,0.017,55.480,0.000,7.840,11.193,0.000,5.810,0.310,0.000,1.642,2.701,0.000,0.010,0.000,0.000,0.218,0.055,0.000,0.000,0.000,0.000,0.000,0.000,0.000,0.000,0.000,0.000,0.000,0.000,0.000,0.000,0.493,0.000,0.000,0.000,0.000,0.000,0.000,0.000
37.000,0.000,0.436,2.268,0.000,12.024,0.000,0.000,3.738,0.214,0.000,0.333,6.534,0.000,16.360,0.017,55.480,0.000,7.897,11.193,0.000,4.169,0.310,0.000,2.236,2.701,0.000,0.010,0.000,0.000,0.218,0.149,0.000,0.000,0.000,0.000,0.000,0.000,0.000,0.000,0.000,0.000,0.000,0.000,0.000,0.000,0.493,0.000,0.000,0.000,0.000,0.000,0.000,0.000
38.000,0.000,0.436,2.268,0.000,12.024,0.000,0.000,3.804,0.214,0.000,0.333,6.062,0.000,15.888,0.017,55.480,0.000,7.963,11.193,0.000,48.877,0.310,0.000,2.752,2.701,0.000,0.010,0.000,0.000,0.218,0.184,0.000,0.000,0.000,0.000,0.000,0.000,0.000,0.000,0.000,0.000,0.000,0.000,0.000,0.000,0.493,0.000,0.000,0.000,0.000,0.000,0.000,0.000
39.000,0.000,0.436,2.268,0.000,12.024,0.000,0.000,3.880,0.214,0.000,0.333,5.554,0.000,15.380,0.017,55.480,0.000,8.039,11.193,0.000,24.500,0.310,0.000,3.242,2.701,0.000,0.010,0.000,0.000,0.218,0.256,0.000,0.000,0.000,0.000,0.000,0.000,0.000,0.000,0.000,0.000,0.000,0.000,0.000,0.000,0.493,0.000,0.000,0.000,0.000,0.000,0.000,0.000
40.000,0.000,0.436,2.268,0.000,12.024,0.000,0.000,3.969,0.214,0.000,0.333,5.055,0.000,14.881,0.017,55.480,0.000,8.129,11.193,0.000,17.442,0.310,0.000,3.739,2.701,0.000,0.010,0.000,0.000,0.218,0.266,0.000,0.000,0.000,0.000,0.000,0.000,0.000,0.000,0.000,0.000,0.000,0.000,0.000,0.000,0.493,0.000,0.000,0.000,0.000,0.000,0.000,0.000
41.000,0.000,0.436,2.268,0.000,12.024,0.000,0.000,4.076,0.214,0.000,0.333,4.515,0.000,14.340,0.017,55.480,0.000,8.235,11.193,0.000,13.601,0.310,0.000,4.291,2.701,0.000,0.010,0.000,0.000,0.218,0.261,0.000,0.000,0.000,0.000,0.000,0.000,0.000,0.000,0.000,0.000,0.000,0.000,0.000,0.000,0.493,0.000,0.000,0.000,0.000,0.000,0.000,0.000
42.000,0.000,0.436,2.268,0.000,12.024,0.000,0.000,4.204,0.214,0.000,0.333,3.864,0.000,13.690,0.017,55.480,0.000,8.363,11.193,0.000,10.971,0.310,0.000,5.016,2.701,0.000,0.010,0.000,0.000,0.218,0.241,0.000,0.000,0.000,0.000,0.000,0.000,0.000,0.000,0.000,0.000,0.000,0.000,0.000,0.000,0.493,0.000,0.000,0.000,0.000,0.000,0.000,0.000
43.000,0.000,0.436,2.268,0.000,12.024,0.000,0.000,4.362,0.214,0.000,0.333,3.447,0.000,13.272,0.017,55.480,0.000,8.522,11.193,0.000,8.925,0.310,0.000,6.237,2.701,0.000,0.010,2.442,0.000,0.218,0.248,0.000,0.000,0.000,0.000,0.000,0.000,0.000,0.000,0.000,0.000,0.000,0.000,0.000,0.000,0.493,0.000,0.000,0.000,0.000,0.000,0.000,0.000
44.000,0.000,0.436,2.268,0.000,12.024,0.000,0.000,4.565,0.214,0.000,0.333,20.485,0.000,30.311,0.017,55.480,0.000,8.724,11.193,0.000,7.186,0.310,0.000,9.292,2.701,0.000,0.010,2.442,0.000,0.218,0.175,0.000,0.000,0.000,0.000,0.000,0.000,0.000,0.000,0.000,0.000,0.000,0.000,0.000,0.000,0.493,0.000,0.000,0.000,0.000,0.000,0.000,0.000
45.000,0.000,0.436,2.268,0.000,12.024,0.000,0.000,4.836,0.214,0.000,0.333,11.441,0.000,21.267,0.017,55.480,0.000,8.996,11.193,0.000,5.576,0.310,0.000,9.797,2.701,0.000,0.010,0.000,0.000,0.218,0.156,0.000,0.000,0.000,0.000,0.000,0.000,0.000,0.000,0.000,0.000,0.000,0.000,0.000,0.000,0.493,0.000,0.000,0.000,0.000,0.000,0.000,0.000
46.000,0.000,0.436,2.268,0.000,12.024,0.000,0.000,5.230,0.214,0.000,0.333,5.433,0.000,15.259,0.017,55.480,0.000,9.389,11.193,0.000,4.060,0.310,0.000,9.909,2.701,0.000,0.010,0.000,0.000,0.218,0.055,0.000,0.000,0.000,0.000,0.000,0.000,0.000,0.000,0.000,0.000,0.000,0.000,0.000,0.000,0.493,0.000,0.000,0.000,0.000,0.000,0.000,0.000
47.000,0.000,0.436,2.268,0.000,12.024,0.000,0.000,5.885,0.214,0.000,0.333,1.233,0.000,11.059,0.017,55.480,0.000,10.045,11.193,0.000,139.908,0.310,0.000,11.926,2.701,0.000,0.010,0.000,0.000,0.218,0.055,0.000,0.000,0.000,0.000,0.000,0.000,0.000,0.000,0.000,0.000,0.000,0.000,0.000,0.000,0.493,0.000,0.000,0.000,0.000,0.000,0.000,0.000
48.000,0.000,0.436,2.268,0.000,12.024,0.000,0.000,7.411,0.214,0.000,0.333,66.389,0.000,76.214,0.017,55.480,0.000,11.570,11.193,0.000,180.345,0.310,0.000,58.100,2.701,0.000,0.010,0.000,0.000,0.218,0.055,0.000,0.000,0.000,0.000,0.000,0.000,0.000,0.000,0.000,0.000,0.000,0.000,0.000,0.000,0.493,0.000,0.000,0.000,0.000,0.000,0.000,0.000
