"ETAPA \ BARRA","AGUAYTIA 220","BALNEARIO 220","BALNEARIOS 60 A","CALLAHUANCA 220","CALLAHUANCA 60","CARHUAMAYO 220","CARHUAMAYO NUEVA 138","CARHUAQUERO 220","CHAVARRIA 220 A","CHICLAYO OESTE 220","CHIMBOTE 220","GUADALUPE 220","HUACHIPA 60","HUACHO 220","HUANCAVELICA 220","HUAYUCACHI 220","ICA 220","INDEPENDENCIA 220","MARCONA220","MOYOPAMPA 60","OROYA NUEVA 220","OROYA NUEVA 138","OROYA NUEVA 50","PACHACHACA 220","PARAGSHA2 220","PARAGSHA 138","PARAGSHA 50","PARAMONGA NUEVA 220","PIURA OESTE 220","SAN JUAN 220","SANTA ROSA 220 A","SANTA ROSA EDS 60","TALARA 220","TINGO MARIA 138","TINGO MARIA 220","TRUJILLO 220","VENTANILLA 220","VIZCARRA 220","ZAPALLAL 220","AGUAYTIA 138","PUCALLPA 138","HUALLANCA 138","CHIMBOTE 138","PUCALLPA 60","ZORRITOS 220","ABANCAY NUEVA 138","ARICOTA138","ARICOTA II 66","CAMPO ARMINO 220","AYAVIRI138","AZANGARO 138","CACHIMAYO 138","CALLALLI 138","CERRO VERDE 138","COMBAPATA 138","DOLORESPATA 138","DESIERTO220","JULIACA 138","MACHUPICCHU 138","MOLLENDO 138","MOQUEGUA 220","MOQUEGUA 138","PUNO 220","PUNO 138","SANTUARIO 138","SOCABAYA 220","SOCABAYA 138","ILO 138","LOS HEROES 220 A","LOS HEROES 66","TINTAYA 138","TOMASIRI 66","REPARTICION 138","ILO2 220","COTARUSE 220","CHILCA REP 220","CANTERA 220","PIURA OESTE 60","LA NINA 220","CONOCOCHA 220","HUINCO 220","INDEPENDENCIA 60","CHILLON 220","CHILLON 60","CHAVARRIA 60 A","CHAVARRIA 60 B","BARSI 60","BARSI 220","OQUENDO 60","CAJAMARCA 220","PLANICIE 220 A","CARABAYLLO 220","CARABAYLLO 500","CHILCA CTM 500","CHILCA CTM 220 A","KIMAN AYLLU 138","KIMAN AYLLU 220","PARAMONGA EXISTENTE 138","MACHALA 200","CHIMBOTE 500","TRUJILLO 500","HUARANGAL 60","POMACOCHA 220","PIEDRA BLANCA 138","POROMA 220","POROMA500","OCONA 500","MONTALVO 500","MONTALVO 220","HUANZA 220","INDUSTRIALES 220 A","TINTAYA 220","LA NINA 500","INDUSTRIALES 60","CARHUAMAYO 50","CARIPA138","HUAMPANI 60","HUANUCO 138","REFINERIA ZINC 220","QUENCORO 138","ILO 3 220","MIRADOR 220","MIRADOR 60","ALTO PRADERA 220","ABANCAY NUEVA 220","LOMERA 220","REQUE 220","SAN JOSE 500","SANTA TERESA 220","SURIRAY 220","ASIA 220","CERRO DEL AGUILA 220","CHAGLLA 220","RAMADA 220","SANTA ROSA LDS 60","LOMERA 60","ZAPALLAL 60","MALVINAS 220","MALVINAS 60","ABANCAY 138","YAUPI 138","SANTA ISABEL 220","YANANGO 220","CHIMAY 220","ILO3 138","MATUCANA 220","COLCABAMBA 500","COLCABAMBA 220","YARABAMBA 500","YARABAMBA 220","BELAUNDE 220","BELAUNDE 138","CACLIC 220","INDUSTRIALES 220B","PLANICIE60","COBRIZAI 69","MOLLEPATA 60","MOLLEPATA220","CARAPONGO 500","CARAPONGO 220 A","SAN JOSE 220","MARCONA 60 A","SAN NICOLAS 60","CALLAHUANCA EDN 220","PUMIRI138","PUMIRI220","SAN MIGUEL 220","SAN MIGUEL 60","FELAM 220","MANCHAY 60","MANCHAY 220","SAN RAFAEL 138","SAN GABAN 138","MARCONA 60 B","ANGEL 138","PTO MALDONADO 138","MEDIO MUNDO 220","AUCAYACU 138","BELLAVISTA 138","TARAPOTO 138","PARINAS 220","PAMPA HONDA 220","ORCOTUNA 220","SAN ROMAN 138","SAN ROMAN 220","CHILOTA 220","MAZUCO 138","JESUS 138","CARHUAMAYO 138","CINCO MANANTIALES 138","OXIDOS CERRO 138","TOCACHE 138","JUANJUI 138","FRANCOISE 220","BOTIFLACA 138","MILL SITE 138","PLAZA TOQUEPALA 138","QUEBRADA HONDA 138","PANAMERICANA SOLAR 138","TOQUEPALA 138","ILO ELS 138","REFINERIA 138","LIXIVIACION 138","PUSHBACK 138","INTIPAMPA 138","PLANICIE 220 B","CHILCA CTM 220 B","CARAPONGO 220 B","CHILCA 1 220","DERIVACION 220","CHAVARRIA 220 B","DERIVACION 220  BARRA II","CAMPAS 220","CAMPAS 500","PLANICIE 500","NUEVA CHINCHA 220","CAHUACHI 220","VALLE DEL CHIRA 220","SANTA ROSA 220 B","ERSUR 220","FLAMENCO220","BARRA3HERMANAS","BARRAPTALOMITAS","PUERTO CHANCAY 220","CHAPARRAL 138","CHIRIBAMBA 220","BARRAPTALOMITAS2","YSHCAYUCRO 220"
1.0000,24.8775,24.4923,24.5211,24.3195,23.7828,23.5843,23.4733,25.5282,24.7877,26.3187,25.5422,26.0728,25.0393,24.2644,24.7086,24.4163,25.1774,25.1782,25.8571,24.2661,24.0793,23.6151,23.8203,24.2897,23.5357,23.7966,23.8489,24.4860,27.1201,24.4719,24.6740,24.7313,27.3069,24.8553,24.8201,25.8599,24.7595,24.5541,24.7328,24.9225,25.8097,24.5976,25.5906,25.8895,27.6871,25.7222,28.2681,28.1992,24.4588,27.6186,26.9184,26.5694,28.4147,27.8744,27.8038,26.7248,25.0045,27.4919,25.3792,28.9142,27.8015,27.8459,27.4772,27.5272,27.4713,27.6465,27.7028,28.4387,27.9686,28.0340,28.9733,28.1996,28.3264,27.8066,26.1595,24.1255,24.7860,27.1635,26.3607,24.4435,24.1663,25.2964,24.7656,24.7800,24.8308,24.8468,24.8285,24.8050,24.6801,25.6511,24.8379,24.7205,24.7332,24.5159,24.3480,24.7914,24.9497,24.6210,0.0000,25.5420,25.8245,24.8017,24.3861,24.6817,25.9705,26.0075,27.0464,27.5380,27.7330,24.3364,24.9231,28.8548,26.2562,25.0659,23.4631,23.3582,26.1853,24.5001,24.6568,26.7492,28.0866,24.7942,24.8255,24.3843,25.5887,24.7730,26.2977,27.4322,25.4100,25.4166,24.4041,24.9665,22.1560,25.2804,24.6840,24.8495,24.8132,24.8515,24.8857,25.8262,23.1054,23.3100,24.3894,24.1677,28.0842,24.0898,25.3113,24.9659,27.3905,27.6210,26.3981,26.5418,26.0431,24.6249,25.2101,24.4391,24.9473,24.8211,24.6598,24.5832,27.5797,0.0000,26.5579,24.3200,26.9488,27.1152,24.6045,24.6143,26.4090,25.0156,24.8440,25.3191,23.3995,25.9226,23.4313,25.0932,24.3962,25.2890,27.2691,27.4435,27.3298,25.3894,24.4046,27.4726,27.3927,27.6619,23.9260,27.6741,23.5060,23.9001,23.8020,26.2404,27.1082,23.5980,28.2252,28.4321,28.4402,28.3287,28.0842,28.4271,28.3477,28.4850,28.4427,28.4167,28.0081,24.8379,24.3484,24.5834,0.0000,24.9540,24.7172,24.9540,24.4650,24.5369,24.6856,25.1297,25.6174,27.3542,24.6737,25.6471,25.9671,25.6511,24.6465,24.5609,28.5060,24.8952,24.6467,23.8148
2.0000,25.2776,24.9854,25.0130,24.8112,24.2689,24.0331,23.9257,25.8990,25.2711,26.6761,25.9697,26.4502,25.5318,24.6948,25.2536,24.9343,25.8397,25.7787,26.5003,24.7473,24.5568,24.0833,24.2921,24.7794,23.9767,24.2460,24.2994,24.9140,27.4352,24.9661,25.1655,25.2225,27.5804,25.2601,25.2279,26.2672,25.2413,24.9878,25.2164,25.3210,26.1767,24.9936,26.0181,26.2536,27.9482,26.2260,28.8411,28.7712,24.9848,28.1489,27.4283,27.0647,28.9613,28.4370,28.3277,27.2156,25.5755,28.0159,25.8852,29.4736,28.3660,28.4115,28.0070,28.0564,27.9933,28.2103,28.2649,29.0118,28.5317,28.5965,29.5453,28.7503,28.8871,28.3712,26.6945,24.6292,25.3318,27.4775,26.7317,24.8642,24.7221,25.8991,25.2472,25.2621,25.3130,25.3266,25.3122,25.2894,25.1581,26.0371,25.3258,25.2065,25.2228,25.0195,24.8510,25.1893,25.3510,25.0505,0.0000,25.9699,26.2338,25.2815,24.8786,25.0879,26.5703,26.5818,27.6157,28.1021,28.2977,24.8585,25.4091,29.4255,26.6347,25.5505,23.9104,23.8166,26.6582,24.9120,25.1533,27.2399,28.6553,25.2779,25.3072,24.8818,26.0942,25.2505,26.6568,27.9979,25.9169,25.9236,24.9207,25.5053,22.5712,25.6750,25.1780,25.3159,25.2935,25.3341,25.3674,26.3296,23.5459,23.7539,24.8793,24.6531,28.6525,24.5769,25.8590,25.5046,27.9533,28.1851,26.7607,26.8983,26.4169,25.1171,25.6695,24.9681,25.4875,25.3636,25.1536,25.0823,28.1477,0.0000,27.2062,24.8117,27.4597,27.6314,25.1032,25.1161,26.7756,25.4889,25.3315,25.7908,23.8252,26.5658,23.8581,25.4647,24.8251,25.6825,27.6129,27.7727,27.5999,25.7816,24.9232,27.9986,27.9179,28.2086,24.3354,28.2195,23.9582,24.3544,24.2515,26.6154,27.4569,24.0403,28.8033,29.0079,29.0160,28.9003,28.6525,29.0028,28.9177,29.0588,29.0186,28.9921,28.5765,25.3258,24.8513,25.0825,0.0000,25.7176,25.2064,25.7177,24.9561,25.0285,25.1797,25.7148,26.2987,27.6397,25.1652,26.2724,26.5673,26.3665,25.4831,25.0248,29.0663,25.4622,25.4829,24.2498
3.0000,25.9436,24.9869,25.0133,24.8314,24.2954,24.1360,24.0085,25.9277,25.2734,26.6998,25.9956,26.4773,25.5353,24.7339,25.2998,24.9698,25.9160,25.8340,26.5964,24.7331,24.6101,24.1158,24.3322,24.8190,24.0980,24.3826,24.4410,24.9592,27.4386,24.9682,25.1686,25.2256,27.5781,25.8249,25.7688,26.2890,25.2440,25.2925,25.2229,25.9874,26.8509,25.0362,26.0488,26.9286,27.9407,26.2659,28.9187,28.8488,25.0318,28.2336,27.5112,27.1021,29.0318,28.5037,28.3861,27.2506,25.6176,28.0936,25.9309,29.5342,28.4382,28.4839,28.0845,28.1340,28.0404,28.2781,28.3312,29.0870,28.6041,28.6691,29.6248,28.8252,28.9545,28.4434,26.7496,24.6292,25.3608,27.4801,26.7487,24.9299,24.7310,25.9547,25.2498,25.2646,25.3146,25.3273,25.3123,25.2903,25.1596,26.0753,25.3337,25.2139,25.2324,25.0314,24.8587,25.2354,25.4021,25.0956,0.0000,25.9927,26.2557,25.2853,24.9189,25.5712,26.6512,26.6482,27.6837,28.1710,28.3692,24.8740,25.4157,29.5038,26.6530,25.5559,23.9853,23.8592,26.6564,25.2360,25.1612,27.2762,28.7293,25.2822,25.3091,24.8826,26.1371,25.2540,26.6808,28.0658,25.9628,25.9696,24.9326,25.5574,22.6854,25.7204,25.1797,25.3138,25.2956,25.3368,25.3692,26.3664,23.6448,23.8548,24.8968,24.6704,28.7266,24.5964,25.9149,25.5567,28.0206,28.2531,26.8171,26.9483,26.4648,25.1200,25.6721,25.0238,25.5195,25.4042,25.1638,25.0914,28.2162,0.0000,27.3227,24.8315,27.5424,27.7121,25.1120,25.1260,26.7970,25.4946,25.3394,25.8881,23.9032,26.6637,23.9368,25.5173,24.8676,26.2026,27.8454,27.9083,27.5985,25.8250,24.9557,28.0766,27.9962,28.2837,24.4038,28.2788,24.0416,24.4669,24.3874,27.0212,27.7182,24.1643,28.8791,29.0862,29.0944,28.9748,28.7266,29.0811,28.9922,29.1344,29.0970,29.0701,28.6506,25.3337,24.8590,25.0915,0.0000,25.8170,25.2088,25.8170,24.9715,25.0422,25.1894,25.7671,26.3974,27.6390,25.1684,26.3802,26.6488,26.4732,25.5937,25.0433,29.1316,25.5120,25.5935,24.3542
4.0000,24.1253,23.2751,23.2992,23.1255,22.6270,22.4710,22.3571,24.1205,23.5293,24.8391,24.1904,24.6365,23.7728,23.0200,23.5920,23.2691,24.1860,24.0995,24.8252,23.0384,22.9219,22.4678,22.6670,23.1188,22.4325,22.6906,22.7431,23.2299,25.5504,23.2583,23.4364,23.4894,25.7028,24.0152,23.9657,24.4629,23.5018,23.5382,23.4842,24.1654,24.9557,23.2955,24.2359,25.0268,26.0350,24.5106,26.9781,26.9129,23.3366,26.3539,25.6765,25.2927,27.0947,26.6011,26.4925,25.4323,23.8914,26.2184,24.1938,27.5385,26.5410,26.5829,26.2099,26.2557,26.1826,26.3926,26.4417,27.1399,26.6937,26.7537,27.6544,26.9057,27.0156,26.5459,24.9549,22.9537,23.6422,25.5879,24.8960,23.2008,23.0297,24.2158,23.5070,23.5204,23.5671,23.5782,23.5666,23.5457,23.4222,24.2583,23.5913,23.4769,23.4973,23.3182,23.1612,23.4839,23.6349,23.3586,0.0000,24.1897,24.4331,23.5399,23.2132,23.7794,24.8686,24.8605,25.8337,26.2908,26.4764,23.1662,23.6663,27.5410,24.8058,23.7951,22.3381,22.2266,24.7991,23.4683,23.4293,25.4573,26.8091,23.5382,23.5623,23.1824,24.3884,23.5101,24.8218,26.1925,24.2236,24.2299,23.2350,23.8317,21.1175,23.9293,23.4450,23.5604,23.5488,23.5869,23.6149,24.6068,22.0126,22.2088,23.1875,22.9766,26.8068,22.9066,24.1684,23.8311,26.1497,26.3690,24.9312,25.0512,24.6116,23.3932,23.8959,23.3339,23.7948,23.6889,23.4350,23.3652,26.3344,0.0000,25.5239,23.1255,25.7055,25.8633,23.3841,23.3980,24.9373,23.7361,23.5964,24.1484,22.3115,24.8884,22.3421,23.7998,23.1444,24.3581,25.8534,25.9105,25.7191,24.0262,23.2539,26.2026,26.1277,26.3962,22.7731,26.3957,22.3878,22.7773,22.6953,25.1020,25.7366,22.4929,26.9436,27.1332,27.1417,27.0403,26.8068,27.1285,27.0521,27.1843,27.1439,27.1095,26.7352,23.5913,23.1616,23.3654,0.0000,24.1057,23.4724,24.1057,23.2568,23.3223,23.4599,24.0332,24.6423,25.7483,23.4362,24.6296,24.8665,24.7162,23.9045,23.3137,27.1754,23.7936,23.9043,22.6691
5.0000,24.0633,23.2582,23.2812,23.1032,22.6062,22.4454,22.3321,24.0591,23.5020,24.7694,24.1483,24.5776,23.7437,22.9820,23.5768,23.2531,24.1769,24.0855,24.8288,23.0104,22.9038,22.4624,22.6576,23.0998,22.4047,22.6604,22.7125,23.1885,25.4340,23.2422,23.4118,23.4636,25.5557,23.9553,23.9083,24.4109,23.4756,23.4951,23.4644,24.1022,24.8681,23.2497,24.1943,24.9370,25.8785,24.4829,26.9514,26.8861,23.3221,26.3551,25.6880,25.2595,27.0751,26.5819,26.4684,25.3977,23.8802,26.2155,24.1702,27.4914,26.5224,26.5644,26.2049,26.2499,26.1632,26.3768,26.4249,27.1162,26.6741,26.7337,27.6367,26.8894,26.9878,26.5272,24.9358,22.9502,23.6333,25.4705,24.8219,23.1602,22.9714,24.1957,23.4806,23.4938,23.5384,23.5483,23.5388,23.5183,23.3940,24.1998,23.5811,23.4590,23.4791,23.3151,23.1612,23.4365,23.5874,23.3147,0.0000,24.1466,24.3812,23.5190,23.1938,23.7225,24.8672,24.8541,25.8218,26.2742,26.4585,23.1491,23.6547,27.5231,24.7361,23.7849,22.3125,22.2190,24.7715,23.4171,23.4039,25.4239,26.7868,23.5179,23.5414,23.1703,24.3629,23.4895,24.7531,26.1779,24.2001,24.2064,23.2305,23.8186,21.0913,23.8769,23.4165,23.5382,23.5228,23.5648,23.5918,24.5776,21.9871,22.1833,23.1711,22.9605,26.7839,22.8844,24.1563,23.8179,26.1338,26.3534,24.8576,24.9747,24.5452,23.3706,23.8868,23.3204,23.7710,23.6697,23.4176,23.3406,26.3204,0.0000,25.4818,23.1031,25.7162,25.8690,23.3595,23.3721,24.8674,23.7285,23.5860,24.2159,22.3523,24.8901,22.3841,23.8129,23.1044,24.2938,25.7710,25.8230,25.5745,23.9720,23.2378,26.1992,26.1256,26.3826,22.8047,26.3766,22.3629,22.7489,22.6650,25.0316,25.6569,22.4673,26.9259,27.1060,27.1144,27.0115,26.7839,27.1014,27.0280,27.1605,27.1166,27.0815,26.7143,23.5811,23.1615,23.3407,0.0000,24.1128,23.4469,24.1128,23.2403,23.3045,23.4478,24.0201,24.6517,25.6120,23.4116,24.6386,24.8653,24.7248,23.9187,23.2872,27.1417,23.7788,23.9185,22.6374
6.0000,24.0093,23.2561,23.2790,23.0921,22.5960,22.4201,22.3086,24.0184,23.4869,24.7283,24.1212,24.5416,23.7269,22.9648,23.5729,23.2415,24.1844,24.0882,24.8295,22.9959,22.8880,22.4473,22.6426,23.0875,22.3766,22.6286,22.6808,23.1697,25.3953,23.2405,23.4016,23.4525,25.5237,23.9033,23.8579,24.3787,23.4603,23.4579,23.4505,24.0472,24.7937,23.2195,24.1663,24.8608,25.8386,24.4717,26.9755,26.9100,23.3154,26.3391,25.6698,25.2455,27.0658,26.5751,26.4555,25.3832,23.8834,26.2024,24.1607,27.4599,26.5212,26.5632,26.1938,26.2391,26.1632,26.3718,26.4197,27.1227,26.6715,26.7308,27.6255,26.8857,26.9733,26.5260,24.9276,22.9579,23.6395,25.4309,24.7864,23.1339,22.9714,24.1971,23.4652,23.4779,23.5228,23.5321,23.5232,23.5034,23.3779,24.1617,23.5702,23.4459,23.4682,23.3102,23.1612,23.4055,23.5553,23.2978,0.0000,24.1200,24.3502,23.5038,23.1822,23.6720,24.8672,24.8524,25.8186,26.2711,26.4569,23.1365,23.6426,27.5122,24.7014,23.7708,22.2852,22.1978,24.7475,23.3692,23.3927,25.4104,26.7944,23.5035,23.5259,23.1720,24.3524,23.4745,24.7125,26.1739,24.1906,24.1969,23.2373,23.8131,21.0648,23.8418,23.4069,23.5211,23.5068,23.5495,23.5759,24.5657,21.9609,22.1577,23.1610,22.9504,26.7926,22.8735,24.1517,23.8124,26.1299,26.3486,24.8098,24.9257,24.5019,23.3625,23.8736,23.3120,23.7684,23.6661,23.4081,23.3304,26.3161,0.0000,25.4221,23.0921,25.6983,25.8529,23.3489,23.3614,24.8294,23.7164,23.5751,24.1848,22.3244,24.8871,22.3561,23.7640,23.0862,24.2356,25.6962,25.7520,25.5415,23.9360,23.2261,26.1869,26.1129,26.3770,22.7696,26.3728,22.3386,22.7199,22.6333,24.9584,25.5822,22.4355,26.9275,27.1327,27.1408,27.0302,26.7926,27.1279,27.0343,27.1669,27.1431,27.1163,26.7208,23.5702,23.1615,23.3306,0.0000,24.1274,23.4352,24.1275,23.2304,23.2946,23.4389,24.0218,24.6577,25.5761,23.4014,24.6426,24.8656,24.7279,23.9394,23.2720,27.1220,23.7776,23.9392,22.6098
7.0000,24.0276,23.2553,23.2774,23.1044,22.6126,22.4403,22.3290,24.0301,23.4932,24.7415,24.1322,24.5575,23.7368,22.9797,23.5991,23.2650,24.2184,24.1133,24.8890,23.0044,22.9050,22.4684,22.6624,23.1020,22.3978,22.6510,22.7022,23.1857,25.3988,23.2400,23.4074,23.4590,25.5237,23.9207,23.8770,24.3909,23.4662,23.4837,23.4561,24.0653,24.8072,23.2323,24.1779,24.8739,25.8357,24.5210,27.0380,26.9722,23.3423,26.3999,25.7307,25.2978,27.1234,26.6391,26.5148,25.4358,23.8995,26.2700,24.2066,27.5119,26.5830,26.6237,26.2595,26.3058,26.2174,26.4333,26.4814,27.1874,26.7358,26.7959,27.6931,26.9546,27.0439,26.5878,24.9733,22.9539,23.6493,25.4340,24.7966,23.1505,23.0056,24.2242,23.4711,23.4834,23.5291,23.5380,23.5291,23.5091,23.3836,24.1737,23.5732,23.4512,23.4747,23.3140,23.1612,23.4188,23.5695,23.3155,0.0000,24.1308,24.3619,23.5088,23.1955,23.6901,24.9192,24.8982,25.8745,26.3310,26.5182,23.1471,23.6452,27.5800,24.7120,23.7723,22.3085,22.2200,24.7798,23.3888,23.4024,25.4627,26.8570,23.5082,23.5302,23.1699,24.4002,23.4833,24.7258,26.2334,24.2366,24.2429,23.2372,23.8460,21.0849,23.8555,23.4132,23.5356,23.5123,23.5534,23.5791,24.6168,21.9813,22.1779,23.1694,22.9587,26.8561,22.8856,24.1888,23.8454,26.1885,26.4098,24.8154,24.9302,24.5106,23.3668,23.8718,23.3432,23.7901,23.6907,23.4151,23.3408,26.3774,0.0000,25.5692,23.1043,25.7596,25.9156,23.3592,23.3731,24.8429,23.7163,23.5780,24.2409,22.3616,24.9523,22.3942,23.7943,23.1019,24.2504,25.6951,25.7490,25.5422,23.9494,23.2476,26.2536,26.1783,26.4416,22.8047,26.4323,22.3595,22.7428,22.6558,24.9654,25.5827,22.4602,26.9724,27.1956,27.2040,27.0962,26.8561,27.1907,27.0983,27.2319,27.2063,27.1767,26.7819,23.5732,23.1615,23.3410,0.0000,24.1790,23.4410,24.1790,23.2383,23.3027,23.4439,24.0423,24.7150,25.5775,23.4072,24.7041,24.9177,24.7891,23.9976,23.2811,27.1870,23.8033,23.9974,22.6297
8.0000,24.0209,23.2557,23.2779,23.1043,22.6135,22.4394,22.3290,24.0309,23.4907,24.7388,24.1273,24.5570,23.7315,22.9726,23.6137,23.2739,24.2510,24.1395,24.9081,23.0073,22.9049,22.4624,22.6586,23.1038,22.3966,22.6516,22.7036,23.1792,25.3984,23.2405,23.4062,23.4577,25.5237,23.9140,23.8704,24.3878,23.4636,23.4780,23.4532,24.0584,24.7984,23.2336,24.1709,24.8649,25.8362,24.5358,27.0535,26.9880,23.3522,26.4180,25.7475,25.3174,27.1435,26.6531,26.5366,25.4559,23.9169,26.2847,24.2220,27.5079,26.5958,26.6372,26.2740,26.3201,26.2343,26.4461,26.4946,27.1973,26.7488,26.8089,27.7118,26.9562,27.0591,26.6007,24.9891,22.9554,23.6633,25.4337,24.7942,23.1479,23.0042,24.2575,23.4684,23.4810,23.5264,23.5352,23.5274,23.5072,23.3809,24.1742,23.5702,23.4487,23.4730,23.3134,23.1612,23.4233,23.5697,23.3102,0.0000,24.1269,24.3585,23.5054,23.1986,23.6843,24.9344,24.9105,25.8868,26.3435,26.5310,23.1480,23.6419,27.5980,24.7094,23.7687,22.3072,22.2114,24.7829,23.3846,23.4009,25.4831,26.8699,23.5052,23.5267,23.1707,24.4154,23.4766,24.7234,26.2456,24.2520,24.2583,23.2425,23.8566,21.0837,23.8556,23.4130,23.5221,23.5093,23.5504,23.5758,24.6306,21.9802,22.1770,23.1688,22.9581,26.8686,22.8854,24.1998,23.8559,26.2011,26.4226,24.8122,24.9269,24.5092,23.3660,23.8607,23.3449,23.8152,23.7091,23.4138,23.3395,26.3895,0.0000,25.6057,23.1041,25.7762,25.9316,23.3577,23.3715,24.8408,23.7094,23.5749,24.2538,22.3758,24.9722,22.4082,23.8093,23.0949,24.2414,25.6843,25.7344,25.5426,23.9495,23.2553,26.2682,26.1932,26.4550,22.8198,26.4475,22.3592,22.7435,22.6565,24.9561,25.5721,22.4593,26.9921,27.2108,27.2193,27.1081,26.8686,27.2060,27.1084,27.2419,27.2215,27.1917,26.7959,23.5702,23.1615,23.3396,0.0000,24.2214,23.4396,24.2214,23.2375,23.3017,23.4423,24.0640,24.7423,25.5783,23.4060,24.7226,24.9331,24.8085,24.0491,23.2766,27.1963,23.8225,24.0489,22.6280
9.0000,24.0254,23.2538,23.2759,23.1049,22.6196,22.4409,22.3310,24.0464,23.4894,24.7614,24.1377,24.5783,23.7334,22.9761,23.6179,23.2789,24.2597,24.1373,24.9394,22.9947,22.9046,22.4560,22.6539,23.1047,22.3981,22.6551,22.7074,23.1817,25.4288,23.2386,23.4029,23.4517,25.5631,23.9208,23.8761,24.4021,23.4628,23.4812,23.4541,24.0628,24.7980,23.2413,24.1809,24.8641,25.8695,24.5658,27.1163,27.0501,23.3606,26.4811,25.8181,25.3532,27.1774,26.6989,26.5821,25.4930,23.9127,26.3571,24.2509,27.5504,26.6484,26.6911,26.3423,26.3897,26.2669,26.4919,26.5399,27.2533,26.8038,26.8649,27.7592,27.0227,27.1084,26.6533,25.0178,22.9530,23.6608,25.4640,24.8155,23.1521,23.0039,24.2455,23.4676,23.4804,23.5242,23.5325,23.5257,23.5050,23.3792,24.1863,23.5732,23.4497,23.4747,23.3152,23.1612,23.4303,23.5771,23.3076,0.0000,24.1375,24.3725,23.5096,23.1994,23.6906,24.9642,24.9384,25.9265,26.3902,26.5821,23.1502,23.6451,27.6461,24.7293,23.7728,22.3110,22.2072,24.8186,23.3897,23.4002,25.5202,26.9267,23.5052,23.5269,23.1688,24.4450,23.4766,24.7458,26.2897,24.2809,24.2872,23.2406,23.8713,21.0851,23.8651,23.4060,23.5204,23.5096,23.5495,23.5738,24.6608,21.9822,22.1787,23.1699,22.9592,26.9249,22.8860,24.2187,23.8706,26.2450,26.4682,24.8277,24.9433,24.5230,23.3630,23.8654,23.3552,23.8180,23.7130,23.4152,23.3389,26.4347,0.0000,172.0238,23.1047,25.8468,26.0012,23.3572,23.3721,24.8639,23.7137,23.5780,24.3184,22.4487,25.0062,22.4805,23.8867,23.0982,24.2523,25.7106,25.7556,25.5815,23.9597,23.2599,26.3392,26.2626,26.5173,22.8946,26.4888,22.3613,22.7464,22.6600,24.9731,25.5971,22.4580,27.0650,27.2761,27.2845,27.1679,26.9249,27.2711,27.1648,27.2960,27.2867,27.2601,26.8530,23.5732,23.1615,23.3390,0.0000,24.2460,23.4366,24.2460,23.2386,23.3031,23.4442,24.0605,24.7712,25.6150,23.4027,24.7522,24.9628,24.8393,24.0800,23.2785,27.2435,23.8242,24.0798,22.6303
10.0000,24.0213,23.2515,23.2739,23.0982,22.6069,22.4279,22.3195,24.0599,23.4884,24.7731,24.1459,24.5922,23.7292,22.9815,23.6149,23.2775,24.2600,24.1433,24.9127,22.9954,22.8950,22.4454,22.6429,23.0974,22.3843,22.6339,22.6868,23.1878,25.4354,23.2361,23.4005,23.4494,25.5631,23.9158,23.8700,24.4095,23.4625,23.4684,23.4559,24.0593,24.8057,23.2471,24.1916,24.8728,25.8756,24.5671,27.1212,27.0556,23.3553,26.4843,25.8208,25.3597,27.1759,26.6983,26.5862,25.4993,23.9147,26.3635,24.2503,27.5521,26.6494,26.6930,26.3474,26.3958,26.2669,26.4907,26.5386,27.2557,26.8074,26.8695,27.7581,27.0404,27.1118,26.6543,25.0156,22.9486,23.6631,25.4712,24.8230,23.1538,22.9714,24.2612,23.4674,23.4801,23.5234,23.5320,23.5253,23.5041,23.3789,24.1982,23.5760,23.4516,23.4747,23.3162,23.1612,23.4338,23.5840,23.3169,0.0000,24.1443,24.3797,23.5121,23.1921,23.6839,24.9480,24.9282,25.9221,26.3893,26.5826,23.1511,23.6481,27.6450,24.7367,23.7768,22.2978,22.1995,24.7686,23.3794,23.3956,25.5254,26.9288,23.5075,23.5311,23.1651,24.4454,23.4784,24.7577,26.2878,24.2804,24.2867,23.2361,23.8647,21.0721,23.8746,23.4038,23.5222,23.5101,23.5511,23.5747,24.6624,21.9682,22.1653,23.1675,22.9568,26.9266,22.8794,24.2112,23.8640,26.2431,26.4669,24.8527,24.9712,24.5418,23.3606,23.8757,23.3510,23.8203,23.7129,23.4139,23.3334,26.4331,0.0000,25.5504,23.0981,25.8496,26.0048,23.3519,23.3651,24.8730,23.7209,23.5809,24.3133,22.4494,24.9728,22.4810,23.9044,23.1039,24.2527,25.7364,25.7823,25.5820,23.9700,23.2589,26.3450,26.2676,26.5204,22.9016,26.4888,22.3495,22.7294,22.6387,24.9894,25.6211,22.4405,27.0738,27.2803,27.2890,27.1707,26.9266,27.2754,27.1659,27.3003,27.2912,27.2639,26.8555,23.5760,23.1615,23.3335,0.0000,24.2327,23.4347,24.2327,23.2366,23.3010,23.4449,24.0657,24.7447,25.6174,23.4003,24.7219,24.9465,24.8106,24.0643,23.2816,27.2464,23.8247,24.0641,22.6213
11.0000,24.0617,23.2620,23.2850,23.1083,22.6167,22.4379,22.3291,24.0883,23.5016,24.8065,24.1607,24.6265,23.7466,22.9960,23.6083,23.2791,24.2450,24.1333,24.8870,23.0042,22.8993,22.4416,22.6408,23.1026,22.3965,22.6480,22.7013,23.2027,25.4697,23.2461,23.4136,23.4624,25.5925,23.9535,23.9051,24.4328,23.4750,23.4893,23.4648,24.1009,24.8739,23.2663,24.2037,24.9434,25.9117,24.5751,27.1046,27.0385,23.3518,26.4731,25.8126,25.3758,27.1559,26.6774,26.5917,25.5169,23.9088,26.3568,24.2532,27.5018,26.6308,26.6741,26.3373,26.3860,26.2636,26.4715,26.5201,27.2349,26.7905,26.8531,27.7388,27.0140,27.0807,26.6356,25.0104,22.9539,23.6613,25.5066,24.8518,23.1694,23.0111,24.2488,23.4799,23.4928,23.5366,23.5453,23.5394,23.5177,23.3918,24.2232,23.5783,23.4593,23.4824,23.3159,23.1612,23.4544,23.6024,23.3313,0.0000,24.1609,24.4016,23.5231,23.1972,23.7195,24.9266,24.9120,25.9041,26.3712,26.5641,23.1570,23.6507,27.6261,24.7642,23.7768,22.3056,22.2020,24.7876,23.4110,23.4086,25.5411,26.9111,23.5168,23.5414,23.1734,24.4507,23.4894,24.7913,26.2696,24.2830,24.2893,23.2395,23.8579,21.0836,23.8956,23.4197,23.5370,23.5227,23.5608,23.5844,24.6724,21.9766,22.1746,23.1738,22.9631,26.9092,22.8895,24.2021,23.8572,26.2255,26.4477,24.8786,24.9977,24.5673,23.3730,23.8772,23.3470,23.8230,23.7108,23.4215,23.3465,26.4139,0.0000,25.5580,23.1082,25.8413,25.9965,23.3650,23.3798,24.9055,23.7214,23.5832,24.3079,22.4422,24.9488,22.4738,23.8785,23.1186,24.2942,25.7819,25.8251,25.6121,23.9920,23.2611,26.3368,26.2587,26.5056,22.8910,26.4768,22.3589,22.7411,22.6529,25.0342,25.6656,22.4555,27.0542,27.2647,27.2733,27.1576,26.9092,27.2597,27.1460,27.2794,27.2755,27.2476,26.8375,23.5784,23.1615,23.3466,0.0000,24.2069,23.4480,24.2070,23.2432,23.3085,23.4493,24.0583,24.7114,25.6492,23.4134,24.6921,24.9249,24.7820,24.0356,23.2926,27.2094,23.8168,24.0355,22.6345
12.0000,24.0314,23.2648,23.2885,23.1016,22.6036,22.4234,22.3187,24.0466,23.5000,24.7907,24.1519,24.6163,23.7468,22.9875,23.5741,23.2570,24.1943,24.0919,24.8040,23.0101,22.8832,22.4200,22.6201,23.0886,22.3812,22.6425,22.6946,23.1898,25.4765,23.2485,23.4157,23.4665,25.5986,23.9257,23.8763,24.4197,23.4731,23.4689,23.4623,24.0702,24.8350,23.2379,24.1958,24.9038,25.9204,24.5082,26.9907,26.9240,23.3180,26.3214,25.6514,25.3104,27.0319,26.5731,26.4940,25.4523,23.8672,26.2001,24.1884,27.3444,26.5260,26.5683,26.1903,26.2359,26.1727,26.3740,26.4215,27.1206,26.6718,26.7297,27.6225,26.8526,26.9548,26.5306,24.9400,22.9566,23.6388,25.5151,24.8453,23.1474,23.0095,24.2089,23.4780,23.4912,23.5350,23.5436,23.5396,23.5180,23.3901,24.1698,23.5782,23.4571,23.4790,23.3128,23.1612,23.4189,23.5677,23.3186,0.0000,24.1519,24.3907,23.5202,23.1830,23.6996,24.8517,24.8447,25.8180,26.2744,26.4609,23.1489,23.6516,27.5109,24.7566,23.7794,22.2968,22.1840,24.7708,23.4070,23.4069,25.4748,26.8015,23.5156,23.5406,23.1756,24.3842,23.4828,24.7759,26.1767,24.2178,24.2241,23.2329,23.8134,21.0692,23.8526,23.4229,23.5230,23.5204,23.5601,23.5841,24.6032,21.9657,22.1616,23.1684,22.9577,26.7998,22.8831,24.1503,23.8127,26.1323,26.3506,24.6809,24.7899,24.4381,23.3751,23.8861,23.3079,23.8019,23.6822,23.4180,23.3449,26.3192,0.0000,25.4279,23.1018,25.6808,25.8399,23.3634,23.3763,24.8947,23.7258,23.5832,24.1372,22.2556,24.8620,22.2885,23.5132,23.1077,24.2431,25.5927,25.6033,25.6181,23.9462,23.2410,26.1836,26.1073,26.3796,22.6578,26.3792,22.3483,22.7322,22.6473,24.9286,25.4905,22.4370,26.9396,27.1513,27.1599,27.0457,26.7995,27.1463,27.0298,27.1648,27.1620,27.1341,26.7293,23.5782,23.1615,23.3450,0.0000,24.1403,23.4494,24.1403,23.2384,23.3036,23.4466,24.0084,24.6328,25.6552,23.4154,24.6047,24.8497,24.6943,23.9650,23.2879,27.0740,23.7797,23.9648,22.6172
13.0000,24.0346,23.2488,23.2729,23.0947,22.5970,22.4133,22.3143,24.0675,23.4827,24.8299,24.1710,24.6518,23.7187,22.9777,23.6279,23.3032,24.2639,24.1421,24.9781,22.9950,22.8814,22.4121,22.6145,23.0917,22.3683,22.6184,22.6687,23.1821,25.5184,23.2325,23.3993,23.4483,25.6492,23.9297,23.8769,24.4465,23.4570,23.4590,23.4552,24.0743,24.8562,23.2324,24.2170,24.9265,25.9735,24.6076,27.4353,27.3670,23.3784,28.1444,28.0976,25.4514,27.5667,26.9220,26.8461,25.6060,23.8900,28.0027,24.3114,27.6433,26.9671,27.0103,27.7977,27.8514,26.6820,26.7441,26.7775,27.5720,27.0938,27.1479,28.2106,27.2287,27.2728,26.9717,25.1283,22.9410,23.6565,25.5568,24.8786,23.1405,22.9714,24.2675,23.4616,23.4736,23.5170,23.5245,23.5226,23.5009,23.3718,24.1839,23.5805,23.4530,23.4791,23.3222,23.1612,23.4083,23.5652,23.3092,0.0000,24.1706,24.4158,23.5069,23.1867,23.7033,25.0420,25.0405,26.1267,26.6476,26.8868,23.1597,23.6556,28.0943,24.7886,23.7901,22.2983,22.1710,24.6779,23.4093,23.3931,25.6354,27.2423,23.5095,23.5341,23.1582,24.5019,23.4719,24.8147,26.5269,24.3441,24.3504,23.2268,23.9204,21.0570,23.8574,23.4072,23.5051,23.5030,23.5530,23.5765,24.6945,21.9542,22.1510,23.1678,22.9571,27.2399,22.8760,24.2887,23.9197,26.4843,26.7181,24.6865,24.7964,24.4476,23.3589,23.8481,23.3799,23.8341,23.7279,23.4175,23.3320,26.6722,0.0000,25.6051,23.0946,28.0855,27.9912,23.3497,23.3606,24.9309,23.7102,23.5849,0.6175,0.6006,25.0354,0.6015,0.6365,23.0992,24.2450,25.6017,25.6224,25.6685,23.9535,23.2821,27.9296,27.8854,27.3972,0.6121,26.7897,22.3434,22.7176,22.6234,24.9239,25.4965,22.4187,27.3882,27.5998,27.6084,27.4840,27.2321,27.5948,27.4778,27.6169,27.6107,27.5840,27.1688,23.5805,23.1615,23.3321,0.0000,24.2301,23.4329,24.2301,23.2377,23.3037,23.4500,24.0405,24.7750,25.7045,23.3991,24.7725,25.0398,24.8627,24.0486,23.2798,27.3669,23.8322,24.0485,22.6061
14.0000,24.0775,23.2598,23.2859,23.0914,22.5847,22.3963,22.2905,24.0433,23.4923,24.8124,24.1495,24.6300,23.7259,22.9648,23.5566,23.2542,24.1348,24.0523,24.8294,23.0104,22.8619,22.3860,22.5907,23.0732,22.3527,22.6061,22.6588,23.1647,25.5063,23.2423,23.4095,23.4583,25.6492,23.9648,23.9076,24.4264,23.4655,23.4606,23.4587,24.1204,24.9660,23.2037,24.1917,25.0421,25.9666,24.4701,27.1742,27.1314,23.3116,27.8715,27.8068,25.3158,27.3279,26.6587,26.6585,25.4721,23.8232,27.7182,24.1751,27.1339,26.6982,26.7396,27.5160,27.5679,26.4548,26.5125,26.5432,27.2731,26.8192,26.8708,27.9635,26.9392,26.8979,26.7029,24.9808,22.9501,23.6191,25.5440,24.8618,23.1195,23.0051,24.1756,23.4702,23.4825,23.5272,23.5353,23.5342,23.5120,23.3816,24.1632,23.5838,23.4554,23.4788,23.3162,23.1612,23.3793,23.5376,23.2878,0.0000,24.1519,24.3962,23.5124,23.1670,23.7316,24.8956,24.8999,25.9261,26.4074,26.6218,23.1469,23.6615,27.8464,24.7709,23.7964,22.2601,22.1436,24.6714,23.4246,23.4005,25.4997,26.9474,23.5159,23.5435,23.1674,24.3640,23.4749,24.7969,26.3034,24.2071,24.2134,23.2207,23.8299,21.0423,23.8332,23.4173,23.5074,23.5115,23.5612,23.5858,24.5547,21.9400,22.1352,23.1634,22.9528,26.9437,22.8731,24.1821,23.8293,26.2597,26.4874,24.6913,24.8026,24.4403,23.3689,23.8742,23.3062,23.7755,23.6616,23.4173,23.3389,26.4449,0.0000,25.5095,23.0916,27.7950,27.7058,23.3565,23.3651,24.9150,23.7245,23.5885,0.6175,0.6006,24.8894,0.6015,0.6400,23.0837,24.2849,25.6827,25.6927,25.6672,23.9304,23.2384,27.6452,27.6026,27.1217,0.6134,26.5605,22.3184,22.6975,22.6107,24.9748,25.5739,22.4010,27.1049,27.2924,27.3003,27.1771,26.9097,27.2881,27.1798,27.3174,27.3027,27.2721,26.8704,23.5838,23.1615,23.3390,0.0000,24.0836,23.4434,24.0837,23.2346,23.3012,23.4488,23.9573,24.6253,25.6985,23.4093,24.6211,24.8932,24.7106,23.8949,23.2772,26.8599,23.7535,23.8947,22.5888
15.0000,24.2580,23.3116,23.3443,23.1135,22.5800,22.4350,22.3223,24.1360,23.5606,24.9191,24.2167,24.7262,23.7887,23.0257,23.4914,23.2138,24.0659,24.0095,24.6067,23.0817,22.8791,22.3992,22.6043,23.0832,22.3987,22.6522,22.7046,23.2276,25.5845,23.2895,23.4683,23.5344,25.7047,24.1264,24.0619,24.5029,23.5319,23.5475,23.5035,24.3075,25.2847,23.2725,24.2643,25.3727,26.0168,24.2272,26.5626,26.5208,23.2335,27.4055,27.3262,25.0811,26.8937,26.1808,26.3346,25.2409,23.8039,27.2383,23.9228,26.2491,26.2165,26.2544,27.0357,27.0839,26.0422,26.0947,26.1184,26.7630,26.3263,26.3732,27.5258,26.4325,26.2116,26.2211,24.6964,22.9603,23.6074,25.6240,24.9448,23.1825,22.9718,24.1391,23.5374,23.5521,23.6018,23.6161,23.6101,23.5845,23.4573,24.2552,23.6069,23.4934,23.5067,23.3135,23.1612,23.4433,23.6108,23.3518,0.0000,24.2175,24.4704,23.5591,23.1772,23.8765,24.6629,24.6703,25.5740,25.9782,26.1471,23.1613,23.6908,27.4082,24.8525,23.8318,22.2976,22.1710,24.7371,23.5369,23.4395,25.2650,26.4083,23.5607,23.5869,23.2017,24.1148,23.5300,24.9026,25.9046,23.9536,23.9599,23.2231,23.7031,21.0856,23.9146,23.4780,23.5816,23.5789,23.6118,23.6393,24.3141,21.9769,22.1730,23.1833,22.9725,26.4007,22.8953,24.0221,23.7025,25.8596,26.0715,24.8429,24.9616,24.5636,23.4249,23.9116,23.2041,23.7408,23.6068,23.4401,23.3706,26.0366,0.0000,25.2877,23.1141,27.3142,27.2298,23.3896,23.3974,25.0142,23.7520,23.6120,0.6174,0.6006,24.6679,0.6015,0.6437,23.1459,24.4668,25.9779,25.9668,25.7256,24.0147,23.2061,27.1633,27.1239,26.6401,0.6147,26.1424,22.3514,22.7368,22.6567,25.2067,25.8602,22.4489,26.5780,26.6691,26.6728,26.5900,26.3397,26.6656,26.6591,26.8063,26.6762,26.6564,26.3194,23.6069,23.1615,23.3707,0.0000,23.9583,23.5066,23.9583,23.2553,23.3224,23.4663,23.9305,24.4364,25.7645,23.4681,24.3978,24.6605,24.4849,23.7616,23.3280,25.9727,23.6971,23.7615,22.6400
16.0000,25.7213,24.5478,24.5850,24.3416,23.7765,23.6671,23.5362,25.5575,24.8264,26.4048,25.5915,26.1810,25.0801,24.3146,24.6968,24.4124,25.2816,25.2421,25.7867,24.3122,24.1053,23.5934,23.8129,24.3094,23.6389,23.9099,23.9679,24.5370,27.1528,24.5226,24.7219,24.7895,27.3017,25.5730,25.4967,25.9182,24.7958,24.8980,24.7578,25.7780,26.9014,24.6211,25.6456,27.0025,27.6555,25.4237,27.6940,27.6499,24.4197,28.6239,28.5265,26.3368,28.1134,27.2876,27.5959,26.5095,25.0352,28.4308,25.0902,26.9698,27.3447,27.3807,28.2163,28.2654,27.2209,27.2540,27.2729,27.9020,27.4527,27.4990,28.7742,27.5685,27.1197,27.3495,25.8808,24.1560,24.8314,27.1977,26.4220,24.4986,24.1921,25.3841,24.8021,24.8185,24.8706,24.8872,24.8809,24.8525,24.7193,25.6793,24.8507,24.7428,24.7541,24.5159,24.3589,24.8034,24.9792,24.6725,0.0000,25.5906,25.8807,24.8238,24.4080,25.2941,25.8402,25.8483,26.7387,27.1233,27.2748,24.3825,24.9446,28.6470,26.3169,25.0956,23.5083,23.3566,26.1113,24.9063,24.6878,26.5322,27.5306,24.8185,24.8475,24.4243,25.2981,24.7983,26.3857,27.0638,25.1219,25.1284,24.4319,24.8885,22.2532,25.3091,24.7399,24.8753,24.8476,24.8768,24.9086,25.5201,23.1860,23.3916,24.4086,24.1866,27.5238,24.1118,25.2067,24.8878,27.0150,27.2305,26.3526,26.4871,26.0326,24.6735,25.1872,24.3682,24.9872,24.8284,24.6789,24.6121,27.1985,0.0000,26.5437,24.3422,28.5135,28.4264,24.6337,24.6427,26.5044,25.0081,24.8564,0.6179,0.6006,25.8528,0.6015,0.6453,24.4472,25.9535,27.6685,27.6469,27.3232,25.4179,24.4081,28.3504,28.3112,27.7949,0.6150,27.3101,23.5675,23.9888,23.9143,26.7874,27.5343,23.6928,27.6881,27.8062,27.8100,27.7201,27.4391,27.8027,27.7953,27.9476,27.8137,27.7974,27.4237,24.8507,24.3593,24.6123,0.0000,25.1349,24.7650,25.1350,24.4842,24.5560,24.6990,25.1652,25.6191,27.3607,24.7216,25.5698,25.8379,25.6548,24.9179,24.5952,26.6727,24.9133,24.9177,23.9034
17.0000,26.5106,25.0819,25.1211,24.9213,24.3411,24.2635,24.1158,26.3798,25.4458,27.2828,26.3163,27.0262,25.7142,24.9766,25.2656,24.9985,25.8184,25.7840,26.3216,24.8480,24.6786,24.1453,24.3727,24.8764,24.2463,24.5176,24.5798,25.2145,28.1335,25.0533,25.2892,25.3522,28.3309,26.3482,26.2636,26.7266,25.4195,25.5905,25.3878,26.5732,27.8144,25.3732,26.3647,27.9262,28.7138,26.0076,28.1672,28.1224,24.9917,29.1364,29.0296,26.9663,28.6466,27.7267,28.1874,27.1515,25.5614,28.9306,25.6487,27.0919,27.8045,27.8404,28.7085,28.7580,27.7376,27.7396,27.7546,28.3703,27.9155,27.9628,29.3017,28.0226,27.3868,27.8094,26.4300,24.6292,25.3490,28.1842,27.2886,25.1883,24.8460,25.9317,25.4265,25.4445,25.4925,25.5130,25.4868,25.4589,25.3423,26.4954,25.4889,25.3703,25.3643,25.0987,24.9077,25.5731,25.7304,25.3550,0.0000,26.3194,26.6757,25.4633,24.9739,26.0468,26.3786,26.3789,27.2387,27.6006,27.7344,24.9585,25.5946,29.1688,27.1717,25.7726,24.0828,23.9201,26.8312,25.6190,25.2880,27.1734,27.9892,25.4541,25.4936,24.9365,25.8696,25.4410,27.2609,27.5530,25.6803,25.6870,24.9243,25.4504,22.8249,26.0899,25.2931,25.5412,25.4792,25.5183,25.5574,26.1127,23.7746,23.9829,25.0005,24.7732,27.9824,24.6864,25.7614,25.4497,27.5038,27.7161,27.2754,27.4361,26.9045,25.2320,25.9010,24.9521,25.5613,25.4024,25.2774,25.2065,27.6853,0.0000,27.1930,24.9223,29.0160,28.9286,25.2303,25.2347,27.3824,25.6891,25.4954,0.6181,0.6006,26.4761,0.6015,0.6374,25.1180,26.7785,28.7225,28.7313,28.3506,26.2088,24.9927,28.8464,28.8078,28.2700,0.6120,27.8084,24.1482,24.5889,24.5218,27.7265,28.5710,24.3022,28.1570,28.2827,28.2864,28.1923,27.8777,28.2790,28.2640,28.4165,28.2902,28.2787,27.8631,25.4889,24.9081,25.2067,0.0000,25.6476,25.3452,25.6477,25.0789,25.1473,25.3041,25.7011,26.1496,28.3805,25.2890,26.0993,26.3763,26.1795,25.4137,25.2370,26.7881,25.4715,25.4135,24.5358
18.0000,28.4766,26.8007,26.8451,26.6303,25.9963,25.9727,25.8006,28.3102,27.2030,29.2789,28.1973,28.9817,27.4953,26.7408,26.9623,26.6946,27.5267,27.5072,28.0051,26.5756,26.4032,25.8647,26.0999,26.5971,25.9608,26.2459,26.3130,27.0013,30.1953,26.7680,27.0300,27.1054,30.3943,28.2922,28.1978,28.6486,27.1766,27.4328,27.1435,28.5474,29.9505,27.1983,28.2571,30.0768,30.8170,27.7470,29.9344,29.8869,26.6690,30.9979,30.8819,28.7872,30.4857,29.4393,30.0453,28.9899,27.2790,30.7847,27.3596,28.5031,29.5572,29.5966,30.5416,30.5951,29.4876,29.4975,29.5070,30.1603,29.6727,29.7223,31.1762,29.7932,28.9269,29.5625,28.1817,26.2897,27.0552,30.2530,29.2678,26.9859,26.4673,27.6657,27.1843,27.2034,27.2535,27.2767,27.2498,27.2191,27.0944,28.4268,27.2484,27.1228,27.1091,26.8039,26.5954,27.4137,27.5886,27.1500,0.0000,28.1965,28.5919,27.2293,26.6971,27.9602,28.0821,28.0917,28.9798,29.3491,29.4822,26.6735,27.3672,31.0313,29.1393,27.5659,25.7708,25.6217,28.6880,27.4843,27.0181,29.0126,29.7431,27.2189,27.2647,26.6351,27.5970,27.2146,29.2535,29.3046,27.3929,27.4000,26.6090,27.1407,24.4389,27.9825,27.0237,27.3472,27.2431,27.2912,27.3361,27.8589,25.4468,25.6713,26.7177,26.4748,29.7339,26.3790,27.4603,27.1399,29.2523,29.4730,29.3149,29.4938,28.8926,26.9665,27.7249,26.6196,27.2990,27.1174,27.0099,26.9268,29.4422,0.0000,28.8782,26.6311,30.8676,30.7765,26.9540,26.9572,29.3761,27.4807,27.2558,0.6183,0.6006,28.1609,0.6015,0.6469,26.8954,28.7732,30.9390,30.9594,30.4187,28.1127,26.6916,30.6918,30.6489,30.0665,0.6146,29.5649,25.8376,26.3162,26.2502,29.8271,30.7705,26.0204,29.9492,30.0576,30.0614,29.9603,29.6007,30.0538,30.0442,30.2095,30.0655,30.0563,29.5991,27.2484,26.5959,26.9270,0.0000,27.3013,27.0925,27.3013,26.8004,26.8729,27.0387,27.4256,27.8264,30.4579,27.0298,27.7574,28.0797,27.8359,27.0343,26.9960,28.1730,27.1787,27.0342,26.2757
19.0000,37.0607,34.7011,34.7622,34.4805,33.6600,33.6738,33.4388,36.7879,35.2228,38.0659,36.5775,37.6444,35.6128,34.6699,34.8747,34.5381,35.5975,35.5890,36.1286,34.3829,34.2015,33.4926,33.8003,34.4444,33.6689,34.0479,34.1370,35.0154,39.3080,34.6563,34.9722,35.0661,39.5863,36.8111,36.6801,37.1931,35.1875,35.6296,35.1488,37.1573,39.0767,35.3083,36.6519,39.2496,40.1524,35.8591,38.5705,38.5092,34.4878,39.9957,39.8476,37.2312,39.3220,37.9263,38.8172,37.5036,35.2995,39.7234,35.3537,36.5433,38.1010,38.1504,39.4012,39.4712,38.0197,38.0382,38.0458,38.8651,38.2498,38.3135,40.2190,38.3996,37.1396,38.1081,36.4012,34.0325,35.0256,39.3873,38.0392,35.0112,34.2641,35.7979,35.1980,35.2227,35.2910,35.3247,35.2796,35.2382,35.0855,36.9270,35.2916,35.1212,35.1030,34.6890,34.4225,35.5947,35.8156,35.2083,0.0000,36.5786,37.1160,35.2624,34.5723,36.3681,36.2445,36.2683,37.3845,37.8445,38.0062,34.5309,35.4534,40.0300,37.8635,35.7222,33.3971,33.1922,37.2288,35.7266,34.9785,37.5337,38.3219,35.2485,35.3072,34.4840,35.6623,35.2450,38.0298,37.7928,35.3960,35.4052,34.4479,35.0800,31.6951,36.3375,34.9685,35.4244,35.2783,35.3467,35.4079,36.0023,32.9915,33.2828,34.5933,34.2787,38.3093,34.1550,35.4812,35.0790,37.7273,38.0070,38.1323,38.3723,37.5592,34.8956,35.9318,34.4096,35.3291,35.0822,34.9700,34.8590,37.9666,0.0000,37.2165,34.4814,39.8289,39.7110,34.8955,34.8956,38.1871,35.6043,35.3015,0.6184,0.6006,36.3267,0.6015,0.6516,34.8751,37.4579,40.3687,40.3915,39.6183,36.5102,34.5372,39.5995,39.5432,38.7731,0.6162,38.1238,33.4876,34.1245,34.0531,38.8754,40.1436,33.7495,38.5866,38.7296,38.7340,38.6039,38.1079,38.7248,38.7145,38.9287,38.7394,38.7290,38.1378,35.2916,34.4230,34.8593,0.0000,35.2475,35.0601,35.2475,34.6998,34.7938,35.0074,35.4896,35.9067,39.6656,34.9719,35.7953,36.2413,35.8869,34.8804,34.9735,36.1031,35.1585,34.8802,34.0812
20.0000,37.1494,34.7178,34.7809,34.4962,33.6727,33.7057,33.4731,36.8904,35.2473,38.1806,36.6547,37.7285,35.6428,34.7228,34.8241,34.5169,35.4971,35.4974,36.0368,34.3800,34.2175,33.4904,33.8053,34.4586,33.7048,34.0804,34.1661,35.0728,39.4563,34.6714,34.9722,35.0661,39.7482,36.8956,36.7611,37.2802,35.2140,35.6808,35.1780,37.2483,39.2133,35.3803,36.7352,39.3903,40.3147,35.8146,38.4532,38.3922,34.4499,39.8958,39.7468,37.1991,39.2215,37.7939,38.7577,37.4748,35.2467,39.6207,35.3071,36.2528,37.9955,38.0448,39.2961,39.3655,37.9036,37.9415,37.9438,38.7490,38.1469,38.2111,40.1208,38.2711,36.8882,38.0027,36.3444,34.0409,34.9769,39.5379,38.1495,35.0708,34.2809,35.6625,35.2246,35.2490,35.3163,35.3515,35.2989,35.2569,35.1122,37.0244,35.3223,35.1495,35.1278,34.7022,34.4339,35.6624,35.8918,35.2648,0.0000,36.6529,37.2022,35.2951,34.5838,36.4477,36.1682,36.2027,37.3006,37.7480,37.9020,34.5442,35.4872,39.9305,37.9691,35.7604,33.4493,33.1881,37.2415,35.7970,34.9970,37.5031,38.2069,35.2802,35.3409,34.4976,35.6163,35.2831,38.1418,37.7021,35.3490,35.3582,34.4374,35.0338,31.7290,36.4228,34.9574,35.4785,35.3073,35.3819,35.4462,35.9569,33.0266,33.3159,34.6124,34.2977,38.1934,34.1706,35.4293,35.0328,37.6348,37.9108,38.2800,38.5284,37.6829,34.8993,35.9906,34.3633,35.2908,35.0365,34.9909,34.8761,37.8748,0.0000,37.2026,34.4971,39.7278,39.6098,34.9126,34.9137,38.3011,35.6504,35.3325,0.6181,0.6006,36.2451,0.6015,0.6561,34.9309,37.5594,40.5974,40.6263,39.7814,36.5988,34.5211,39.4956,39.4396,38.6639,0.6178,38.0179,33.5224,34.1583,34.0857,39.0229,40.3606,33.7878,38.4813,38.6113,38.6158,38.4865,37.9807,38.6065,38.6003,38.8124,38.6211,38.6127,38.0230,35.3223,34.4345,34.8764,0.0000,35.1224,35.0663,35.1224,34.7194,34.8139,35.0291,35.4207,35.8052,39.8267,34.9720,35.6924,36.1648,35.7720,34.7363,35.0116,35.8131,35.0916,34.7362,34.1243
21.0000,37.1501,34.7166,34.7833,34.4686,33.6270,33.6705,33.4390,36.6962,35.2317,37.9086,36.5338,37.4710,35.6043,34.6586,34.7600,34.4579,35.4327,35.4560,35.8797,34.4129,34.1883,33.4745,33.7841,34.4287,33.6673,34.0466,34.1326,34.9975,38.8087,34.6681,34.9722,35.0830,38.8043,36.8969,36.7548,37.0635,35.1958,35.6566,35.1479,37.2509,39.2547,35.2390,36.6293,39.4353,39.4000,35.6925,38.2655,38.2046,34.3756,39.6873,39.5335,37.0680,38.9959,37.5916,38.5915,37.3414,35.2161,39.4174,35.1850,35.9435,37.8156,37.8640,39.0945,39.1630,37.6779,37.7635,37.7611,38.5660,37.9739,38.0403,39.9233,38.1365,36.6109,37.8228,36.2151,34.0256,34.9608,38.8912,37.7986,34.9850,34.2563,35.6329,35.2067,35.2318,35.3015,35.3372,35.2916,35.2495,35.0965,36.8494,35.3015,35.1169,35.0935,34.6669,34.4058,35.5019,35.7664,35.1895,0.0000,36.5210,36.9897,35.2668,34.5533,36.4453,36.0234,36.0727,37.1420,37.5755,37.7231,34.5041,35.4706,39.7351,37.6433,35.7432,33.4164,33.1754,37.2403,35.7866,34.9738,37.3653,38.0225,35.2519,35.3079,34.4905,35.4936,35.2600,37.8711,37.5335,35.2266,35.2357,34.4226,34.9422,31.6936,36.2751,34.9461,35.4682,35.2882,35.3581,35.4257,35.8352,32.9914,33.2808,34.5809,34.2665,38.0092,34.1433,35.3257,34.9411,37.4660,37.7335,38.1214,38.3545,37.5167,34.8985,36.0331,34.2731,35.2474,34.9796,34.9592,34.8510,37.7021,0.0000,37.0443,34.4696,39.5150,39.4010,34.8872,34.8817,37.9840,35.6609,35.3122,0.6183,0.6006,36.0873,0.6015,0.6577,34.8607,37.5618,40.5552,40.5586,38.8683,36.4434,34.4649,39.2925,39.2359,38.4703,0.6185,37.8231,33.4892,34.1245,34.0520,39.0183,40.3236,33.7477,38.2932,38.4230,38.4272,38.2997,37.7929,38.4183,38.4176,38.6291,38.4326,38.4224,37.8375,35.3015,34.4063,34.8513,0.0000,35.0037,35.0638,35.0037,34.6878,34.7826,34.9974,35.3865,35.6611,39.0032,34.9720,35.5250,36.0195,35.5947,34.5996,34.9688,35.5044,35.0364,34.5995,34.0722
22.0000,37.2883,34.7226,34.7896,34.4777,33.6393,33.7057,33.4641,36.7279,35.2438,37.9518,36.5532,37.4812,35.6586,34.6819,34.7179,34.4302,35.3710,35.4165,35.7428,34.4112,34.2057,33.4925,33.8012,34.4389,33.7089,34.1001,34.1890,35.0235,38.9082,34.6733,34.9722,35.0971,38.9135,37.0320,36.8804,37.0916,35.2077,35.7368,35.1550,37.3920,39.4546,35.2713,36.6455,39.6405,39.5182,35.6357,38.1479,38.0874,34.3306,39.5755,39.4280,37.0149,38.8419,37.4678,38.5086,37.2888,35.1921,39.3081,35.1206,35.7996,37.6981,37.7462,38.9836,39.0521,37.5064,37.6439,37.6384,38.4478,37.8582,37.9251,39.7976,38.0501,36.4839,37.7052,36.1396,34.0255,34.9422,38.9943,37.8514,35.0170,34.2636,35.5942,35.2188,35.2448,35.3154,35.3530,35.3006,35.2589,35.1111,36.8812,35.3044,35.1222,35.0969,34.6609,34.4017,35.5385,35.7982,35.2144,0.0000,36.5420,37.0183,35.2749,34.5601,36.5742,35.9018,35.9738,37.0300,37.4598,37.6054,34.4996,35.4779,39.6112,37.6910,35.7614,33.4365,33.2050,37.3125,35.9041,34.9823,37.3132,37.9041,35.2584,35.3090,34.4949,35.4328,35.2647,37.9115,37.4178,35.1619,35.1710,34.4173,34.8814,31.7328,36.3065,34.9212,35.4687,35.3006,35.3676,35.4383,35.7821,33.0276,33.3164,34.5852,34.2708,37.8909,34.1523,35.2539,34.8803,37.3522,37.6142,38.1580,38.3899,37.5510,34.8998,35.9984,34.2316,35.2038,34.9373,34.9615,34.8585,37.5827,0.0000,36.7956,34.4787,39.4093,39.2940,34.8965,34.9044,38.0308,35.6460,35.3150,0.6183,0.6006,35.9395,0.6015,0.6589,34.8859,37.6997,40.7035,40.6901,38.9779,36.4748,34.4407,39.1826,39.1264,38.3551,0.6187,37.6858,33.5154,34.1651,34.1050,39.1780,40.4750,33.7907,38.1707,38.3047,38.3090,38.1828,37.6723,38.2999,38.3000,38.5107,38.3143,38.3041,37.7174,35.3044,34.4023,34.8588,0.0000,34.8960,35.0669,34.8960,34.6915,34.7858,34.9978,35.3568,35.5340,39.1125,34.9720,35.3768,35.8966,35.4439,34.4760,34.9819,35.3657,34.9954,34.4759,34.1109
23.0000,37.2755,34.6973,34.7654,34.4440,33.6001,33.6610,33.4125,36.7279,35.2247,37.9498,36.5399,37.4423,35.6211,34.6649,34.6100,34.3420,35.2448,35.3112,35.5624,34.4047,34.1594,33.4341,33.7466,34.3954,33.6670,34.0582,34.1508,35.0057,38.9332,34.6474,34.9722,35.0810,38.9501,37.0261,36.8679,37.0786,35.1869,35.7027,35.1263,37.3794,39.4447,35.2569,36.6369,39.6309,39.5748,35.4777,37.9408,37.8810,34.2252,39.3890,39.2490,36.8539,38.6634,37.2781,38.3275,37.1266,35.1051,39.1241,34.9603,35.6255,37.5029,37.5506,38.7973,38.8641,37.3349,37.4532,37.4484,38.2381,37.6657,37.7332,39.5993,37.8650,36.2942,37.5099,35.9692,33.9841,34.8714,39.0209,37.8486,34.9960,34.2362,35.4844,35.1981,35.2244,35.2970,35.3350,35.2873,35.2468,35.0920,36.8825,35.2559,35.0915,35.0611,34.6108,34.3540,35.5205,35.7868,35.1938,0.0000,36.5265,37.0059,35.2474,34.5140,36.5679,35.7268,35.8186,36.8531,37.2723,37.4121,34.4522,35.4306,39.4138,37.6862,35.7091,33.3702,33.1476,37.2681,35.8965,34.9561,37.1486,37.7017,35.2322,35.2903,34.4628,35.2734,35.2385,37.9062,37.2336,35.0013,35.0104,34.3642,34.7609,31.6933,36.3011,34.9682,35.4469,35.2790,35.3437,35.4168,35.6256,32.9781,33.2697,34.5465,34.2324,37.6881,34.1192,35.1230,34.7598,37.1684,37.4241,38.2181,38.4575,37.5832,34.8934,35.9402,34.1497,35.0764,34.8234,34.9245,34.8306,37.3951,0.0000,36.6835,34.4452,39.2299,39.1131,34.8681,34.8648,38.0307,35.5886,35.2666,0.6182,0.6006,35.7672,0.6015,0.6592,34.8689,37.7197,40.7808,40.7852,39.0136,36.4714,34.3586,38.9974,38.9417,38.1655,0.6187,37.5015,33.4625,34.1167,34.0629,39.2650,40.5515,33.7471,37.9733,38.0954,38.0995,37.9692,37.4689,38.0908,38.0932,38.3006,38.1049,38.0977,37.5162,35.2560,34.3546,34.8309,0.0000,34.7319,35.0629,34.7319,34.6533,34.7482,34.9560,35.2604,35.3587,39.1457,34.9719,35.1873,35.7202,35.2529,34.2972,34.9576,35.1865,34.8885,34.2972,34.0753
24.0000,37.2124,34.6783,34.7476,34.4108,33.5631,33.6120,33.3676,36.7305,35.2065,37.9441,36.5099,37.3927,35.5794,34.6283,34.5285,34.2637,35.1560,35.2401,35.4033,34.4091,34.1034,33.3415,33.6646,34.3490,33.6193,34.0148,34.1089,34.9703,38.9643,34.6278,34.9722,35.0837,38.9867,36.9704,36.8110,37.0542,35.1666,35.6500,35.0967,37.3146,39.3467,35.2417,36.6027,39.5298,39.6315,35.3688,37.7965,37.7373,34.1388,39.2162,39.0609,36.7454,38.5347,37.1503,38.2051,37.0173,35.0454,38.9436,34.8555,35.4912,37.3648,37.4119,38.6257,38.6913,37.2256,37.3240,37.3212,38.0899,37.5317,37.6004,39.4642,37.7590,36.1630,37.3719,35.8610,33.9554,34.8176,39.0550,37.8462,34.9655,34.2112,35.4162,35.1779,35.2047,35.2804,35.3193,35.2740,35.2353,35.0745,36.8801,35.2147,35.0601,35.0277,34.5703,34.3176,35.5124,35.7717,35.1560,0.0000,36.4984,36.9825,35.2157,34.4675,36.5157,35.5771,35.6931,36.7230,37.1405,37.2754,34.4073,35.3880,39.2788,37.6791,35.6594,33.3209,33.0614,37.2338,35.8511,34.9322,37.0383,37.5608,35.2031,35.2601,34.4389,35.1660,35.2059,37.8967,37.1028,34.8962,34.9053,34.3294,34.6638,31.6484,36.2919,34.9724,35.4093,35.2567,35.3180,35.3946,35.5137,32.9309,33.2217,34.5099,34.1962,37.5473,34.0866,35.0185,34.6628,37.0399,37.2947,38.2601,38.5065,37.6039,34.8887,35.8984,34.0536,35.0122,34.7489,34.8910,34.8052,37.2628,0.0000,36.4024,34.4123,39.0425,38.9308,34.8421,34.8367,38.0218,35.5464,35.2255,0.6183,0.6006,35.5934,0.6015,0.6610,34.8330,37.6755,40.7890,40.8167,39.0492,36.4642,34.2852,38.8201,38.7659,38.0110,0.6194,37.3806,33.4161,34.0723,34.0195,39.2434,40.5543,33.6991,37.8303,37.9497,37.9541,37.8300,37.3281,37.9452,37.9475,38.1523,37.9594,37.9510,37.3749,35.2147,34.3182,34.8055,0.0000,34.6005,35.0591,34.6005,34.6176,34.7134,34.9189,35.1948,35.2056,39.1816,34.9719,35.0234,35.5688,35.0914,34.1524,34.9253,35.0578,34.8112,34.1524,34.0328
25.0000,28.7524,26.8898,26.9434,26.6775,26.0156,26.0428,25.8572,28.4702,27.3033,29.4271,28.3175,28.9696,27.5732,26.8345,26.7510,26.5440,27.2443,27.3288,27.3790,26.7039,26.4304,25.8398,26.0903,26.6235,26.0452,26.3568,26.4296,27.1001,30.3242,26.8507,27.1231,27.2221,30.4086,28.5641,28.4497,28.7307,27.2738,27.5866,27.2157,28.8295,30.3621,27.3192,28.3924,30.5002,30.9195,27.3580,29.2368,29.1904,26.4396,30.2981,30.1688,28.4092,29.8226,28.7351,29.5385,28.6154,27.1769,30.0778,26.9674,27.4301,28.9031,28.9407,29.8420,29.8907,28.8094,28.8712,28.8698,29.4803,29.0261,29.0772,30.5212,29.1803,27.9614,28.9085,27.7515,26.3291,27.0000,30.3949,29.3853,27.0958,26.5276,27.4912,27.2825,27.3024,27.3600,27.3894,27.3559,27.3263,27.2005,28.5777,27.3084,27.1868,27.1604,26.8039,26.6086,27.5229,27.7244,27.2438,0.0000,28.3066,28.6821,27.3086,26.7137,28.2272,27.5128,27.6170,28.4090,28.7308,28.8339,26.6730,27.4422,30.3770,29.2484,27.6561,25.8195,25.6196,28.8331,27.7418,27.0873,28.6298,29.0569,27.2985,27.3411,26.7029,27.2041,27.3047,29.3878,28.7017,26.9989,27.0060,26.6188,26.8384,24.5183,28.1251,27.0906,27.4698,27.3417,27.3880,27.4480,27.4676,25.5195,25.7422,26.7561,26.5128,29.0458,26.4262,27.1076,26.8375,28.6537,28.8487,29.5903,29.7783,29.1089,27.0571,27.8412,26.3653,27.1306,26.9226,27.0539,26.9881,28.8241,0.0000,28.2156,26.6788,30.1550,30.0709,27.0160,27.0159,29.5014,27.5696,27.3167,0.6178,0.6006,27.5319,0.6015,0.6584,26.9929,29.0760,31.3241,31.4209,30.4494,28.2577,26.5633,29.9863,29.9466,29.3837,0.6186,28.9195,25.8944,26.4014,26.3604,30.2118,31.1546,26.1042,29.2712,29.3563,29.3598,29.2609,28.8769,29.3527,29.3645,29.5285,29.3638,29.3583,28.9120,27.3084,26.6091,26.9884,0.0000,26.7798,27.1902,26.7798,26.8402,26.9149,27.0752,27.2919,27.2328,30.5318,27.1229,27.0809,27.5051,27.1348,26.4212,27.0762,27.1021,26.9804,26.4212,26.3678
26.0000,26.8188,25.1443,25.1942,24.9339,24.3144,24.3253,24.1574,26.5140,25.5207,27.3998,26.4068,26.9777,25.7467,25.0518,24.9670,24.7854,25.4169,25.5126,25.5054,24.9611,24.6966,24.1512,24.3827,24.8791,24.3240,24.6122,24.6779,25.2949,28.2462,25.1082,25.3626,25.4413,28.3309,26.6463,26.5415,26.7800,25.4925,25.7510,25.4382,26.8895,28.2936,25.4754,26.4703,28.4201,28.8067,25.4834,27.2481,27.2056,24.6765,28.2181,28.0942,26.4434,27.7772,26.7807,27.5000,26.6311,25.3812,28.0096,25.1265,25.5564,26.9361,26.9709,27.7948,27.8391,26.8381,26.9079,26.9060,27.4751,27.0441,27.0895,28.4318,27.1677,26.0610,26.9412,25.8672,24.6292,25.2233,28.3107,27.3801,25.2839,24.7973,25.6671,25.5005,25.5184,25.5735,25.6005,25.5721,25.5452,25.4235,26.6275,25.5180,25.4117,25.3833,25.0615,24.8841,25.6710,25.8513,25.4299,0.0000,26.3992,26.7374,25.5242,24.9623,26.3334,25.6379,25.7506,26.4829,26.7787,26.8722,24.9467,25.6409,28.2982,27.2545,25.8361,24.1315,23.9449,26.9047,25.8841,25.3200,26.6438,27.0800,25.5154,25.5585,24.9725,25.3435,25.5190,27.3635,26.7538,25.1561,25.1627,24.8873,25.0408,22.8980,26.2158,25.3656,25.6691,25.5549,25.5990,25.6554,25.5837,23.8354,24.0441,25.0079,24.7805,27.0699,24.6992,25.2867,25.0400,26.7075,26.8870,27.5705,27.7419,27.1222,25.3009,25.9936,24.6281,25.3007,25.1203,25.2862,25.2278,26.8673,0.0000,26.1791,24.9352,28.0815,28.0042,25.2528,25.2431,27.4773,25.7502,25.5256,0.6180,0.6006,25.6367,0.6015,0.6551,25.1968,27.1203,29.2214,29.2751,28.3668,26.3364,24.8095,27.9264,27.8903,27.3770,0.6175,26.9474,24.1928,24.6587,24.6156,28.1646,29.0631,24.3799,27.2766,27.3581,27.3614,27.2724,26.9133,27.3548,27.3664,27.5197,27.3651,27.3564,26.9449,25.5180,24.8845,25.2281,0.0000,24.9562,25.4230,24.9562,25.0867,25.1554,25.3072,25.4813,25.3716,28.4402,25.3624,25.2260,25.6296,25.2752,24.6109,25.2966,25.2547,25.1837,24.6109,24.6189
27.0000,26.7448,25.1188,25.1689,24.8771,24.2574,24.2675,24.1014,26.4109,25.4589,27.2895,26.3350,26.8718,25.6688,24.9841,24.8834,24.7036,25.3236,25.4388,25.3806,24.9392,24.6419,24.1010,24.3309,24.8245,24.2651,24.5521,24.6171,25.2263,28.1954,25.0836,25.3144,25.3924,28.3309,26.5685,26.4667,26.6994,25.4299,25.6857,25.3748,26.8155,28.2212,25.4000,26.3994,28.3478,28.8113,25.3679,27.0195,26.9528,24.5898,28.0831,27.9581,26.3134,27.6416,26.6457,27.3610,26.4977,25.3333,27.8690,25.0133,25.4468,26.7889,26.8210,27.6531,27.6963,26.6966,26.7701,26.7675,27.3098,26.8958,26.9405,28.2907,27.0200,25.9467,26.7940,25.7533,24.6292,25.1840,28.2575,27.3017,25.2140,24.7400,25.5841,25.4377,25.4555,25.5111,25.5372,25.5135,25.4872,25.3606,26.5358,25.4520,25.3491,25.3247,25.0091,24.8502,25.5941,25.7733,25.3608,0.0000,26.3269,26.6597,25.4589,24.9090,26.2572,25.5105,25.6357,26.3532,26.6401,26.7274,24.8890,25.5716,28.1571,27.1759,25.7606,24.0754,23.8935,26.8359,25.8093,25.2610,26.5108,26.9179,25.4514,25.4920,24.9573,25.2290,25.4507,27.2536,26.6190,25.0429,25.0494,24.8744,24.9459,22.8426,26.1316,25.3216,25.5921,25.4908,25.5351,25.5915,25.4685,23.7771,23.9863,24.9517,24.7248,26.9080,24.6429,25.1862,24.9452,26.5727,26.7494,27.4723,27.6416,27.0271,25.2584,25.9068,24.5298,25.2150,25.0335,25.2295,25.1695,26.7308,0.0000,26.1468,24.8784,27.9451,27.8668,25.1936,25.1831,27.3785,25.6731,25.4593,0.6181,0.6006,25.5185,0.6015,0.6500,25.1285,27.0335,29.0891,29.1389,28.3605,26.2501,24.7313,27.7852,27.7499,27.2329,0.6154,26.8067,24.1367,24.6004,24.5556,28.0570,28.9333,24.3223,27.0963,27.1682,27.1720,27.1000,26.7530,27.1648,27.2018,27.3543,27.1755,27.1601,26.7875,25.4520,24.8506,25.1698,0.0000,24.8418,25.3715,24.8418,25.0304,25.0992,25.2495,25.4228,25.2504,28.4166,25.3142,25.1017,25.5013,25.1494,24.4888,25.2316,25.1405,25.1039,24.4888,24.5567
28.0000,26.7340,25.1133,25.1626,24.8672,24.2503,24.2608,24.0958,26.4091,25.4455,27.2685,26.3246,26.8538,25.6504,24.9717,24.8738,24.6923,25.3120,25.4339,25.3701,24.9302,24.6370,24.1063,24.3324,24.8177,24.2576,24.5399,24.6031,25.2144,28.1830,25.0788,25.3028,25.3797,28.3309,26.5544,26.4545,26.6861,25.4162,25.6756,25.3610,26.8052,28.2200,25.3907,26.3906,28.3475,28.8049,25.3722,27.0698,27.0027,24.5816,28.1022,27.9780,26.3188,27.6608,26.6714,27.3746,26.5037,25.3245,27.8914,25.0170,25.5079,26.8154,26.8499,27.6749,27.7179,26.7165,26.7863,26.7845,27.3478,26.9207,26.9651,28.3079,27.0591,26.0063,26.8205,25.7573,24.6292,25.1871,28.2440,27.2870,25.2051,24.7285,25.5849,25.4240,25.4414,25.4978,25.5238,25.5009,25.4742,25.3469,26.5302,25.4365,25.3355,25.3128,24.9996,24.8441,25.5867,25.7667,25.3489,0.0000,26.3155,26.6469,25.4432,24.9025,26.2411,25.4987,25.6307,26.3616,26.6589,26.7522,24.8763,25.5539,28.1746,27.1618,25.7398,24.0732,23.9014,26.8122,25.7902,25.2490,26.5179,26.9538,25.4365,25.4765,24.9542,25.2331,25.4381,27.2328,26.6330,25.0467,25.0532,24.8751,24.9393,22.8355,26.1253,25.3097,25.5814,25.4764,25.5196,25.5751,25.4732,23.7710,23.9798,24.9415,24.7147,26.9433,24.6330,25.1805,24.9385,26.5882,26.7655,27.4614,27.6300,27.0187,25.2484,25.8825,24.5350,25.1856,25.0164,25.2182,25.1578,26.7447,0.0000,26.1702,24.8685,27.9651,27.8869,25.1818,25.1722,27.3587,25.6531,25.4437,0.6183,0.6006,25.5113,0.6015,0.6500,25.1164,27.0139,29.0569,29.1071,28.3584,26.2439,24.7198,27.8075,27.7712,27.2565,0.6156,26.8238,24.1315,24.5916,24.5436,28.0220,28.9010,24.3150,27.1488,27.2214,27.2245,27.1418,26.7889,27.2179,27.2387,27.3924,27.2283,27.2236,26.8263,25.4365,24.8445,25.1581,0.0000,24.8244,25.3594,24.8244,25.0198,25.0886,25.2376,25.4142,25.2384,28.4101,25.3025,25.0929,25.4888,25.1388,24.4670,25.2184,25.1995,25.0961,24.4670,24.5487
29.0000,26.9087,25.2077,25.2545,24.9985,24.3853,24.3963,24.2278,26.5388,25.5831,27.3763,26.4268,26.9649,25.7925,25.0943,25.0104,24.8209,25.4177,25.5335,25.5261,25.0523,24.7662,24.2284,24.4578,24.9450,24.3956,24.6913,24.7549,25.3390,28.2234,25.1736,25.4669,25.5451,28.3309,26.7229,26.6230,26.7927,25.5509,25.8317,25.4856,26.9814,28.4267,25.5144,26.4883,28.5570,28.8044,25.6394,27.3037,27.2365,24.7276,28.3450,28.2214,26.5970,27.9002,26.9098,27.6343,26.7818,25.4102,28.1369,25.2814,25.8188,27.0388,27.0748,27.9149,27.9592,26.9536,27.0059,27.0077,27.5738,27.1447,27.1896,28.5510,27.2818,26.2994,27.0441,26.0320,24.6791,25.2578,28.2845,27.3689,25.3340,24.8602,25.6832,25.5587,25.5766,25.6355,25.6611,25.6448,25.6205,25.4823,26.6586,25.5505,25.4575,25.4301,25.1079,24.9317,25.7193,25.8941,25.4771,0.0000,26.4200,26.7499,25.5711,25.0284,26.4070,25.6569,25.7921,26.5575,26.8739,26.9735,24.9662,25.6684,28.4153,27.2483,25.8552,24.2104,24.0222,26.9839,25.9513,25.3839,26.7953,27.1813,25.5611,25.6022,25.0328,25.4996,25.5609,27.3409,26.8427,25.3115,25.3181,24.9348,25.0919,22.9654,26.2534,25.4761,25.7013,25.6098,25.6460,25.7043,25.7413,23.9039,24.1138,25.0612,24.8333,27.1702,24.7632,25.3376,25.0912,26.7995,26.9840,27.6064,27.7744,27.1559,25.3957,26.0007,24.6792,25.3348,25.1596,25.3364,25.2918,26.9572,0.0000,26.3716,24.9998,28.2084,28.1294,25.3162,25.3077,27.4503,25.7677,25.5578,0.6184,0.6006,25.6741,0.6015,0.6524,25.2400,27.1842,29.2485,29.2885,28.3622,26.3723,24.8426,28.0507,28.0129,27.4878,0.6166,27.0520,24.2647,24.7361,24.6948,28.1929,29.0910,24.4529,27.3884,27.4567,27.4593,27.3718,27.0165,27.4530,27.4652,27.6189,27.4632,27.4590,27.0589,25.5505,24.9321,25.2921,0.0000,24.9368,25.5176,24.9368,25.1391,25.2074,25.3513,25.5064,25.3803,28.4270,25.4666,25.2485,25.6463,25.2932,24.5736,25.3422,25.5046,25.2182,24.5736,24.6840
30.0000,26.8645,25.1537,25.2002,24.9492,24.3390,24.3675,24.1932,26.5073,25.5207,27.3370,26.3790,26.9242,25.7208,25.0558,24.9592,24.7835,25.3423,25.4655,25.4628,25.0098,24.7415,24.2444,24.4637,24.9073,24.3667,24.6530,24.7146,25.3020,28.2039,25.1197,25.4023,25.4925,28.3309,26.6763,26.5804,26.7474,25.4894,25.7985,25.4288,26.9368,28.3736,25.4809,26.4388,28.5030,28.8070,25.6142,27.2838,27.2166,24.6839,28.3352,28.2144,26.5653,27.8929,26.9173,27.6072,26.7481,25.3490,28.1300,25.2517,25.9833,27.0181,27.0545,27.9048,27.9492,26.9564,26.9834,26.9904,27.5496,27.1268,27.1728,28.5315,27.2784,26.4046,27.0232,26.0003,24.6292,25.2018,28.2646,27.3327,25.3007,24.8042,25.6074,25.4971,25.5153,25.5723,25.5971,25.5800,25.5561,25.4199,26.6243,25.5023,25.4019,25.3766,25.0560,24.8806,25.6906,25.8615,25.4411,0.0000,26.3727,26.7051,25.5119,24.9882,26.3630,25.6025,25.7454,26.5247,26.8499,26.9522,24.9467,25.6176,28.3968,27.2104,25.8020,24.1816,24.0227,26.9567,25.9123,25.3259,26.7607,27.1616,25.5030,25.5398,24.9800,25.4725,25.5007,27.3015,26.8159,25.2819,25.2885,24.8824,25.0485,22.9383,26.2203,25.3829,25.6350,25.5482,25.5862,25.6436,25.7202,23.8751,24.0851,25.0119,24.7844,27.1503,24.7140,25.2942,25.0478,26.7743,26.9610,27.5711,27.7381,27.1211,25.3338,25.9889,24.6586,25.2648,25.1030,25.2829,25.2348,26.9308,0.0000,26.1633,24.9502,28.2013,28.1216,25.2587,25.2526,27.4103,25.7396,25.5098,0.6182,0.6006,25.5943,0.6015,0.6560,25.2025,27.1337,29.2017,29.2520,28.3590,26.3388,24.8079,28.0425,28.0040,27.4736,0.6181,27.0413,24.2314,24.7002,24.6565,28.1407,29.0431,24.4273,27.3668,27.4366,27.4393,27.3518,26.9991,27.4329,27.4429,27.5946,27.4432,27.4395,27.0489,25.5023,24.8809,25.2351,0.0000,24.8623,25.4531,24.8623,25.0885,25.1561,25.2984,25.4419,25.3127,28.4180,25.4020,25.1862,25.5915,25.2305,24.4974,25.2922,25.6712,25.1604,24.4973,24.6538
31.0000,26.8309,25.1470,25.1924,24.9407,24.3375,24.3489,24.1784,26.4920,25.5099,27.3197,26.3723,26.9109,25.7167,25.0250,24.9714,24.7950,25.3577,25.4806,25.4897,24.9875,24.7270,24.2213,24.4438,24.8967,24.3460,24.6311,24.6920,25.2702,28.1920,25.1140,25.3989,25.4764,28.3309,26.6441,26.5483,26.7357,25.4780,25.7703,25.4171,26.9027,28.3313,25.4629,26.4358,28.4600,28.8045,25.6356,27.3514,27.2841,24.6931,28.3974,28.2817,26.5799,27.9565,27.0037,27.6409,26.7613,25.3609,28.2014,25.2729,26.2406,27.0785,27.1159,27.9729,28.0179,27.0240,27.0394,27.0511,27.6154,27.1936,27.2418,28.5827,27.3578,26.5932,27.0836,26.0270,24.6292,25.2084,28.2516,27.3209,25.2759,24.7961,25.6295,25.4856,25.5031,25.5617,25.5864,25.5701,25.5466,25.4085,26.6042,25.4796,25.3908,25.3662,25.0497,24.8765,25.6668,25.8410,25.4065,0.0000,26.3641,26.6944,25.4988,24.9792,26.3332,25.6262,25.7707,26.5700,26.9053,27.0116,24.9451,25.5930,28.4492,27.1989,25.7715,24.1696,23.9952,26.9501,25.8873,25.3170,26.7741,27.2268,25.4903,25.5294,24.9758,25.4941,25.4856,27.2846,26.8690,25.3034,25.3100,24.8839,25.0633,22.9188,26.1999,25.4107,25.6135,25.5357,25.5720,25.6282,25.7430,23.8579,24.0672,25.0023,24.7749,27.2154,24.7057,25.3127,25.0626,26.8266,27.0165,27.5377,27.7040,27.0940,25.3298,25.9179,24.6562,25.2864,25.1181,25.2736,25.2266,26.9861,0.0000,26.2779,24.9418,28.2687,28.1892,25.2503,25.2432,27.3947,25.6909,25.4869,0.6184,0.6006,25.6308,0.6015,0.6570,25.1707,27.1018,29.1580,29.2103,28.3566,26.3185,24.8175,28.1126,28.0726,27.5386,0.6185,27.1042,24.2161,24.6801,24.6347,28.1017,29.0004,24.4047,27.4309,27.5049,27.5074,27.4194,27.0681,27.5012,27.5084,27.6604,27.5114,27.5071,27.1246,25.4796,24.8768,25.2269,0.0000,24.8769,25.4477,24.8769,25.0790,25.1466,25.2879,25.4546,25.3349,28.4115,25.3986,25.2141,25.6148,25.2576,24.5093,25.2734,25.9277,25.1737,24.5093,24.6318
32.0000,26.8536,25.1652,25.2100,24.9701,24.3696,24.3805,24.2112,26.5152,25.5354,27.3362,26.3946,26.9301,25.7381,25.0549,25.0274,24.8428,25.3982,25.5146,25.6063,25.0056,24.7588,24.2570,24.4764,24.9289,24.3771,24.6604,24.7220,25.3019,28.1956,25.1323,25.4218,25.5011,28.3309,26.6727,26.5753,26.7564,25.5035,25.8015,25.4431,26.9242,28.3272,25.4901,26.4576,28.4536,28.8068,25.7700,27.5653,27.4976,24.7587,28.6131,28.5035,26.7308,28.1617,27.2252,27.8227,26.9169,25.3867,28.4226,25.4029,26.6600,27.2788,27.3178,28.1905,28.2373,27.2269,27.2247,27.2417,27.8330,27.4014,27.4523,28.7859,27.5805,26.9348,27.2838,26.1589,24.6447,25.2310,28.2543,27.3362,25.3059,24.8233,25.6574,25.5111,25.5290,25.5870,25.6115,25.5945,25.5711,25.4339,26.6295,25.5092,25.4171,25.3942,25.0827,24.9033,25.6950,25.8686,25.4428,0.0000,26.3864,26.7150,25.5237,25.0132,26.3633,25.7414,25.8845,26.7280,27.0901,27.2098,24.9467,25.6212,28.6526,27.2153,25.7990,24.2004,24.0414,26.9832,25.9205,25.3443,26.9316,27.4369,25.5158,25.5536,24.9924,25.6270,25.5107,27.3013,27.0441,25.4337,25.4403,24.9011,25.1452,22.9481,26.2264,25.4315,25.6370,25.5611,25.5975,25.6538,25.8789,23.8890,24.0984,25.0317,24.8041,27.4253,24.7348,25.4056,25.1444,27.0033,27.2008,27.5575,27.7226,27.1164,25.3515,25.9487,24.7417,25.3266,25.1700,25.3023,25.2542,27.1646,0.0000,172.0238,24.9711,28.4903,28.4089,25.2774,25.2703,27.4100,25.7217,25.5164,0.6184,0.6006,167.5055,0.6015,0.6569,25.2016,27.1307,29.1787,29.2231,28.3574,26.3447,24.8584,28.3327,28.2914,27.7491,0.6184,27.2994,24.2492,24.7126,24.6641,28.1343,29.0225,24.4375,27.6386,27.7199,27.7222,27.6336,27.2849,27.7162,27.7237,27.8785,27.7263,27.7238,27.3457,25.5092,24.9036,25.2545,0.0000,24.9371,25.4711,24.9371,25.1082,25.1756,25.3176,25.4833,25.4336,28.4126,25.4214,25.3333,25.7297,25.3748,24.5672,25.3009,26.3438,25.2211,24.5672,24.6626
33.0000,26.8128,25.1361,25.1792,24.9796,24.3906,24.3707,24.2038,26.4783,25.5262,27.2958,26.3738,26.8976,25.7343,25.0318,25.0525,24.8691,25.3932,25.4948,25.7067,24.9638,24.7555,24.2507,24.4713,24.9289,24.3654,24.6508,24.7128,25.2766,28.1797,25.1040,25.3794,25.4574,28.3309,26.6392,26.5415,26.7310,25.4948,25.7815,25.4377,26.8816,28.2458,25.4643,26.4343,28.3687,28.8166,25.8967,27.8257,27.7574,24.7990,28.8664,28.7682,26.8699,28.3905,27.5084,28.0078,27.0600,25.3688,28.6921,25.5276,27.3594,27.5222,27.5628,28.4550,28.5055,27.4594,27.4442,27.4707,28.0822,27.6493,27.7021,29.0112,27.8257,27.4303,27.5271,26.2900,24.6292,25.2080,28.2379,27.3101,25.2821,24.8365,25.6105,25.5023,25.5204,25.5773,25.6012,25.5763,25.5497,25.4244,26.5941,25.5104,25.4131,25.3954,25.0917,24.9037,25.6679,25.8388,25.4129,0.0000,26.3668,26.6911,25.5165,25.0112,26.3339,25.8520,25.9977,26.9086,27.3111,27.4510,24.9499,25.6197,28.8803,27.1895,25.7936,24.1925,24.0316,27.0246,25.8994,25.3531,27.0749,27.6928,25.5084,25.5461,24.9683,25.7535,25.5006,27.2616,27.2509,25.5587,25.5654,24.8810,25.2102,22.9371,26.1939,25.3889,25.6186,25.5522,25.5859,25.6368,26.0064,23.8789,24.0886,25.0345,24.8069,27.6813,24.7443,25.4874,25.2095,27.2112,27.4189,27.4999,27.6616,27.0694,25.3125,25.9507,24.7843,25.3506,25.1956,25.3065,25.2677,27.3768,0.0000,26.4240,24.9807,28.7552,28.6724,25.2900,25.2831,27.3757,25.7240,25.5175,0.6176,0.6006,25.7712,0.6015,0.6568,25.1772,27.0914,29.0960,29.1448,28.3557,26.3113,24.8813,28.6007,28.5566,28.0046,0.6183,27.5299,24.2415,24.7032,24.6545,28.0742,28.9432,24.4252,27.8929,27.9825,27.9848,27.8971,27.5536,27.9786,27.9753,28.1279,27.9889,27.9839,27.6192,25.5104,24.9041,25.2679,0.0000,24.9642,25.4356,24.9642,25.1114,25.1794,25.3211,25.4640,25.5098,28.4045,25.3791,25.4361,25.8401,25.4765,24.5946,25.2889,27.0369,25.2284,24.5946,24.6472
34.0000,26.7198,25.1235,25.1660,24.9801,24.3974,24.3469,24.1852,26.4116,25.5226,27.2316,26.3493,26.8467,25.7202,25.0049,25.1008,24.9295,25.3951,25.4662,25.9015,24.9454,24.7482,24.2475,24.4662,24.9276,24.3363,24.6197,24.6822,25.2446,28.1434,25.0918,25.3724,25.4472,28.3309,26.5501,26.4558,26.6918,25.4919,25.7223,25.4391,26.7867,28.1129,25.4228,26.4105,28.2324,28.7780,26.0842,28.2698,28.2006,24.8776,29.2742,29.1902,27.0851,28.7848,27.9644,28.3042,27.2832,25.3445,29.1203,25.7243,28.4193,27.9398,27.9827,28.8804,28.9351,27.8640,27.8130,27.8529,28.5207,28.1010,28.1656,29.3868,28.3216,28.1777,27.9447,26.5037,24.6292,25.1952,28.1988,27.2663,25.2445,24.8372,25.5624,25.4992,25.5170,25.5737,25.5974,25.5712,25.5444,25.4208,26.5292,25.5218,25.4167,25.4021,25.1138,24.9180,25.6202,25.7908,25.3782,0.0000,26.3417,26.6557,25.5144,25.0122,26.2533,26.0583,26.2017,27.2182,27.6875,27.8643,24.9704,25.6292,29.2586,27.1470,25.8032,24.1669,24.0247,27.0174,25.8356,25.3527,27.3019,28.1333,25.5089,25.5456,24.9599,25.9466,25.4967,27.1985,27.6014,25.7559,25.7626,24.8775,25.3304,22.9097,26.1384,25.3820,25.6051,25.5486,25.5847,25.6342,26.1864,23.8544,24.0646,25.0402,24.8126,28.1226,24.7448,25.6358,25.3297,27.5642,27.7858,27.3761,27.5310,26.9736,25.3043,25.9542,24.8880,25.3767,25.2382,25.3148,25.2684,27.7348,0.0000,26.6236,24.9813,29.1777,29.0929,25.2902,25.2818,27.3172,25.7330,25.5288,0.6170,0.6006,25.9667,0.6015,0.6557,25.1472,26.9826,28.8926,28.9508,28.3516,26.2532,24.9358,29.0289,28.9811,28.4266,0.6182,27.9203,24.2218,24.6758,24.6235,27.9264,28.7479,24.3957,28.3200,28.4290,28.4317,28.3407,28.0221,28.4249,28.4157,28.5668,28.4357,28.4278,28.0802,25.5218,24.9184,25.2686,0.0000,25.0333,25.4292,25.0333,25.1178,25.1865,25.3335,25.4347,25.6635,28.3855,25.3721,25.6312,26.0463,25.6734,24.6701,25.2799,28.0868,25.2463,24.6700,24.6156
35.0000,25.9706,24.5697,24.6134,24.3369,23.7513,23.6687,23.5125,25.8184,24.9040,26.6441,25.7494,26.2566,25.0864,24.3951,23.8285,23.7727,24.3192,24.3696,24.8993,24.3807,24.0481,23.5425,23.7597,24.2250,23.6646,23.9425,24.0044,24.6284,27.6701,24.5387,24.7749,24.8528,27.9618,25.8093,25.7187,26.0957,24.8724,25.0107,24.8163,26.0342,27.2965,24.8300,25.8077,27.4102,28.3996,24.9598,27.1987,27.1321,23.5434,26.8399,26.1978,25.9113,27.5196,26.9529,27.0532,26.0991,24.4502,26.7498,24.5976,27.7050,26.8498,26.8915,26.6904,26.7429,26.6546,26.7496,26.8079,27.4255,27.0209,27.0867,28.0607,27.2192,27.3081,26.8543,25.2966,24.1526,24.4014,27.7233,26.7109,24.6175,24.2337,24.4579,24.8795,24.8970,24.9542,24.9772,24.9574,24.9306,24.8040,25.9247,24.9047,24.7941,24.7885,24.5159,24.3632,25.0177,25.1810,24.7598,0.0000,25.7423,26.0629,24.8883,24.2742,25.5231,25.0572,25.2154,26.1817,26.6202,26.7871,24.2282,25.0081,27.9460,26.5834,25.1738,23.4942,23.3365,26.3309,25.1213,24.7371,26.1152,27.0672,24.8844,24.9190,24.4346,24.8148,24.8678,26.6108,26.5363,24.6256,24.6320,24.2911,24.0914,22.2773,25.5310,24.7836,24.9652,24.9263,24.9574,25.0038,25.0612,23.1923,23.3952,24.4110,24.1890,27.0597,24.1089,24.4634,24.0907,26.4931,26.7249,26.7431,26.9016,26.3540,24.7175,25.3220,23.5191,24.1393,23.9743,24.7029,24.6544,26.6821,0.0000,25.5429,24.3393,26.2253,26.3782,24.6754,24.6657,26.7437,25.1084,24.9114,24.7665,22.9421,24.9593,22.9704,25.0817,24.5335,26.2345,28.1571,28.2506,27.9715,25.6466,23.8404,26.7118,26.6274,26.7931,23.6287,26.8187,23.5479,23.9943,23.9462,27.1758,28.0106,23.7211,27.2237,27.3516,27.3550,27.2674,27.0105,27.3475,27.3312,27.4700,27.3587,27.3468,27.0116,24.9047,24.3635,24.6546,0.0000,24.0113,24.8263,24.0114,24.4937,24.5655,24.7245,24.4495,24.6524,27.9694,24.7746,24.6411,25.0457,24.6838,23.6703,24.6619,27.3699,24.0433,23.6702,23.9573
36.0000,25.9907,24.5701,24.6146,24.3316,23.7485,23.6547,23.5020,25.7284,24.8966,26.5220,25.6532,26.1279,25.0704,24.3643,23.8843,23.8323,24.3639,24.4003,25.0172,24.3865,24.0357,23.5092,23.7318,24.2211,23.6492,23.9325,23.9955,24.5920,27.5244,24.5389,24.7706,24.8492,27.8193,25.8337,25.7355,25.9997,24.8646,25.0117,24.8067,26.0552,27.3345,24.7672,25.6927,27.4498,28.2585,25.1212,27.4039,27.3375,23.6046,27.1223,26.5052,26.0805,27.7451,27.1800,27.2742,26.2679,24.4657,27.0552,24.7453,28.0709,27.0718,27.1136,26.9786,27.0366,26.8906,26.9542,27.0179,27.6583,27.2318,27.2943,28.2945,27.4256,27.5963,27.0761,25.4425,24.1533,24.4194,27.5767,26.5982,24.5738,24.2269,24.4830,24.8718,24.8894,24.9467,24.9694,24.9510,24.9244,24.7963,25.8424,24.8931,24.7844,24.7786,24.5159,24.3635,24.9692,25.1130,24.7251,0.0000,25.6560,25.9669,24.8787,24.2768,25.5470,25.1762,25.3312,26.3533,26.8245,27.0072,24.2394,24.9949,28.1801,26.4742,25.1547,23.4787,23.3072,26.3587,25.1444,24.7304,26.2771,27.2984,24.8751,24.9089,24.4348,24.9705,24.8609,26.4881,26.7296,24.7737,24.7801,24.2985,24.1716,22.2628,25.4568,24.7828,24.9631,24.9183,24.9487,24.9954,25.2316,23.1774,23.3809,24.4043,24.1824,27.2914,24.1037,24.5564,24.1709,26.6876,26.9282,26.6676,26.8203,26.2754,24.7143,25.3053,23.5734,24.2279,24.0455,24.6962,24.6475,26.8797,0.0000,25.6713,24.3340,26.5319,26.6793,24.6681,24.6583,26.6248,25.0933,24.8995,25.0897,23.2661,25.0780,23.2935,25.6600,24.4998,26.2536,28.1211,28.2059,27.8291,25.5701,23.8929,27.0107,26.9224,27.0474,24.0303,27.0419,23.5365,23.9852,23.9362,27.1821,27.9823,23.7018,27.4474,27.5527,27.5547,27.4781,27.2774,27.5487,27.5648,27.7036,27.5588,27.5522,27.2341,24.8931,24.3639,24.6477,0.0000,24.0891,24.8214,24.0892,24.4869,24.5594,24.7180,24.4684,24.7575,27.8256,24.7703,24.7579,25.1647,24.8047,23.7556,24.6444,27.7232,24.0893,23.7555,23.9333
37.0000,26.8019,25.0600,25.1067,24.8057,24.2113,24.1683,23.9959,26.3699,25.3741,27.1417,26.2073,26.7284,25.5605,24.8754,24.4393,24.3781,24.9369,24.9504,25.6633,24.8685,24.5218,23.9269,24.1788,24.7092,24.1763,24.4836,24.5519,25.1164,28.1096,25.0274,25.2540,25.3369,28.4227,26.6357,26.5116,26.5776,25.3428,25.6594,25.2903,26.8750,28.3282,25.3373,26.2502,28.4592,28.8929,25.7113,28.1776,28.1107,24.1428,27.9798,27.3976,26.5717,28.4701,27.9194,27.9798,26.8342,24.9944,27.9768,25.3246,28.9634,27.8175,27.8606,27.8618,27.9363,27.5702,27.6703,27.7380,28.4343,28.0122,28.0869,29.0546,28.2742,28.4062,27.8220,26.0510,24.6292,24.9407,28.1618,27.1834,25.1231,24.6871,25.0358,25.3500,25.3668,25.4257,25.4495,25.4377,25.4082,25.2726,26.4782,25.3824,25.2686,25.2663,24.9941,24.8407,25.5491,25.6996,25.2492,0.0000,26.2087,26.5380,25.3609,24.7728,26.3272,25.8065,25.9519,27.0353,27.5431,27.7475,24.7370,25.4859,28.9413,27.0575,25.6443,23.9684,23.6981,26.9650,25.8855,25.1916,26.8678,28.0647,25.3610,25.3936,24.9202,25.5581,25.3449,27.1062,27.4349,25.3545,25.3611,24.7917,24.7375,22.7590,26.0665,25.2702,25.4478,25.3977,25.4358,25.4820,25.8457,23.6754,23.8864,24.8839,24.6577,28.0587,24.5729,25.1411,24.7368,27.3936,27.6430,27.4555,27.6235,26.9909,25.1990,25.8221,24.0520,24.9033,24.6502,25.1795,25.1157,27.5893,0.0000,26.1883,24.8077,27.4245,27.5705,25.1373,25.1262,27.2254,25.5956,25.3893,25.9407,24.1128,25.7425,24.1381,26.9622,25.0181,27.1107,29.2028,29.2747,28.4323,26.1875,24.4316,27.9169,27.8159,27.8624,25.0176,27.7568,24.0299,24.5130,24.4865,28.1481,29.0482,24.2287,28.2062,28.3284,28.3313,28.2560,28.0576,28.3243,28.3448,28.4808,28.3354,28.3253,27.9902,25.3824,24.8411,25.1159,0.0000,24.6855,25.3049,24.6855,24.9673,25.0420,25.2032,25.0073,25.3906,28.4262,25.2537,25.3981,25.7949,25.4510,24.3521,25.1382,28.5743,24.6424,24.3519,24.4672
38.0000,27.6202,25.4538,25.4995,25.2948,24.6971,24.7008,24.5043,27.2692,25.9036,28.0948,26.9417,27.6272,26.1008,25.4718,24.9316,24.8830,25.4187,25.4009,26.2382,25.3209,25.0133,24.3727,24.6428,25.1934,24.7257,25.0358,25.1099,25.7251,29.1598,25.4184,25.7320,25.8201,29.5192,27.4485,27.3021,27.3820,25.8765,26.3272,25.8249,27.7000,29.2897,26.0816,26.9924,29.4330,30.0513,26.3187,28.8364,28.7687,24.6373,28.6746,28.0938,27.2102,29.1205,28.5682,28.6589,27.4859,25.4007,28.6871,25.9076,29.7115,28.4569,28.5016,28.5561,28.6369,28.1791,28.3030,28.3728,29.1016,28.6659,28.7456,29.7334,28.9604,29.1037,28.4617,26.6348,24.9235,25.3364,29.2216,28.0874,25.7743,25.1705,25.4920,25.8847,25.8999,25.9621,25.9941,25.9601,25.9271,25.8097,27.3355,25.9123,25.7982,25.7794,25.4605,25.2451,26.2955,26.4538,25.8245,0.0000,26.9386,27.3313,25.9088,25.2487,27.1105,26.3813,26.5131,27.6411,28.1700,28.3841,25.2205,26.0220,29.6183,27.9404,26.1925,24.4688,24.1454,27.6859,26.6151,25.6828,27.5225,28.7151,25.8970,25.9386,25.2775,26.1547,25.8949,28.0546,28.0569,25.9380,25.9447,25.1271,25.2530,23.2763,26.8676,25.7350,26.0261,25.9396,25.9745,26.0230,26.4651,24.2061,24.4164,25.3756,25.1449,28.7092,25.0575,25.6709,25.2523,28.0142,28.2745,28.4835,28.6846,27.9375,25.6559,26.4823,24.5216,25.4587,25.1703,25.6768,25.6075,28.2174,0.0000,26.7625,25.2969,28.1209,28.2673,25.6314,25.6158,28.1539,26.1929,25.9206,26.6182,24.7382,26.3185,24.7644,27.6725,25.6226,28.0115,30.4918,30.5758,29.5280,27.0046,24.9333,28.6205,28.5143,28.5296,25.6715,28.3877,24.5384,25.0503,25.0383,29.2402,30.3081,24.7775,28.8554,28.9903,28.9943,28.9083,28.7092,28.9860,29.0096,29.1495,28.9982,28.9783,28.6369,25.9123,25.2455,25.6077,0.0000,25.1970,25.7964,25.1971,25.4608,25.5359,25.7022,25.4384,25.9488,29.5169,25.7317,25.9702,26.3698,26.0311,24.8638,25.6958,29.2893,25.1182,24.8636,25.0475
39.0000,29.1573,26.8031,26.8516,26.6453,26.0163,26.0493,25.8373,28.8617,27.2825,29.7520,28.4585,29.2491,27.5080,26.8688,26.2816,26.2323,26.7972,26.7677,27.6836,26.6784,26.3619,25.6805,25.9677,26.5462,26.0808,26.4127,26.4907,27.1398,30.8998,26.7655,27.1006,27.1952,31.2935,28.9745,28.8207,28.9496,27.2547,27.7826,27.2018,29.2418,30.9246,27.5480,28.5152,31.0762,31.8747,27.7509,30.3769,30.3056,25.9722,30.2209,29.6020,28.6908,30.6964,30.1126,30.2140,28.9810,26.7596,30.2330,27.3151,31.3301,29.9923,30.0392,30.0952,30.1808,29.7022,29.8316,29.9056,30.6735,30.2149,30.2996,31.3400,30.5284,30.6815,29.9978,28.0786,26.2343,26.6877,30.9679,29.7239,27.2055,26.5095,26.8627,27.2633,27.2805,27.3425,27.3752,27.3430,27.3076,27.1831,28.9115,27.2842,27.1730,27.1546,26.8039,26.5739,27.7728,27.9470,27.2338,0.0000,28.4545,28.8916,27.2944,26.6054,28.6187,27.8244,27.9520,29.1367,29.6916,29.9160,26.5715,27.3987,31.2186,29.5626,27.5754,25.8047,25.4453,29.1648,28.0978,27.0492,29.0200,30.2606,27.2775,27.3213,26.6139,27.5768,27.2757,29.7087,29.5732,27.3471,27.3542,26.4561,26.6218,24.5519,28.3994,27.1043,27.4142,27.3227,27.3592,27.4100,27.9067,25.5281,25.7496,26.7283,26.4852,30.2539,26.3952,27.0628,26.6211,29.5280,29.8018,30.1533,30.3732,29.5626,27.0193,27.8817,25.8530,26.8432,26.5365,27.0437,26.9697,29.7423,0.0000,28.2562,26.6474,29.6309,29.7872,26.9953,26.9834,29.8035,27.5764,27.2931,28.0329,26.0295,27.7711,26.0583,29.0024,27.0306,29.5851,32.2916,32.3848,31.3022,28.5493,26.2830,30.1627,30.0503,30.0689,26.9615,29.9216,25.8740,26.4209,26.4151,30.9211,32.0902,26.1375,30.4081,30.5371,30.5418,30.4619,30.2539,30.5327,30.5754,30.7239,30.5457,30.5187,30.1771,27.2842,26.5744,26.9699,0.0000,26.5818,27.1689,26.5819,26.8173,26.8970,27.0665,26.8036,27.3778,31.2885,27.1003,27.4039,27.8130,27.4750,26.2382,27.0802,30.8796,26.4749,26.2381,26.4258
40.0000,34.1869,31.4242,31.4808,31.2450,30.5097,30.5545,30.3072,33.8423,31.9852,34.8981,33.3733,34.3218,32.2571,31.5120,30.8501,30.7947,31.4370,31.3752,32.5768,31.2783,30.9240,30.1396,30.4720,31.1368,30.5905,30.9757,31.0672,31.8315,36.2358,31.3806,31.7737,31.8759,36.6975,33.9746,33.7939,33.9521,31.9512,32.5816,31.8933,34.2856,36.2508,32.3064,33.4391,36.4279,37.3832,32.6535,35.8884,35.8037,30.5027,35.5813,34.8538,33.7578,36.1476,35.4530,35.5622,34.0996,31.3657,35.5967,32.1414,36.8770,35.3255,35.3796,35.4372,35.5387,34.9664,35.1217,35.2087,36.1390,35.5848,35.6841,36.8998,35.9532,36.1259,35.3320,33.0437,30.7555,31.2863,36.3154,34.8602,31.9060,31.0812,31.4489,31.9615,31.9815,32.0557,32.0946,32.0561,32.0147,31.8684,33.8952,31.9819,31.8600,31.8390,31.4270,31.1562,32.5694,32.7710,31.9448,0.0000,33.3693,33.8835,32.0039,31.2085,33.5566,32.7439,32.8766,34.2920,34.9589,35.2325,31.1660,32.1134,36.7562,34.6711,32.3144,30.2724,29.8620,34.1558,32.9447,31.7136,34.1455,35.6791,31.9834,32.0384,31.2024,32.4493,31.9829,34.8485,34.8134,32.1792,32.1876,31.0161,31.2810,28.7973,33.2971,31.7915,32.1502,32.0335,32.0790,32.1385,32.8370,29.9421,30.2025,31.3414,31.0564,35.6765,30.9514,31.8094,31.2802,34.7609,35.0863,35.3127,35.5661,34.6384,31.6782,32.6673,30.3702,31.4987,31.1457,31.7093,31.6208,35.0139,0.0000,33.2024,31.2472,34.8880,35.0717,31.6513,31.6386,34.9563,32.3150,31.9922,32.9959,30.6218,32.6757,30.6566,34.0178,31.7027,34.6770,37.7696,37.8745,36.7073,33.4718,30.8502,35.5154,35.3830,35.4102,31.6816,35.2261,30.3509,30.9891,30.9787,36.2113,37.5395,30.6588,35.8174,36.0884,36.0986,35.9655,35.6765,36.0824,36.0351,36.1985,36.1019,36.0587,35.5759,31.9819,31.1567,31.6210,0.0000,31.2306,31.8532,31.2307,31.4450,31.5387,31.7340,31.4175,32.2037,36.6913,31.7732,32.2508,32.7320,32.3412,30.8379,31.7542,36.3553,31.0590,30.8377,30.9941
41.0000,34.1153,31.4078,31.4625,31.2436,30.5079,30.5544,30.3060,33.8131,31.9833,34.8641,33.3610,34.3091,32.2470,31.4963,30.8865,30.8222,31.4787,31.3990,32.7089,31.2800,30.9289,30.1548,30.4844,31.1399,30.5884,30.9819,31.0752,31.8150,36.1692,31.3652,31.7659,31.8759,36.6203,33.9063,33.7320,33.9340,31.9512,32.5490,31.8916,34.2117,36.1295,32.2842,33.4296,36.3024,37.2970,32.7011,36.0523,35.9671,30.5450,35.7284,35.0072,33.7858,36.2888,35.5834,35.6293,34.1226,31.3785,35.7328,32.1979,37.0035,35.4678,35.5229,35.5762,35.6760,35.0728,35.2547,35.3402,36.2963,35.7188,35.8158,37.0367,36.0614,36.2503,35.4743,33.1171,30.7376,31.2857,36.2470,34.8238,31.8915,31.0780,31.4711,31.9614,31.9811,32.0538,32.0925,32.0508,32.0097,31.8673,33.8693,31.9776,31.8581,31.8370,31.4286,31.1505,32.5446,32.7508,31.9270,0.0000,33.3561,33.8651,32.0032,31.2125,33.4964,32.8686,32.9798,34.4169,35.0927,35.3727,31.1729,32.1062,36.8924,34.6386,32.3058,30.2682,29.8731,34.1211,32.9004,31.7106,34.1703,35.8301,31.9808,32.0349,31.1857,32.5018,31.9780,34.8164,34.9455,32.2363,32.2447,31.0037,31.3416,28.7953,33.2757,31.7756,32.1397,32.0325,32.0750,32.1336,32.8824,29.9434,30.2030,31.3409,31.0559,35.8278,30.9500,31.8825,31.3407,34.8894,35.2190,35.2528,35.5020,34.5947,31.6686,32.6588,30.4088,31.5189,31.1738,31.7079,31.6175,35.1503,0.0000,33.3966,31.2458,35.0406,35.2186,31.6477,31.6373,34.9221,32.3088,31.9878,33.2130,30.7905,32.8146,30.8273,34.1032,31.6865,34.6006,37.6342,37.7459,36.6300,33.4495,30.8746,35.6536,35.5231,35.5501,31.8266,35.3480,30.3502,30.9918,30.9847,36.1203,37.4086,30.6596,35.9705,36.2552,36.2654,36.1230,35.8278,36.2490,36.1897,36.3560,36.2687,36.2297,35.7256,31.9776,31.1510,31.6177,0.0000,31.3126,31.8463,31.3127,31.4443,31.5379,31.7324,31.4345,32.3198,36.6149,31.7654,32.3842,32.8581,32.4799,30.9291,31.7473,36.4803,31.0904,30.9289,30.9882
42.0000,33.9541,31.3318,31.3850,31.1700,30.4435,30.4731,30.2275,33.6654,31.9037,34.6989,33.2467,34.1694,32.1690,31.3904,30.8636,30.7707,31.4878,31.4063,32.7162,31.1887,30.8570,30.0920,30.4196,31.0686,30.5040,30.9023,30.9958,31.7049,35.9617,31.2903,31.6882,31.7941,36.4006,33.7485,33.5815,33.8017,31.8713,32.4400,31.8094,34.0479,35.9127,32.1646,33.3186,36.0808,37.0605,32.6563,36.0504,35.9648,30.5128,35.6767,34.9406,33.7118,36.2915,35.5687,35.5693,34.0427,31.3598,35.6660,32.1594,36.9539,35.4610,35.5188,35.5209,35.6170,35.0728,35.2437,35.3290,36.2881,35.7082,35.8041,37.0243,36.0619,36.2171,35.4675,33.0894,30.6707,31.2522,36.0364,34.6594,31.7830,31.0026,31.5174,31.8815,31.9015,31.9745,32.0133,31.9702,31.9295,31.7883,33.7302,31.8944,31.7765,31.7574,31.3583,31.0815,32.4202,32.6291,31.8156,0.0000,33.2398,33.7342,31.9191,31.1432,33.3471,32.8740,32.9691,34.4062,35.0827,35.3651,31.1012,32.0206,36.8789,34.4811,32.2176,30.1878,29.8020,34.0672,32.7671,31.6333,34.0912,35.8251,31.8965,31.9486,31.1131,32.4602,31.8889,34.6534,34.9340,32.1981,32.2065,30.9476,31.3149,28.7158,33.1461,31.7066,32.0383,31.9513,31.9899,32.0479,32.8377,29.8611,30.1216,31.2658,30.9815,35.8211,30.8770,31.8597,31.3140,34.8777,35.2082,35.0624,35.3043,34.4288,31.5916,32.5521,30.3748,31.4769,31.1410,31.6308,31.5409,35.1394,0.0000,33.3956,31.1721,34.9744,35.1545,31.5709,31.5616,34.7546,32.2132,31.9044,33.1390,30.7119,32.8212,30.7490,33.9499,31.5776,34.4143,37.3444,37.4574,36.4104,33.3172,30.8201,35.5915,35.4630,35.5187,31.7266,35.3378,30.2716,30.9129,30.9052,35.8781,37.1265,30.5764,35.9972,36.2546,36.2645,36.1192,35.8211,36.2484,36.1803,36.3480,36.2679,36.2363,35.7225,31.8944,31.0820,31.5411,0.0000,31.3312,31.7679,31.3312,31.3686,31.4617,31.6554,31.4263,32.3285,36.3965,31.6878,32.3928,32.8650,32.4879,30.9551,31.6563,36.4422,31.0795,30.9549,30.8965
43.0000,28.8550,26.7568,26.7992,26.6338,26.0139,26.0169,25.8168,28.7665,27.2590,29.6712,28.4545,29.2558,27.4811,26.8547,26.3441,26.2607,26.8919,26.8253,27.9223,26.6447,26.3549,25.7049,25.9834,26.5390,26.0400,26.3764,26.4531,27.1299,30.7699,26.7229,27.0704,27.1671,31.1324,28.6829,28.5535,28.9173,27.2321,27.6379,27.1848,28.9310,30.4396,27.4929,28.5302,30.5755,31.6845,27.7829,30.6976,30.6248,26.0451,30.3152,29.6690,28.6711,30.8897,30.2886,30.2435,28.9524,26.7865,30.2868,27.3800,31.4409,30.1957,30.2449,30.1805,30.2572,29.8597,30.0182,30.0890,30.8908,30.3942,30.4715,31.5109,30.6577,30.8254,30.2012,28.1891,26.2021,26.6917,30.8314,29.6522,27.1714,26.4964,26.9203,27.2406,27.2572,27.3176,27.3491,27.3115,27.2772,27.1584,28.8220,27.2624,27.1574,27.1418,26.8039,26.5621,27.6997,27.8936,27.2470,0.0000,28.4407,28.8617,27.2796,26.6000,28.3517,28.0605,28.1326,29.3238,29.8821,30.1164,26.5692,27.3677,31.3870,29.5000,27.5393,25.7897,25.4538,29.0649,27.8787,27.0379,29.0006,30.5044,27.2565,27.2999,26.5739,27.6254,27.2538,29.6356,29.7598,27.4130,27.4202,26.4353,26.7242,24.5135,28.3300,27.0717,27.3831,27.3008,27.3325,27.3795,27.9254,25.4927,25.7160,26.7189,26.4760,30.5009,26.3836,27.1858,26.7235,29.7114,29.9888,29.8900,30.0957,29.3821,26.9861,27.8219,25.9497,26.8201,26.5609,27.0328,26.9564,29.9328,0.0000,28.4687,26.6357,29.6985,29.8557,26.9815,26.9749,29.7265,27.5363,27.2710,28.1231,26.0495,28.0080,26.0817,28.6435,27.0181,29.2354,31.6584,31.7838,31.1405,28.4743,26.3067,30.2303,30.1244,30.2125,26.8670,30.0894,25.8541,26.3918,26.3792,30.4391,31.4771,26.1039,30.6562,30.8717,30.8800,30.7550,30.5009,30.8663,30.8007,30.9414,30.8829,30.8559,30.4184,27.2624,26.5626,26.9566,0.0000,26.7607,27.1387,26.7607,26.8076,26.8864,27.0556,26.8413,27.5962,31.1304,27.0701,27.6460,28.0539,27.7277,26.4455,27.0644,31.0135,26.5354,26.4454,26.3870
44.0000,27.2646,25.4179,25.4565,25.3037,24.7212,24.6814,24.5000,27.2033,25.8935,28.0545,26.9576,27.6798,26.0947,25.4785,25.0758,24.9621,25.6464,25.5929,26.5763,25.2897,25.0251,24.4154,24.6777,25.2070,24.6963,25.0119,25.0832,25.7392,29.0641,25.3872,25.7156,25.7965,29.3898,27.1036,26.9900,27.3792,25.8671,26.1704,25.8208,27.3335,28.7021,26.0328,27.0254,28.8254,29.8943,26.5057,29.2025,29.1323,24.7768,28.7838,28.1527,27.4719,29.3698,28.7996,28.8333,27.7070,25.5223,28.7382,26.1009,29.8714,28.7200,28.7665,28.6523,28.7214,28.3843,28.5497,28.6138,29.3835,28.9032,28.9749,29.9608,29.1620,29.2945,28.7252,26.8344,24.9048,25.4127,29.1198,28.0470,25.7567,25.1783,25.7116,25.8751,25.8930,25.9467,25.9741,25.9399,25.9084,25.7956,27.2667,25.8926,25.7953,25.7812,25.4729,25.2451,26.2315,26.4128,25.8687,0.0000,26.9467,27.3288,25.9101,25.2664,26.7981,26.7040,26.7644,27.8937,28.4223,28.6446,25.2421,25.9897,29.8424,27.9085,26.1463,24.4728,24.1658,27.5536,26.3664,25.6977,27.7386,29.0158,25.8874,25.9304,25.2495,26.3439,25.8884,28.0223,28.3066,26.1311,26.1379,25.1392,25.4219,23.2485,26.8147,25.7284,26.0148,25.9319,25.9581,26.0016,26.6358,24.1800,24.3942,25.3826,25.1518,29.0130,25.0662,25.8605,25.4212,28.2591,28.5221,28.2289,28.4163,27.7713,25.6359,26.4060,24.6948,25.4957,25.2669,25.6819,25.6154,28.4718,0.0000,27.1164,25.3058,28.1812,28.3338,25.6383,25.6312,28.1130,26.1436,25.9006,26.6772,24.6926,26.6594,24.7241,27.0434,25.6329,27.6003,29.7930,29.9182,29.3975,26.9473,25.0039,28.6905,28.5934,28.7095,25.4320,28.6069,24.5344,25.0337,25.0148,28.6823,29.6285,24.7591,29.1571,29.3701,29.3783,29.2593,29.0130,29.3650,29.2959,29.4314,29.3810,29.3538,28.9336,25.8926,25.2455,25.6156,0.0000,25.5117,25.7792,25.5118,25.4672,25.5420,25.7032,25.5894,26.2782,29.3906,25.7152,26.3092,26.6984,26.3903,25.2158,25.6957,29.4708,25.2813,25.2156,25.0216
45.0000,27.1170,25.5085,25.5484,25.4075,24.8454,24.7432,24.5755,27.1576,26.0142,28.0084,27.0029,27.6682,26.1784,25.5650,25.1909,25.0247,25.8715,25.8656,26.5752,25.4296,25.1151,24.5534,24.7947,25.2978,24.7483,25.0595,25.1269,25.8174,28.9431,25.4793,25.8412,25.9331,29.2093,26.9655,26.8704,27.3966,25.9886,26.1455,25.9475,27.1790,28.4070,26.0474,27.0669,28.5176,29.6829,26.4661,29.1279,29.0577,24.8423,28.6404,27.9883,27.4528,29.2810,28.7301,28.7533,27.6608,25.7215,28.5662,26.0777,29.7904,28.6499,28.6963,28.5034,28.5668,28.3017,28.4871,28.5486,29.2990,28.8208,28.8881,29.8732,29.0515,29.2108,28.6551,26.8209,24.9647,25.5740,28.9965,28.0121,25.8009,25.2918,25.9884,25.9965,26.0168,26.0664,26.0927,26.0620,26.0285,25.9160,27.2342,25.7082,25.9256,25.9273,25.4380,25.2451,26.2419,26.4197,25.9568,0.0000,26.9949,27.3497,26.0336,25.3522,26.6792,26.6914,26.7505,27.8496,28.3635,28.5769,25.3507,25.7779,29.7548,27.8845,25.8562,24.5584,24.3263,27.5351,26.2855,25.8217,27.6882,28.9418,26.0134,26.0533,25.3286,26.3113,25.9993,27.9793,28.2522,26.1077,26.1145,25.2321,25.4625,23.2975,26.8032,25.9165,26.0976,26.0540,26.0806,26.1187,26.5814,24.2395,24.4549,25.4804,25.2487,28.9387,25.1693,25.8842,25.4618,28.2055,28.4602,28.0976,28.2699,27.6871,25.7778,26.0364,24.7628,25.5772,25.3643,25.7853,25.7309,28.4134,0.0000,27.0851,25.4098,28.0172,28.1733,25.7510,25.7855,28.0741,25.8292,25.7155,26.4899,24.5053,26.6548,24.5373,26.6957,25.7150,27.4315,29.4771,29.6126,29.2212,26.9298,25.0733,28.5278,28.4369,28.5987,25.1918,28.5296,24.6123,25.0954,25.0628,28.4423,29.3218,24.8132,29.0904,29.2954,29.3036,29.1847,28.9387,29.2903,29.2111,29.3464,29.3063,29.2805,28.8621,25.7082,25.2455,25.7311,0.0000,25.6720,25.9030,25.6720,25.5663,25.6440,25.5444,25.8190,26.3262,29.2289,25.8408,26.3052,26.6865,26.3899,25.3785,25.8075,29.3878,25.4587,25.3784,25.0713
46.0000,26.5037,25.1270,25.1658,24.9827,24.4241,24.3053,24.1521,26.5723,25.5699,27.4019,26.4770,27.0847,25.7266,25.0769,24.7801,24.6005,25.4714,25.4713,26.1468,25.0204,24.6928,24.1544,24.3866,24.8779,24.3003,24.6018,24.6644,25.3184,28.3037,25.0997,25.4164,25.5055,28.5566,26.3569,26.2757,26.8421,25.5433,25.6253,25.5006,26.5610,27.6945,25.5260,26.5371,27.7965,29.0025,25.9900,28.6248,28.5561,24.4335,28.0917,27.4322,26.9538,28.7569,28.2235,28.2193,27.1422,25.3470,28.0023,25.6169,29.2281,28.1494,28.1948,27.9545,28.0138,27.7926,27.9917,28.0497,28.7712,28.3085,28.3716,29.3431,28.5232,28.6783,28.1545,26.3568,24.6292,25.2023,28.3536,27.4232,25.3008,24.8691,25.5897,25.5509,25.5719,25.6215,25.6468,25.6171,25.5860,25.4728,26.6590,25.2935,25.4811,25.4878,25.0398,24.8703,25.7178,25.8869,25.4499,0.0000,26.4704,26.8002,25.5779,24.9362,26.0850,26.2560,26.3111,27.3759,27.8721,28.0787,24.9467,25.3616,29.2263,27.3029,25.4415,24.1401,23.9246,27.0071,25.7162,25.3882,27.1673,28.4359,25.5635,25.5991,24.9647,25.8418,25.5384,27.3748,27.7652,25.6465,25.6532,24.8826,25.0427,22.8758,26.2506,25.4878,25.6116,25.6048,25.6273,25.6634,26.0982,23.8170,24.0248,25.0571,24.8293,28.4331,24.7485,25.4571,25.0421,27.7180,27.9657,27.4405,27.6000,27.0689,25.3615,25.5946,24.3665,25.1271,24.9359,25.3567,25.3008,27.9230,0.0000,26.6647,24.9850,27.4613,27.6184,25.3200,25.3516,27.4759,25.4040,25.3004,25.9386,23.9749,26.2260,24.0073,25.9700,25.2205,26.7843,28.6747,28.8077,28.5692,26.3706,24.6521,27.9701,27.8834,28.0746,24.5978,28.0225,24.1878,24.6498,24.6056,27.7108,28.5296,24.3644,28.5854,28.7896,28.7977,28.6793,28.4331,28.7846,28.6894,28.8177,28.8003,28.7753,28.3594,25.2935,24.8706,25.3010,0.0000,25.2753,25.4724,25.2754,25.1415,25.2178,25.1414,25.4341,25.9061,28.5768,25.4160,25.8824,26.2516,25.9696,24.9906,25.3453,28.8463,25.0543,24.9905,24.6075
47.0000,26.2830,25.0857,25.1235,24.9068,24.3484,24.2101,24.0648,26.3881,25.4790,27.2149,26.3352,26.9133,25.6350,24.9587,24.7325,24.5319,25.4489,25.4498,26.1127,24.9497,24.6221,24.1173,24.3360,24.8090,24.1961,24.4867,24.5472,25.1943,28.1001,25.0601,25.3401,25.4256,28.3439,26.1409,26.0702,26.6851,25.4515,25.4756,25.4105,26.3365,27.3943,25.3610,26.3922,27.4895,28.7683,25.8928,28.5849,28.5161,24.3818,28.0098,27.3455,26.8225,28.6952,28.1694,28.1110,27.0011,25.3338,27.9105,25.5331,29.1761,28.1041,28.1497,27.8726,27.9292,27.7303,27.9396,27.9958,28.7225,28.2641,28.3276,29.2826,28.4853,28.6246,28.1091,26.2901,24.6292,25.1854,28.1481,27.2484,25.1674,24.7907,25.5707,25.4588,25.4792,25.5292,25.5525,25.5282,25.4981,25.3796,26.4801,25.2252,25.3930,25.4046,24.9872,24.8362,25.5576,25.7268,25.3280,0.0000,26.3308,26.6462,25.4830,24.8719,25.8759,26.2171,26.2682,27.3288,27.8242,28.0328,24.8688,25.2920,29.1657,27.1320,25.3728,24.0519,23.8937,26.8764,25.5199,25.3062,27.0289,28.3912,25.4733,25.5066,24.9398,25.7514,25.4480,27.1891,27.7162,25.5632,25.5699,24.8734,24.9932,22.7777,26.0814,25.4057,25.5202,25.5106,25.5362,25.5715,25.9973,23.7220,23.9300,24.9836,24.7565,28.3883,24.6731,25.4092,24.9926,27.6685,27.9140,27.2098,27.3610,26.8629,25.2919,25.5068,24.3280,25.0469,24.8740,25.2812,25.2211,27.8736,0.0000,26.6205,24.9089,27.3747,27.5318,25.2398,25.2709,27.2979,25.3284,25.2316,25.8492,23.8760,26.1910,23.9091,25.7524,25.0984,26.5457,28.3583,28.4828,28.3577,26.1985,24.5822,27.8827,27.7981,28.0105,24.4616,27.9618,24.1008,24.5483,24.4908,27.4261,28.2174,24.2588,28.5474,28.7507,28.7588,28.6345,28.3883,28.7457,28.6399,28.7691,28.7614,28.7365,28.3161,25.2252,24.8366,25.2213,0.0000,25.2571,25.3922,25.2571,25.0674,25.1433,25.0848,25.4170,25.8777,28.3665,25.3398,25.8506,26.2130,25.9410,24.9775,25.2448,28.7931,25.0169,24.9773,24.4945
48.0000,25.6228,24.6210,24.6576,24.4028,23.8508,23.6833,23.5485,25.7622,24.9544,26.5649,25.7519,26.2944,25.1157,24.4081,24.2526,24.0389,24.9801,24.9825,25.6194,24.4617,24.1064,23.5820,23.8111,24.3031,23.6637,23.9516,24.0107,24.6348,27.4090,24.5972,24.8370,24.9190,27.6387,25.4936,25.4275,26.0777,24.9262,24.8832,24.8872,25.6719,26.6414,24.7982,25.8056,26.7287,28.0371,25.3357,28.0173,27.9497,23.9031,27.4099,26.7459,26.2102,28.1117,27.5922,27.4899,26.3750,24.8808,27.3023,24.9925,28.5473,27.5368,27.5815,27.2734,27.3265,27.1588,27.3764,27.4288,28.1511,27.6996,27.7637,28.6836,27.9217,28.0103,27.5418,25.7492,24.2146,24.7354,27.4535,26.6082,24.6053,24.2922,25.0993,24.9331,24.9531,25.0022,25.0231,25.0042,24.9759,24.8543,25.8607,24.7341,24.8721,24.8891,24.5159,24.3853,24.9850,25.1443,24.7645,0.0000,25.7479,26.0422,24.9536,24.3711,25.2389,25.7152,25.7607,26.7873,27.2653,27.4678,24.3617,24.7973,28.5685,26.4985,24.8767,23.5306,23.3240,26.2866,24.8995,24.7948,26.4027,27.8218,24.9471,24.9769,24.4936,25.2017,24.9168,26.5418,27.1616,25.0224,25.0289,24.4428,24.5038,22.2765,25.4821,24.9004,24.9749,24.9818,25.0055,25.0377,25.4370,23.2028,23.4081,24.4826,24.2599,27.8193,24.1739,24.9125,24.5032,27.1133,27.3519,26.5394,26.6834,26.2168,24.7973,24.9929,23.8600,24.5379,24.3812,24.7764,24.7139,27.3155,0.0000,26.1342,24.4049,26.7750,26.9314,24.7319,24.7618,26.6519,24.8284,24.7401,25.2562,23.3188,25.6972,23.3516,25.0455,24.5424,25.8761,27.5930,27.7099,27.6528,25.5934,24.0870,27.2783,27.1966,27.4268,23.8556,27.3884,23.5807,24.0152,23.9558,26.7109,27.4593,23.7246,27.9719,28.1806,28.1892,28.0625,27.8193,28.1756,28.0671,28.1967,28.1915,28.1642,27.7473,24.7341,24.3856,24.7141,0.0000,24.7969,24.8828,24.7969,24.5654,24.6399,24.6070,24.9566,25.3914,27.6623,24.8367,25.3667,25.7117,25.4568,24.5292,24.7113,28.1744,24.5420,24.5290,23.9530
