"ETAPA \ GENERADOR","MAJES","CARPAPATA","REPARTICION","PARAMONGA","HUAYCOLORO","LA JOYA","STACRUZ12","HUASAHUASI","RONCADOR","PURMACANA","NIMPERIAL","MAPLE","TACNASOLAR","PANAMERICANASOLAR","PIZARRAS","PIAS","POECHOS2","PE TALARA","PE CUPISNIQUE","ELOR","CURUMUY","POECHOS1","CANCHAYLLO","CHANCAY","RUCUY","RUNATULLOII","RUNATULLOIII","LAGRINGAV","MOQUEGUASOLAR","PQEEOLICOMARCONA","PQEEOLICO3HERMANAS","YANAPAMPA","TABLAZO","POTRERO","CH MARANON","CS RUBI","YARUCAYA","INTIPAMPA","CHHER1","CHANGELI","CHANGELII","CHANGELIII","CTB DONA CATALINA","WAYRAI","CHZANA","8AGOSTO","RENOVANDESH1","EL CARMEN","CT CANA BRAVA","CT SAN JACINTO","CH MANTA","CTB CALLAO","HUAMBOS","DUNA","CT TALLANCA","SANTA ROSA 1","SANTA ROSA 2","CSF YARUCAYA","TUPURI","CE PUNTA LOMITASBL1","CE PUNTA LOMITASBL2","PTALOMITASEXPBL1","PTALOMITASEXPBL2","CSCLEMESI","PE SAN JUAN","WAYRAEXP","CS CARHUAQUERO","CH HUALLIN","CS MATARANI","CS SAN MARTIN","ANASHIRONI","CS SUNNY","CT AGROLMOS"
1.00,17.73,0.00,18.39,14.00,0.00,7.20,6.70,12.04,3.20,0.00,3.40,19.00,19.00,18.82,17.48,0.00,6.00,18.83,77.75,3.80,4.00,5.20,2.80,18.45,16.31,10.68,13.59,1.40,15.65,28.51,86.10,3.40,26.28,0.00,17.96,135.60,17.96,39.50,0.60,18.00,18.00,18.00,2.40,115.54,12.82,20.39,0.00,8.00,10.80,7.85,10.00,0.00,9.25,11.77,18.90,0.00,0.00,1.07,1.00,0.00,112.04,0.00,11.20,110.82,120.90,127.84,0.40,2.00,74.64,0.00,19.42,0.00,11.00
2.00,17.77,0.00,18.37,14.00,0.00,7.20,6.70,12.04,3.20,0.00,3.40,19.00,17.77,18.74,17.48,0.00,6.00,20.77,77.16,4.10,4.00,5.20,2.80,18.45,16.31,10.68,13.59,1.40,15.61,27.99,86.13,3.40,26.18,0.00,17.96,137.96,17.96,39.44,0.60,18.00,18.00,18.00,2.40,116.80,12.82,20.39,0.00,8.00,10.80,7.85,10.00,0.00,8.59,11.16,18.90,0.00,0.00,1.09,1.00,0.00,111.80,0.00,11.24,110.29,121.19,132.69,0.40,1.96,73.72,0.00,19.42,0.00,11.00
3.00,17.62,0.00,18.02,14.00,0.00,7.20,6.70,12.04,3.20,0.00,3.40,19.00,17.38,18.70,17.48,0.00,6.00,22.79,76.50,4.50,4.00,5.20,2.80,18.45,16.31,10.68,13.59,1.40,15.67,27.63,86.38,3.40,26.10,0.00,17.96,140.87,17.96,39.25,0.60,18.00,18.00,18.00,2.40,118.56,12.82,20.39,0.00,8.00,10.80,7.85,10.00,0.00,7.91,10.55,18.90,0.00,0.00,1.08,1.00,0.00,111.87,0.00,11.39,109.54,122.47,137.99,0.40,1.92,71.58,0.00,19.42,0.00,11.00
4.00,16.92,0.00,17.25,14.00,0.00,7.20,6.70,12.04,3.20,0.00,3.40,19.00,17.59,18.69,17.48,0.00,6.00,25.02,75.91,4.30,4.00,5.20,2.80,18.45,16.31,10.68,13.59,1.40,15.68,27.72,87.32,3.40,26.07,0.00,17.96,138.74,17.96,38.94,0.60,18.00,18.00,18.00,2.40,120.26,12.82,20.39,0.00,8.00,10.80,7.85,10.00,0.00,7.14,9.98,18.90,0.00,0.00,1.08,1.00,0.00,111.08,0.00,11.83,108.94,122.43,142.84,0.30,1.96,69.91,0.00,19.42,0.00,11.00
5.00,15.28,0.00,15.94,14.00,0.00,7.20,6.70,12.04,3.20,0.00,3.40,19.00,18.17,18.62,17.48,0.00,6.00,26.79,75.51,4.60,4.00,5.20,2.80,18.45,16.31,10.68,13.59,1.40,15.63,27.85,88.16,3.40,25.98,0.00,17.96,136.24,17.96,38.66,0.60,18.00,18.00,18.00,2.40,121.98,12.82,20.39,0.00,8.00,10.80,7.85,10.00,0.00,6.47,9.27,18.90,0.00,0.00,1.08,1.00,0.00,110.07,0.00,12.19,108.14,121.95,146.29,0.20,1.96,69.46,0.00,19.42,0.00,11.00
6.00,13.66,0.00,14.46,14.00,0.00,7.20,6.70,12.04,3.20,0.00,3.40,19.00,17.87,18.52,17.48,0.00,6.00,27.17,76.06,4.60,4.00,5.20,2.80,18.45,16.31,10.68,13.59,1.40,15.56,28.10,88.72,3.40,25.85,0.00,17.96,134.70,17.96,38.26,0.60,18.00,18.00,18.00,2.40,122.40,12.82,20.39,0.00,8.00,10.80,7.85,10.00,0.00,6.07,8.18,18.90,0.00,0.00,0.91,1.00,0.00,107.79,0.00,12.31,106.89,121.84,145.17,0.20,2.00,66.47,0.00,19.42,0.00,11.00
7.00,12.13,0.00,12.57,14.00,0.00,7.20,6.70,12.04,3.20,0.00,3.40,19.00,16.58,18.22,17.48,0.00,6.00,27.54,77.27,4.60,4.00,5.20,2.80,18.45,16.31,10.68,13.59,1.40,15.30,28.29,89.16,3.40,25.93,0.00,17.96,134.73,17.96,37.26,0.60,18.00,18.00,18.00,2.40,122.44,12.82,20.39,0.00,8.00,10.80,7.85,10.00,0.00,5.59,7.16,18.90,0.00,0.00,0.88,1.00,0.00,105.36,0.00,12.48,104.53,121.90,144.71,0.10,2.00,59.85,0.00,19.42,0.00,11.00
8.00,10.27,0.00,10.38,14.00,0.00,7.20,6.70,12.04,3.20,0.00,3.40,19.00,15.18,17.82,17.48,0.00,6.00,27.93,78.48,4.50,4.00,5.20,2.80,18.45,16.31,10.68,13.59,1.40,14.91,28.28,89.22,3.40,25.80,0.00,17.96,133.69,17.96,34.65,0.60,18.00,18.00,18.00,2.40,122.89,12.82,20.39,0.00,8.00,10.80,7.85,10.00,0.00,4.87,6.35,18.90,0.00,0.00,0.83,1.00,0.00,103.86,0.00,12.78,101.28,122.66,145.26,0.10,2.00,54.86,0.00,19.42,0.00,11.00
9.00,7.59,0.00,8.05,14.00,0.00,7.20,6.70,12.04,3.20,0.00,3.40,19.00,13.79,17.14,17.48,0.00,6.00,28.26,75.27,4.50,4.00,5.20,2.80,18.45,16.31,10.68,13.59,1.40,14.24,28.30,89.31,3.40,25.99,0.00,17.96,129.90,17.96,30.93,0.60,18.00,18.00,18.00,2.40,123.50,12.82,20.39,0.00,8.00,10.80,7.85,10.00,0.00,4.17,5.45,18.90,0.00,0.00,0.70,1.00,0.00,102.87,0.00,13.06,95.83,123.69,146.46,0.10,2.00,49.69,0.00,19.42,0.00,11.00
10.00,5.01,0.00,5.90,14.00,0.00,7.20,6.70,12.04,3.20,0.00,3.40,19.00,11.61,15.93,17.48,0.00,6.00,28.44,76.02,4.80,4.00,5.20,2.80,18.45,16.31,10.68,13.59,1.40,13.09,28.43,89.44,3.40,26.49,0.00,17.96,109.19,17.96,25.50,0.60,18.00,18.00,18.00,2.40,123.90,12.82,20.39,0.00,8.00,10.80,7.85,10.00,0.00,3.48,4.29,18.90,0.00,0.00,0.50,1.00,0.00,101.01,0.00,13.24,82.99,125.17,146.91,0.10,2.00,40.71,0.00,19.42,0.00,11.00
11.00,2.66,0.00,4.05,14.00,0.00,7.20,6.70,12.04,3.20,0.00,3.40,19.00,5.30,13.61,17.48,0.00,6.00,28.57,76.64,8.00,4.00,5.20,2.80,18.45,16.31,10.68,13.59,1.40,10.25,28.57,89.58,3.40,26.60,0.00,17.96,64.88,17.96,16.63,0.60,18.00,18.00,18.00,2.40,124.26,12.82,20.39,0.00,8.00,10.80,7.85,10.00,0.00,3.12,3.54,18.90,0.00,0.00,0.43,1.00,0.00,99.02,0.00,13.39,56.96,126.84,148.02,0.10,2.00,21.87,0.00,19.42,0.00,11.00
12.00,1.08,10.91,2.58,14.00,0.00,7.20,6.70,12.04,3.20,0.00,3.40,19.00,1.09,8.99,17.48,0.00,6.00,28.54,76.20,8.00,4.00,5.20,2.80,18.45,16.31,10.68,13.59,1.40,5.16,28.77,89.75,3.40,26.65,0.00,17.96,33.40,17.96,7.92,0.60,18.00,18.00,18.00,2.40,124.52,12.82,20.39,0.00,8.00,10.80,7.85,10.00,0.00,3.74,3.96,18.90,0.00,0.00,0.30,1.00,0.00,97.68,0.00,13.45,24.66,127.40,146.30,0.00,2.00,8.09,0.00,19.42,0.00,11.00
13.00,0.20,10.95,1.23,14.00,0.00,7.20,6.70,12.04,3.20,0.40,3.40,19.00,0.00,3.52,17.48,0.00,6.00,28.40,75.36,8.00,4.00,5.20,2.80,18.45,16.31,10.68,13.59,1.40,0.88,28.89,89.90,3.40,26.77,0.00,17.96,7.73,17.96,1.45,0.60,18.00,18.00,18.00,2.40,124.75,12.82,20.39,0.00,8.00,10.80,7.85,10.00,0.00,4.25,4.42,18.90,0.00,0.00,0.10,1.00,0.00,96.67,0.00,13.47,5.20,127.62,143.66,0.00,2.00,1.11,24.80,19.42,29.48,11.00
14.00,0.00,10.81,0.36,14.00,0.00,7.20,6.70,12.04,3.20,0.40,3.40,19.00,0.01,0.70,17.48,0.00,6.00,27.91,74.00,8.00,4.00,15.53,2.80,18.45,16.31,10.68,13.59,1.40,0.00,28.82,89.97,3.40,26.82,0.00,17.96,0.47,17.96,0.03,0.60,18.00,18.00,18.00,2.40,124.15,12.82,20.39,0.00,8.00,10.80,7.85,10.00,0.00,4.44,4.97,18.90,0.00,0.00,0.05,1.00,0.00,95.50,0.00,13.37,1.42,126.88,138.29,0.00,2.00,0.02,2.69,19.42,3.14,11.00
15.00,0.00,10.88,0.00,14.00,1.45,7.20,6.70,12.04,3.20,0.40,3.40,19.00,0.00,0.00,17.48,0.00,6.00,27.43,72.43,8.00,4.00,15.53,2.80,18.45,16.31,10.68,13.59,1.40,0.00,28.86,90.03,3.40,26.93,0.00,17.96,0.00,17.96,0.00,0.60,18.00,18.00,18.00,2.40,123.27,12.82,20.39,0.00,8.00,10.80,7.85,10.00,0.00,4.67,5.45,18.90,0.00,0.00,0.00,1.00,79.20,94.38,6.93,13.36,0.00,125.85,132.04,0.00,2.00,0.00,0.00,19.42,0.00,11.00
16.00,0.00,10.88,0.00,14.00,1.45,7.20,6.70,12.04,3.20,0.40,3.40,19.00,0.00,0.00,17.48,0.00,6.00,26.99,68.98,8.00,4.00,15.53,2.80,18.45,16.31,10.68,13.59,1.40,0.00,29.24,90.07,3.40,26.99,0.00,17.96,0.00,17.96,0.00,0.60,18.00,18.00,18.00,2.40,121.65,12.82,20.39,0.00,8.00,10.80,7.85,10.00,0.00,4.99,5.74,18.90,0.00,0.00,0.00,1.00,80.50,94.26,6.99,13.59,0.00,125.64,127.84,0.00,2.00,0.00,0.00,19.42,0.00,11.00
17.00,0.00,10.87,0.00,14.00,1.45,7.20,6.70,12.04,3.20,0.40,3.40,19.00,0.00,0.00,17.48,0.00,6.00,26.45,64.92,8.00,4.00,15.53,2.80,18.45,16.31,10.68,13.59,1.40,0.00,29.56,90.06,3.40,27.03,0.00,17.96,0.00,17.96,0.00,0.60,18.00,18.00,18.00,2.40,119.79,12.82,20.39,0.00,8.00,10.80,7.85,10.00,0.00,5.21,5.89,18.90,0.00,0.00,0.00,1.00,81.20,94.44,7.01,13.68,0.00,125.70,124.32,0.00,2.00,0.00,0.00,19.42,0.00,11.00
18.00,0.00,10.89,0.00,14.00,1.45,7.20,6.70,12.04,3.20,0.40,3.40,19.00,0.00,0.00,17.48,0.00,6.00,25.62,62.75,8.00,4.00,15.53,2.80,18.45,16.31,10.68,13.59,1.40,0.00,29.72,89.89,3.40,27.06,0.00,17.96,0.00,17.96,0.00,0.60,18.00,18.00,18.00,2.40,117.86,12.82,20.39,0.00,8.00,10.80,7.85,10.00,0.00,5.13,5.65,18.90,0.00,0.00,0.00,1.00,79.80,94.71,6.93,13.35,0.00,125.59,123.55,0.00,2.00,0.00,0.00,19.42,0.00,11.00
19.00,0.00,10.91,0.00,14.00,1.45,7.20,6.70,12.04,3.20,0.40,3.40,19.00,0.00,0.00,17.48,0.00,6.00,24.59,61.22,8.00,4.00,15.53,2.80,18.45,16.31,10.68,13.59,1.40,0.00,29.86,89.71,3.40,27.01,0.00,17.96,0.00,17.96,0.00,0.60,18.00,18.00,18.00,2.40,115.91,12.82,20.39,0.00,8.00,10.80,7.85,10.00,0.00,5.24,5.94,18.90,0.00,0.00,0.00,1.00,78.00,95.00,6.82,12.91,0.00,125.42,123.70,0.00,2.00,0.00,0.00,19.42,0.00,11.00
20.00,0.00,10.84,0.00,14.00,1.45,7.20,6.70,12.04,3.20,0.40,3.40,19.00,0.00,0.00,17.48,0.00,6.00,22.94,57.28,8.00,4.00,15.53,2.80,18.45,16.31,10.68,13.59,1.40,0.00,29.92,89.50,3.40,26.90,0.00,17.96,0.00,17.96,0.00,0.60,18.00,18.00,18.00,2.40,113.17,12.82,20.39,0.00,8.00,10.80,7.85,10.00,0.00,5.96,7.77,18.90,0.00,0.00,0.00,1.00,74.90,95.66,6.61,12.15,0.00,125.10,121.14,0.00,2.00,0.00,0.00,19.42,0.00,11.00
21.00,0.00,10.89,0.00,14.00,1.45,7.20,6.70,12.04,3.20,0.40,3.40,19.00,0.00,0.00,17.48,0.00,6.00,21.44,52.55,8.00,4.00,15.53,2.80,18.45,16.31,10.68,13.59,1.40,0.00,29.93,89.29,3.40,26.91,0.00,17.96,0.00,17.96,0.00,0.60,18.00,18.00,18.00,2.40,110.18,12.82,20.39,0.00,8.00,10.80,7.85,10.00,0.00,6.45,9.18,18.90,0.00,0.00,0.00,1.00,73.40,96.44,6.33,11.34,0.00,124.73,117.67,0.00,2.00,0.00,0.00,19.42,0.00,11.00
22.00,0.00,10.90,0.00,14.00,1.45,7.20,6.70,12.04,3.20,0.40,3.40,19.00,0.00,0.00,17.48,0.00,6.00,20.37,51.92,8.00,4.00,15.53,2.80,18.45,16.31,10.68,13.59,1.40,0.00,29.79,89.05,3.40,26.97,0.00,17.96,0.00,17.96,0.00,0.60,18.00,18.00,18.00,2.40,108.43,12.82,20.39,0.00,8.00,10.80,7.85,10.00,0.00,6.30,9.32,18.90,0.00,0.00,0.00,1.00,72.60,95.47,5.85,10.39,0.00,124.08,114.78,0.00,2.00,0.00,0.00,19.42,0.00,11.00
23.00,0.00,10.96,0.00,14.00,1.45,7.20,6.70,12.04,3.20,0.40,3.40,19.00,0.00,0.00,17.48,0.00,6.00,19.47,52.66,8.00,4.00,15.53,2.80,18.45,16.31,10.68,13.59,1.40,0.00,29.64,88.69,3.40,27.02,0.00,17.96,0.00,17.96,0.00,0.60,18.00,18.00,18.00,2.40,107.10,12.82,20.39,0.00,8.00,10.80,7.85,10.00,0.00,6.28,9.63,18.90,0.00,0.00,0.00,1.00,71.50,93.91,5.39,9.41,0.00,123.33,112.08,0.00,2.00,0.00,0.00,19.42,0.00,11.00
24.00,0.00,10.92,0.00,14.00,1.45,7.20,6.70,12.04,3.20,0.40,3.40,19.00,0.00,0.00,17.48,0.00,6.00,19.05,52.33,8.00,4.00,15.53,2.80,18.45,16.31,10.68,13.59,1.40,0.00,29.41,87.96,3.40,26.98,0.00,17.96,0.00,17.96,0.00,0.60,18.00,18.00,18.00,2.40,106.55,12.82,20.39,0.00,8.00,10.80,7.85,10.00,0.00,6.71,10.44,18.90,0.00,0.00,0.00,1.00,69.70,93.22,4.99,8.29,0.00,123.25,112.24,0.00,2.00,0.00,0.00,19.42,0.00,11.00
25.00,0.00,10.94,0.00,14.00,1.45,7.20,6.70,12.04,3.20,0.40,3.40,19.00,0.00,0.00,17.48,0.00,6.00,18.73,51.64,8.00,4.00,15.53,2.80,18.45,16.31,10.68,13.59,1.40,0.00,29.26,87.41,3.40,26.96,0.00,17.96,0.00,17.96,0.00,0.60,18.00,18.00,18.00,2.40,106.25,12.82,20.39,0.00,8.00,10.80,7.85,10.00,0.00,7.09,11.10,18.90,0.00,0.00,0.00,1.00,68.40,92.83,4.68,7.40,0.00,123.40,113.36,0.00,2.00,0.00,0.00,19.42,0.00,11.00
26.00,0.00,11.12,0.00,14.00,1.45,7.20,6.70,12.04,3.20,0.40,3.40,19.00,0.00,0.00,17.48,0.00,6.00,18.73,50.97,8.00,4.00,5.20,2.80,18.45,16.31,10.68,13.59,1.40,0.00,29.31,87.39,3.40,27.01,0.00,17.96,0.00,17.96,0.00,0.60,18.00,18.00,18.00,2.40,106.60,12.82,20.39,0.00,8.00,10.80,7.85,10.00,0.00,7.32,11.31,18.90,0.00,0.00,0.00,1.00,68.80,92.75,4.64,7.19,0.00,123.18,113.20,0.00,2.00,0.00,0.00,19.42,0.00,11.00
