"ETAPA \ GENERADOR","KALLPATG1GAS","KALLPATG2GAS","KALLPATG3GAS","KALLPACC1GAS","KALLPACC2GAS","KALLPACC3GAS","KALLPACC12GAS","KALLPACC23GAS","KALLPACC13GAS","KALLPACC123GAS","CHILCA1TG1GAS","CHILCA1TG2GAS","CHILCA1TG3GAS","CHILCA1CC1GAS","CHILCA1CC2GAS","CHILCA1CC3GAS","CHILCA1CC12GAS","CHILCA1CC23GAS","CHILCA1CC13GAS","CHILCA1CC123GAS","AGETG1GAS","AGETG2GAS","MAL2TGN4GAS","MAL3TG5D2","VENT3D2","VENT4D2","VENT3GAS","VENT4GAS","VENTCC3GAS","VENTCC4GAS","VENTCC34GAS","VENTCC3GASFD","VENTCC4GASFD","VENTCC34GASFD","RFILO2TG1D2","RFILO2TG2D2","RFILO2TG3D2","INDEPGAS","OLLEROSTG1GAS","LFLORESTG1GAS","SNTV1R500","SNTV2R500","SNTV3R500","SHCUMMINS","CHILSLZ12R500D2","MOLL123D2","FENIXGT12GAS","FENIXCCGT12GAS","FENIXGT11GAS","FENIXCCGT11GAS","FENIXCCGT11GT12GAS","RECKA TG1  D2","PTOBRVO TG3  D2","PTOBRVO TG1  D2","PTOBRVO TG4  D2","PTOBRVO TG2  D2","FENIXCCGT11GT12D2","CTNEPITG43D2","CTNEPITG42D2","CTNEPITG41D2","RF ETEN TG1  D2","RF ETEN TG2  D2","RF PTO MALDONADO  D2","RF PUCALLPA  D2","CHILCA2 CCOMB TG41  GAS","CHILCA2 TG41  GAS","CHILINA TG  D2","STA ROSA UTI 6  GAS","STA ROSA UTI 5  D2","STA ROSA WEST TG7  D2 CON H2O","STA ROSA UTI 6  D2","STA ROSA UTI 5  GAS","STA ROSA WEST TG7  GAS CON H2O","STA ROSA WEST TG7  GAS","STAROSA TG8 GAS","MALACAS3 TG 5  GAS","OLLEROS CCOMB TG1  GAS","FENIX GT12  D2","FENIX GT11  D2","FENIX CCOMB GT12  D2","FENIX CCOMB GT11  D2","LFLORES CCOMB TG1  GAS","TUMBES MAK 1  D2","TUMBES MAK 2  D2","REFTALARA TV1TV2FXRFG","MAL1TG6D2","MAL1TG6GAS"
1.00,0.00,0.00,0.00,0.00,0.00,0.00,0.00,0.00,0.00,876.33,0.00,0.00,0.00,0.00,0.00,0.00,0.00,0.00,0.00,828.59,0.00,0.00,0.00,0.00,0.00,0.00,0.00,0.00,0.00,0.00,453.72,0.00,0.00,0.00,0.00,0.00,0.00,0.00,0.00,0.00,0.00,0.00,0.00,0.00,0.00,0.00,0.00,0.00,0.00,0.00,558.01,0.00,0.00,0.00,0.00,0.00,0.00,0.00,0.00,0.00,0.00,0.00,0.00,0.00,0.00,0.00,0.00,0.00,0.00,0.00,0.00,0.00,0.00,0.00,0.00,0.00,311.26,0.00,0.00,0.00,0.00,0.00,0.00,0.00,56.00,0.00,45.44
2.00,0.00,0.00,0.00,0.00,0.00,0.00,0.00,0.00,0.00,883.91,0.00,0.00,0.00,0.00,0.00,0.00,0.00,0.00,0.00,829.04,0.00,0.00,0.00,0.00,0.00,0.00,0.00,0.00,0.00,0.00,453.72,0.00,0.00,0.00,0.00,0.00,0.00,0.00,0.00,0.00,0.00,0.00,0.00,0.00,0.00,0.00,0.00,0.00,0.00,0.00,558.01,0.00,0.00,0.00,0.00,0.00,0.00,0.00,0.00,0.00,0.00,0.00,0.00,0.00,0.00,0.00,0.00,0.00,0.00,0.00,0.00,0.00,0.00,0.00,0.00,0.00,311.26,0.00,0.00,0.00,0.00,0.00,0.00,0.00,56.00,0.00,45.44
3.00,0.00,0.00,0.00,0.00,0.00,0.00,0.00,0.00,0.00,883.91,0.00,0.00,0.00,0.00,0.00,0.00,0.00,0.00,0.00,829.49,0.00,0.00,0.00,0.00,0.00,0.00,0.00,0.00,0.00,0.00,453.72,0.00,0.00,0.00,0.00,0.00,0.00,0.00,0.00,0.00,0.00,0.00,0.00,0.00,0.00,0.00,0.00,0.00,0.00,0.00,558.01,0.00,0.00,0.00,0.00,0.00,0.00,0.00,0.00,0.00,0.00,0.00,0.00,0.00,0.00,0.00,0.00,0.00,0.00,0.00,0.00,0.00,0.00,0.00,0.00,0.00,311.26,0.00,0.00,0.00,0.00,0.00,0.00,0.00,56.00,0.00,45.44
4.00,0.00,0.00,0.00,0.00,0.00,0.00,0.00,0.00,0.00,861.20,0.00,0.00,0.00,0.00,0.00,0.00,0.00,0.00,0.00,829.04,0.00,0.00,0.00,0.00,0.00,0.00,0.00,0.00,0.00,0.00,453.72,0.00,0.00,0.00,0.00,0.00,0.00,0.00,0.00,0.00,0.00,0.00,0.00,0.00,0.00,0.00,0.00,0.00,0.00,0.00,558.01,0.00,0.00,0.00,0.00,0.00,0.00,0.00,0.00,0.00,0.00,0.00,0.00,0.00,0.00,0.00,0.00,0.00,0.00,0.00,0.00,0.00,0.00,0.00,0.00,0.00,311.26,0.00,0.00,0.00,0.00,0.00,0.00,0.00,56.00,0.00,45.44
5.00,0.00,0.00,0.00,0.00,0.00,0.00,0.00,0.00,0.00,823.31,0.00,0.00,0.00,0.00,0.00,0.00,0.00,0.00,0.00,829.49,0.00,0.00,0.00,0.00,0.00,0.00,0.00,0.00,0.00,0.00,453.72,0.00,0.00,0.00,0.00,0.00,0.00,0.00,0.00,0.00,0.00,0.00,0.00,0.00,0.00,0.00,0.00,0.00,0.00,0.00,558.01,0.00,0.00,0.00,0.00,0.00,0.00,0.00,0.00,0.00,0.00,0.00,0.00,0.00,0.00,0.00,0.00,0.00,0.00,0.00,0.00,0.00,0.00,0.00,0.00,0.00,311.26,0.00,0.00,0.00,0.00,0.00,0.00,0.00,56.00,0.00,45.44
6.00,0.00,0.00,0.00,0.00,0.00,0.00,0.00,0.00,0.00,758.91,0.00,0.00,0.00,0.00,0.00,0.00,0.00,0.00,0.00,829.04,0.00,0.00,0.00,0.00,0.00,0.00,0.00,0.00,0.00,0.00,453.72,0.00,0.00,0.00,0.00,0.00,0.00,0.00,0.00,0.00,0.00,0.00,0.00,0.00,0.00,0.00,0.00,0.00,0.00,0.00,558.01,0.00,0.00,0.00,0.00,0.00,0.00,0.00,0.00,0.00,0.00,0.00,0.00,0.00,0.00,0.00,0.00,0.00,0.00,0.00,0.00,0.00,0.00,0.00,0.00,0.00,311.26,0.00,0.00,0.00,0.00,0.00,0.00,0.00,56.00,0.00,45.44
7.00,0.00,0.00,0.00,0.00,0.00,0.00,0.00,0.00,0.00,877.91,0.00,0.00,0.00,0.00,0.00,0.00,0.00,0.00,0.00,828.59,0.00,0.00,0.00,0.00,0.00,0.00,0.00,0.00,0.00,0.00,453.72,0.00,0.00,0.00,0.00,0.00,0.00,0.00,0.00,0.00,0.00,0.00,0.00,0.00,0.00,0.00,0.00,0.00,0.00,0.00,558.01,0.00,0.00,0.00,0.00,0.00,0.00,0.00,0.00,0.00,0.00,0.00,0.00,0.00,0.00,0.00,0.00,0.00,0.00,0.00,0.00,0.00,0.00,0.00,0.00,0.00,311.26,0.00,0.00,0.00,0.00,0.00,0.00,0.00,56.00,0.00,45.44
8.00,0.00,0.00,0.00,0.00,0.00,0.00,0.00,0.00,0.00,835.08,0.00,0.00,0.00,0.00,0.00,0.00,0.00,0.00,0.00,827.11,0.00,0.00,0.00,0.00,0.00,0.00,0.00,0.00,0.00,0.00,453.72,0.00,0.00,0.00,0.00,0.00,0.00,0.00,0.00,0.00,0.00,0.00,0.00,0.00,0.00,0.00,0.00,0.00,0.00,0.00,558.01,0.00,0.00,0.00,0.00,0.00,0.00,0.00,0.00,0.00,0.00,0.00,0.00,0.00,0.00,0.00,0.00,0.00,0.00,0.00,0.00,0.00,0.00,0.00,0.00,0.00,311.26,0.00,0.00,0.00,0.00,0.00,0.00,0.00,56.00,0.00,45.44
9.00,0.00,0.00,0.00,0.00,0.00,0.00,0.00,0.00,0.00,850.52,0.00,0.00,0.00,0.00,0.00,0.00,0.00,0.00,0.00,828.59,0.00,0.00,0.00,0.00,0.00,0.00,0.00,0.00,0.00,0.00,453.72,0.00,0.00,0.00,0.00,0.00,0.00,0.00,0.00,0.00,0.00,0.00,0.00,0.00,0.00,0.00,0.00,0.00,0.00,0.00,558.01,0.00,0.00,0.00,0.00,0.00,0.00,0.00,0.00,0.00,0.00,0.00,0.00,0.00,0.00,0.00,0.00,0.00,0.00,0.00,0.00,0.00,0.00,0.00,0.00,0.00,311.26,0.00,0.00,0.00,0.00,0.00,0.00,0.00,56.00,0.00,45.44
10.00,0.00,0.00,0.00,0.00,0.00,0.00,0.00,0.00,0.00,882.36,0.00,0.00,0.00,0.00,0.00,0.00,0.00,0.00,0.00,829.49,0.00,0.00,0.00,0.00,0.00,0.00,0.00,0.00,0.00,0.00,453.72,0.00,0.00,0.00,0.00,0.00,0.00,0.00,0.00,0.00,0.00,0.00,0.00,0.00,0.00,0.00,0.00,0.00,0.00,0.00,558.01,0.00,0.00,0.00,0.00,0.00,0.00,0.00,0.00,0.00,0.00,0.00,0.00,0.00,0.00,0.00,0.00,0.00,0.00,0.00,0.00,0.00,0.00,0.00,0.00,0.00,311.26,0.00,0.00,0.00,0.00,0.00,0.00,0.00,56.00,0.00,45.44
11.00,0.00,0.00,0.00,0.00,0.00,0.00,0.00,0.00,0.00,883.91,0.00,0.00,0.00,0.00,0.00,0.00,0.00,0.00,0.00,829.49,0.00,0.00,0.00,0.00,0.00,0.00,0.00,0.00,0.00,0.00,453.72,0.00,0.00,0.00,0.00,0.00,0.00,0.00,0.00,0.00,0.00,0.00,0.00,0.00,0.00,0.00,0.00,0.00,0.00,0.00,558.01,0.00,0.00,0.00,0.00,0.00,0.00,0.00,0.00,0.00,0.00,0.00,0.00,0.00,0.00,0.00,0.00,0.00,0.00,0.00,0.00,0.00,0.00,0.00,0.00,0.00,311.26,0.00,0.00,0.00,0.00,0.00,0.00,0.00,56.00,0.00,45.44
12.00,0.00,0.00,0.00,0.00,0.00,0.00,0.00,0.00,0.00,875.00,0.00,0.00,0.00,0.00,0.00,0.00,0.00,0.00,0.00,829.49,0.00,0.00,0.00,0.00,0.00,0.00,0.00,0.00,0.00,0.00,453.72,0.00,0.00,0.00,0.00,0.00,0.00,0.00,0.00,0.00,0.00,0.00,0.00,0.00,0.00,0.00,0.00,0.00,0.00,0.00,558.01,0.00,0.00,0.00,0.00,0.00,0.00,0.00,0.00,0.00,0.00,0.00,0.00,0.00,0.00,0.00,0.00,0.00,0.00,0.00,0.00,0.00,0.00,0.00,0.00,0.00,311.26,0.00,0.00,0.00,0.00,0.00,0.00,0.00,56.00,0.00,45.44
13.00,0.00,0.00,0.00,0.00,0.00,0.00,0.00,0.00,0.00,877.91,0.00,0.00,0.00,0.00,0.00,0.00,0.00,0.00,0.00,829.91,0.00,0.00,0.00,0.00,0.00,0.00,0.00,0.00,0.00,0.00,453.72,0.00,0.00,0.00,0.00,0.00,0.00,0.00,0.00,0.00,0.00,0.00,0.00,0.00,0.00,0.00,0.00,0.00,0.00,0.00,558.01,0.00,0.00,0.00,0.00,0.00,0.00,0.00,0.00,0.00,0.00,0.00,0.00,0.00,0.00,0.00,0.00,0.00,0.00,0.00,0.00,0.00,0.00,0.00,0.00,0.00,311.26,0.00,0.00,0.00,0.00,0.00,0.00,0.00,56.00,0.00,45.44
14.00,0.00,0.00,0.00,0.00,0.00,0.00,0.00,0.00,0.00,877.91,0.00,0.00,0.00,0.00,0.00,0.00,0.00,0.00,0.00,828.59,0.00,0.00,0.00,0.00,0.00,0.00,0.00,0.00,0.00,0.00,453.72,0.00,0.00,0.00,0.00,0.00,0.00,0.00,0.00,0.00,0.00,0.00,0.00,0.00,0.00,0.00,0.00,0.00,0.00,0.00,558.01,0.00,0.00,0.00,0.00,0.00,0.00,0.00,0.00,0.00,0.00,0.00,0.00,0.00,0.00,0.00,0.00,0.00,0.00,0.00,0.00,0.00,0.00,0.00,0.00,0.00,311.26,0.00,0.00,0.00,0.00,0.00,0.00,0.00,56.00,0.00,45.44
15.00,0.00,0.00,0.00,0.00,0.00,0.00,0.00,0.00,0.00,877.91,0.00,0.00,0.00,0.00,0.00,0.00,0.00,0.00,0.00,824.30,0.00,0.00,0.00,0.00,0.00,0.00,0.00,0.00,0.00,0.00,453.72,0.00,0.00,0.00,0.00,0.00,0.00,0.00,0.00,0.00,0.00,0.00,0.00,0.00,0.00,0.00,0.00,0.00,0.00,0.00,558.01,0.00,0.00,0.00,0.00,0.00,0.00,0.00,0.00,0.00,0.00,0.00,0.00,0.00,0.00,0.00,0.00,0.00,0.00,0.00,0.00,0.00,0.00,0.00,0.00,0.00,311.26,0.00,0.00,0.00,0.00,0.00,0.00,0.00,56.00,0.00,45.44
16.00,0.00,0.00,0.00,0.00,0.00,0.00,0.00,0.00,0.00,855.96,0.00,0.00,0.00,0.00,0.00,0.00,0.00,0.00,0.00,818.93,0.00,0.00,0.00,0.00,0.00,0.00,0.00,0.00,0.00,0.00,453.72,0.00,0.00,0.00,0.00,0.00,0.00,0.00,0.00,0.00,0.00,0.00,0.00,0.00,0.00,0.00,0.00,0.00,0.00,0.00,558.01,0.00,0.00,0.00,0.00,0.00,0.00,0.00,0.00,0.00,0.00,0.00,0.00,0.00,0.00,0.00,0.00,0.00,0.00,0.00,0.00,0.00,0.00,0.00,0.00,0.00,311.26,0.00,0.00,0.00,0.00,0.00,0.00,0.00,56.00,0.00,45.44
17.00,0.00,0.00,0.00,0.00,0.00,0.00,0.00,0.00,0.00,883.91,0.00,0.00,0.00,0.00,0.00,0.00,0.00,0.00,0.00,815.84,0.00,0.00,0.00,0.00,0.00,0.00,0.00,0.00,0.00,0.00,453.72,0.00,0.00,0.00,0.00,0.00,0.00,0.00,0.00,0.00,0.00,0.00,0.00,0.00,0.00,0.00,0.00,0.00,0.00,0.00,558.01,0.00,0.00,0.00,0.00,0.00,0.00,0.00,0.00,0.00,0.00,0.00,0.00,0.00,0.00,0.00,0.00,0.00,0.00,0.00,0.00,0.00,0.00,0.00,0.00,0.00,311.26,0.00,0.00,0.00,0.00,0.00,0.00,0.00,56.00,0.00,45.44
18.00,0.00,0.00,0.00,0.00,0.00,0.00,0.00,0.00,0.00,883.91,0.00,0.00,0.00,0.00,0.00,0.00,0.00,0.00,0.00,818.18,0.00,0.00,0.00,0.00,0.00,0.00,0.00,0.00,0.00,0.00,453.72,0.00,0.00,0.00,0.00,0.00,0.00,0.00,0.00,0.00,0.00,0.00,0.00,0.00,0.00,0.00,0.00,0.00,0.00,0.00,558.01,0.00,0.00,0.00,0.00,0.00,0.00,0.00,0.00,0.00,0.00,0.00,0.00,0.00,0.00,0.00,0.00,0.00,0.00,0.00,0.00,0.00,0.00,0.00,0.00,0.00,311.26,0.00,0.00,0.00,0.00,0.00,0.00,0.00,56.00,0.00,45.44
19.00,0.00,0.00,0.00,0.00,0.00,0.00,0.00,0.00,0.00,883.91,0.00,0.00,0.00,0.00,0.00,0.00,0.00,0.00,0.00,816.64,0.00,0.00,0.00,0.00,0.00,0.00,0.00,0.00,0.00,0.00,453.72,0.00,0.00,0.00,0.00,0.00,0.00,0.00,0.00,0.00,0.00,0.00,0.00,0.00,0.00,0.00,0.00,0.00,0.00,0.00,558.01,0.00,0.00,0.00,0.00,0.00,0.00,0.00,0.00,0.00,0.00,0.00,0.00,0.00,0.00,0.00,0.00,0.00,0.00,0.00,0.00,0.00,0.00,0.00,0.00,0.00,311.26,0.00,0.00,0.00,0.00,0.00,0.00,0.00,56.00,0.00,45.44
20.00,0.00,0.00,0.00,0.00,0.00,0.00,0.00,0.00,0.00,883.91,0.00,0.00,0.00,0.00,0.00,0.00,0.00,0.00,0.00,810.69,0.00,0.00,0.00,0.00,0.00,0.00,0.00,0.00,0.00,0.00,453.72,0.00,0.00,0.00,0.00,0.00,0.00,0.00,0.00,0.00,0.00,0.00,0.00,0.00,0.00,0.00,0.00,0.00,0.00,0.00,558.01,0.00,0.00,0.00,0.00,0.00,0.00,0.00,0.00,0.00,0.00,0.00,0.00,0.00,0.00,0.00,0.00,0.00,0.00,0.00,0.00,0.00,0.00,0.00,0.00,0.00,311.26,0.00,0.00,0.00,0.00,0.00,0.00,0.00,56.00,0.00,45.44
21.00,0.00,0.00,0.00,0.00,0.00,0.00,0.00,0.00,0.00,883.91,0.00,0.00,0.00,0.00,0.00,0.00,0.00,0.00,0.00,801.82,0.00,0.00,0.00,5.00,0.00,0.00,0.00,0.00,0.00,0.00,453.72,0.00,0.00,0.00,0.00,0.00,0.00,0.00,0.00,0.00,0.00,0.00,0.00,0.00,0.00,0.00,0.00,0.00,0.00,0.00,558.01,0.00,0.00,0.00,0.00,0.00,0.00,0.00,0.00,0.00,0.00,0.00,0.00,0.00,0.00,0.00,0.00,0.00,0.00,0.00,0.00,0.00,0.00,0.00,0.00,0.00,311.26,0.00,0.00,0.00,0.00,0.00,0.00,0.00,56.00,0.00,45.44
22.00,0.00,0.00,0.00,0.00,0.00,0.00,0.00,0.00,0.00,883.91,0.00,0.00,0.00,0.00,0.00,0.00,0.00,0.00,0.00,799.66,0.00,0.00,0.00,5.00,0.00,0.00,0.00,0.00,0.00,0.00,453.72,0.00,0.00,0.00,0.00,0.00,0.00,0.00,0.00,0.00,0.00,0.00,0.00,0.00,0.00,0.00,0.00,0.00,0.00,0.00,558.01,0.00,0.00,0.00,0.00,0.00,0.00,0.00,0.00,0.00,0.00,0.00,0.00,0.00,0.00,0.00,0.00,0.00,0.00,0.00,0.00,0.00,0.00,0.00,0.00,0.00,311.26,0.00,0.00,0.00,0.00,0.00,0.00,0.00,56.00,0.00,45.44
23.00,0.00,0.00,0.00,0.00,0.00,0.00,0.00,0.00,0.00,883.91,0.00,0.00,0.00,0.00,0.00,0.00,0.00,0.00,0.00,804.93,0.00,0.00,0.00,5.00,0.00,0.00,0.00,0.00,0.00,0.00,453.72,0.00,0.00,0.00,0.00,0.00,0.00,0.00,0.00,0.00,0.00,0.00,0.00,0.00,0.00,0.00,0.00,0.00,0.00,0.00,558.01,0.00,0.00,0.00,0.00,0.00,0.00,0.00,0.00,0.00,0.00,0.00,0.00,0.00,0.00,0.00,0.00,0.00,0.00,0.00,0.00,0.00,0.00,0.00,0.00,0.00,311.26,0.00,0.00,0.00,0.00,0.00,0.00,0.00,56.00,0.00,45.44
24.00,0.00,0.00,0.00,0.00,0.00,0.00,0.00,0.00,0.00,883.91,0.00,0.00,0.00,0.00,0.00,0.00,0.00,0.00,0.00,805.93,0.00,0.00,0.00,0.00,0.00,0.00,0.00,0.00,0.00,0.00,453.72,0.00,0.00,0.00,0.00,0.00,0.00,0.00,0.00,0.00,0.00,0.00,0.00,0.00,0.00,0.00,0.00,0.00,0.00,0.00,558.01,0.00,0.00,0.00,0.00,0.00,0.00,0.00,0.00,0.00,0.00,0.00,0.00,0.00,0.00,0.00,0.00,0.00,0.00,0.00,0.00,0.00,0.00,0.00,0.00,0.00,311.26,0.00,0.00,0.00,0.00,0.00,0.00,0.00,56.00,0.00,45.44
25.00,0.00,0.00,0.00,0.00,0.00,0.00,0.00,0.00,0.00,877.91,0.00,0.00,0.00,0.00,0.00,0.00,0.00,0.00,0.00,809.77,0.00,0.00,0.00,0.00,0.00,0.00,0.00,0.00,0.00,0.00,453.72,0.00,0.00,0.00,0.00,0.00,0.00,0.00,0.00,0.00,0.00,0.00,0.00,0.00,0.00,0.00,0.00,0.00,0.00,0.00,558.01,0.00,0.00,0.00,0.00,0.00,0.00,0.00,0.00,0.00,0.00,0.00,0.00,0.00,0.00,0.00,0.00,0.00,0.00,0.00,0.00,0.00,0.00,0.00,0.00,0.00,311.26,0.00,0.00,0.00,0.00,0.00,0.00,0.00,56.00,0.00,45.44
26.00,0.00,0.00,0.00,0.00,0.00,0.00,0.00,0.00,0.00,883.91,0.00,0.00,0.00,0.00,0.00,0.00,0.00,0.00,0.00,809.77,0.00,0.00,0.00,0.00,0.00,0.00,0.00,0.00,0.00,0.00,453.72,0.00,0.00,0.00,0.00,0.00,0.00,0.00,0.00,0.00,0.00,0.00,0.00,0.00,0.00,0.00,0.00,0.00,0.00,0.00,558.01,0.00,0.00,0.00,0.00,0.00,0.00,0.00,0.00,0.00,0.00,0.00,0.00,0.00,0.00,0.00,0.00,0.00,0.00,0.00,0.00,0.00,0.00,0.00,0.00,0.00,311.26,0.00,0.00,0.00,0.00,0.00,0.00,0.00,56.00,0.00,45.44
27.00,0.00,0.00,0.00,0.00,0.00,0.00,0.00,0.00,0.00,883.91,0.00,0.00,0.00,0.00,0.00,0.00,0.00,0.00,0.00,807.88,0.00,0.00,0.00,0.00,0.00,0.00,0.00,0.00,0.00,0.00,453.72,0.00,0.00,0.00,0.00,0.00,0.00,0.00,0.00,0.00,0.00,0.00,0.00,0.00,0.00,0.00,0.00,0.00,0.00,0.00,558.01,0.00,0.00,0.00,0.00,0.00,0.00,0.00,0.00,0.00,0.00,0.00,0.00,0.00,0.00,0.00,0.00,0.00,0.00,0.00,0.00,0.00,0.00,0.00,0.00,0.00,311.26,0.00,0.00,0.00,0.00,0.00,0.00,0.00,56.00,0.00,45.44
28.00,0.00,0.00,0.00,0.00,0.00,0.00,0.00,0.00,0.00,877.91,0.00,0.00,0.00,0.00,0.00,0.00,0.00,0.00,0.00,801.82,0.00,0.00,0.00,0.00,0.00,0.00,0.00,0.00,0.00,0.00,453.72,0.00,0.00,0.00,0.00,0.00,0.00,0.00,0.00,0.00,0.00,0.00,0.00,0.00,0.00,0.00,0.00,0.00,0.00,0.00,558.01,0.00,0.00,0.00,0.00,0.00,0.00,0.00,0.00,0.00,0.00,0.00,0.00,0.00,0.00,0.00,0.00,0.00,0.00,0.00,0.00,0.00,0.00,0.00,0.00,0.00,311.26,0.00,0.00,0.00,0.00,0.00,0.00,0.00,56.00,0.00,45.44
29.00,0.00,0.00,0.00,0.00,0.00,0.00,0.00,0.00,0.00,874.86,0.00,0.00,0.00,0.00,0.00,0.00,0.00,0.00,0.00,808.84,0.00,0.00,0.00,0.00,0.00,0.00,0.00,0.00,0.00,0.00,453.72,0.00,0.00,0.00,0.00,0.00,0.00,0.00,0.00,0.00,0.00,0.00,0.00,0.00,0.00,0.00,0.00,0.00,0.00,0.00,558.01,0.00,0.00,0.00,0.00,0.00,0.00,0.00,0.00,0.00,0.00,0.00,0.00,0.00,0.00,0.00,0.00,0.00,0.00,0.00,0.00,0.00,0.00,0.00,0.00,0.00,311.26,0.00,0.00,0.00,0.00,0.00,0.00,0.00,56.00,0.00,45.44
30.00,0.00,0.00,0.00,0.00,0.00,0.00,0.00,0.00,0.00,746.91,0.00,0.00,0.00,0.00,0.00,0.00,0.00,0.00,0.00,814.19,0.00,0.00,0.00,0.00,0.00,0.00,0.00,0.00,0.00,0.00,453.72,0.00,0.00,0.00,0.00,0.00,0.00,0.00,0.00,0.00,0.00,0.00,0.00,0.00,0.00,0.00,0.00,0.00,0.00,0.00,558.01,0.00,0.00,0.00,0.00,0.00,0.00,0.00,0.00,0.00,0.00,0.00,0.00,0.00,0.00,0.00,0.00,0.00,0.00,0.00,0.00,0.00,0.00,0.00,0.00,0.00,311.26,0.00,0.00,0.00,0.00,0.00,0.00,0.00,56.00,0.00,45.44
31.00,0.00,0.00,0.00,0.00,0.00,0.00,0.00,0.00,0.00,883.91,0.00,0.00,0.00,0.00,0.00,0.00,0.00,0.00,0.00,816.64,0.00,0.00,0.00,0.00,0.00,0.00,0.00,0.00,0.00,0.00,453.72,0.00,0.00,0.00,0.00,0.00,0.00,0.00,0.00,0.00,0.00,0.00,0.00,0.00,0.00,0.00,0.00,0.00,0.00,0.00,558.01,0.00,0.00,0.00,0.00,0.00,0.00,0.00,0.00,0.00,0.00,0.00,0.00,0.00,0.00,0.00,0.00,0.00,0.00,0.00,0.00,0.00,0.00,0.00,0.00,0.00,311.26,0.00,0.00,0.00,0.00,0.00,0.00,0.00,56.00,0.00,45.44
32.00,0.00,0.00,0.00,0.00,0.00,0.00,0.00,0.00,0.00,877.91,0.00,0.00,0.00,0.00,0.00,0.00,0.00,0.00,0.00,818.93,0.00,0.00,0.00,0.00,0.00,0.00,0.00,0.00,0.00,0.00,453.72,0.00,0.00,0.00,0.00,0.00,0.00,0.00,0.00,0.00,0.00,0.00,0.00,0.00,0.00,0.00,0.00,0.00,0.00,0.00,558.01,0.00,0.00,0.00,0.00,0.00,0.00,0.00,0.00,0.00,0.00,0.00,0.00,0.00,0.00,0.00,0.00,0.00,0.00,0.00,0.00,0.00,0.00,0.00,0.00,0.00,311.26,0.00,0.00,0.00,0.00,0.00,0.00,0.00,56.00,0.00,45.44
33.00,0.00,0.00,0.00,0.00,0.00,0.00,0.00,0.00,0.00,883.91,0.00,0.00,0.00,0.00,0.00,0.00,0.00,0.00,0.00,821.07,0.00,0.00,0.00,0.00,0.00,0.00,0.00,0.00,0.00,0.00,453.72,0.00,0.00,0.00,0.00,0.00,0.00,0.00,0.00,0.00,0.00,0.00,0.00,0.00,0.00,0.00,0.00,0.00,0.00,0.00,558.01,0.00,0.00,0.00,0.00,0.00,0.00,0.00,0.00,0.00,0.00,0.00,0.00,0.00,0.00,0.00,0.00,0.00,0.00,0.00,0.00,0.00,0.00,0.00,0.00,0.00,311.26,0.00,0.00,0.00,0.00,0.00,0.00,0.00,56.00,0.00,45.44
34.00,0.00,0.00,0.00,0.00,0.00,0.00,0.00,0.00,0.00,883.91,0.00,0.00,0.00,0.00,0.00,0.00,0.00,0.00,0.00,822.42,0.00,0.00,0.00,0.00,0.00,0.00,0.00,0.00,0.00,0.00,453.72,0.00,0.00,0.00,0.00,0.00,0.00,0.00,0.00,0.00,0.00,0.00,0.00,0.00,0.00,0.00,0.00,0.00,0.00,0.00,558.01,0.00,0.00,0.00,0.00,0.00,0.00,0.00,0.00,0.00,0.00,0.00,0.00,0.00,0.00,0.00,0.00,0.00,0.00,0.00,0.00,0.00,0.00,0.00,0.00,0.00,311.26,0.00,0.00,0.00,0.00,0.00,0.00,0.00,56.00,0.00,45.44
35.00,0.00,0.00,0.00,0.00,0.00,0.00,0.00,0.00,0.00,883.91,0.00,0.00,0.00,0.00,0.00,0.00,0.00,0.00,0.00,822.42,0.00,0.00,0.00,0.00,0.00,0.00,0.00,0.00,0.00,0.00,453.72,0.00,0.00,0.00,0.00,0.00,0.00,0.00,0.00,0.00,0.00,0.00,0.00,0.00,0.00,0.00,0.00,0.00,0.00,0.00,558.01,0.00,0.00,0.00,0.00,0.00,0.00,0.00,0.00,0.00,0.00,0.00,0.00,0.00,0.00,0.00,0.00,0.00,0.00,0.00,0.00,0.00,0.00,0.00,0.00,0.00,311.26,0.00,0.00,0.00,0.00,0.00,0.00,0.00,56.00,0.00,45.44
36.00,0.00,0.00,0.00,0.00,0.00,0.00,0.00,0.00,0.00,883.91,0.00,0.00,0.00,0.00,0.00,0.00,0.00,0.00,0.00,820.38,0.00,0.00,0.00,0.00,0.00,0.00,0.00,0.00,0.00,0.00,453.72,0.00,0.00,0.00,0.00,0.00,0.00,0.00,0.00,0.00,0.00,0.00,0.00,0.00,0.00,0.00,0.00,0.00,0.00,0.00,558.01,0.00,0.00,0.00,0.00,0.00,0.00,0.00,0.00,0.00,0.00,0.00,0.00,0.00,0.00,0.00,0.00,0.00,0.00,0.00,0.00,0.00,0.00,0.00,0.00,0.00,311.26,0.00,0.00,0.00,0.00,0.00,0.00,0.00,56.00,0.00,45.44
37.00,0.00,0.00,0.00,0.00,0.00,0.00,0.00,0.00,0.00,883.91,0.00,0.00,0.00,0.00,0.00,0.00,0.00,0.00,0.00,826.58,0.00,0.00,0.00,0.00,0.00,0.00,0.00,0.00,0.00,0.00,453.72,0.00,0.00,0.00,0.00,0.00,0.00,0.00,0.00,0.00,0.00,0.00,0.00,0.00,0.00,0.00,0.00,0.00,0.00,0.00,558.01,0.00,0.00,0.00,0.00,0.00,0.00,0.00,0.00,0.00,0.00,0.00,0.00,0.00,0.00,0.00,0.00,0.00,0.00,0.00,0.00,0.00,0.00,0.00,0.00,0.00,311.26,0.00,0.00,0.00,0.00,0.00,0.00,0.00,56.00,0.00,45.44
38.00,0.00,0.00,0.00,0.00,0.00,0.00,0.00,0.00,0.00,883.91,0.00,0.00,0.00,0.00,0.00,0.00,0.00,0.00,0.00,828.11,0.00,0.00,0.00,0.00,0.00,0.00,0.00,0.00,0.00,0.00,453.72,0.00,0.00,0.00,0.00,0.00,0.00,0.00,0.00,0.00,0.00,0.00,0.00,0.00,0.00,0.00,0.00,0.00,0.00,0.00,558.01,0.00,0.00,0.00,0.00,0.00,0.00,0.00,0.00,0.00,0.00,0.00,0.00,0.00,0.00,0.00,0.00,0.00,0.00,0.00,0.00,0.00,0.00,0.00,0.00,0.00,311.26,0.00,0.00,0.00,0.00,0.00,0.00,0.00,56.00,0.00,45.44
39.00,0.00,0.00,0.00,0.00,0.00,0.00,0.00,0.00,0.00,883.91,0.00,0.00,0.00,0.00,0.00,0.00,0.00,0.00,0.00,829.04,0.00,0.00,0.00,0.00,0.00,0.00,0.00,0.00,0.00,0.00,453.72,0.00,0.00,0.00,0.00,0.00,0.00,0.00,0.00,0.00,0.00,0.00,0.00,0.00,0.00,0.00,0.00,0.00,0.00,0.00,558.01,0.00,0.00,0.00,0.00,0.00,0.00,0.00,0.00,0.00,0.00,0.00,0.00,0.00,0.00,0.00,0.00,0.00,0.00,0.00,0.00,0.00,0.00,0.00,0.00,0.00,311.26,0.00,0.00,0.00,0.00,0.00,0.00,0.00,56.00,0.00,45.44
40.00,0.00,0.00,0.00,0.00,0.00,0.00,0.00,0.00,0.00,883.91,0.00,0.00,0.00,0.00,0.00,0.00,0.00,0.00,0.00,827.62,0.00,0.00,0.00,0.00,0.00,0.00,0.00,0.00,0.00,0.00,453.72,0.00,0.00,0.00,0.00,0.00,0.00,0.00,0.00,0.00,0.00,0.00,0.00,0.00,0.00,0.00,0.00,0.00,0.00,0.00,558.01,0.00,0.00,0.00,0.00,0.00,0.00,0.00,0.00,0.00,0.00,0.00,0.00,0.00,0.00,0.00,0.00,0.00,0.00,0.00,0.00,0.00,0.00,0.00,0.00,0.00,311.26,0.00,0.00,0.00,0.00,0.00,0.00,0.00,56.00,0.00,45.44
41.00,0.00,0.00,0.00,0.00,0.00,0.00,0.00,0.00,0.00,883.91,0.00,0.00,0.00,0.00,0.00,0.00,0.00,0.00,0.00,827.62,0.00,0.00,0.00,0.00,0.00,0.00,0.00,0.00,0.00,0.00,453.72,0.00,0.00,0.00,0.00,0.00,0.00,0.00,0.00,0.00,0.00,0.00,0.00,0.00,0.00,0.00,0.00,0.00,0.00,0.00,558.01,0.00,0.00,0.00,0.00,0.00,0.00,0.00,0.00,0.00,0.00,0.00,0.00,0.00,0.00,0.00,0.00,0.00,0.00,0.00,0.00,0.00,0.00,0.00,0.00,0.00,311.26,0.00,0.00,0.00,0.00,0.00,0.00,0.00,56.00,0.00,45.44
42.00,0.00,0.00,0.00,0.00,0.00,0.00,0.00,0.00,0.00,883.91,0.00,0.00,0.00,0.00,0.00,0.00,0.00,0.00,0.00,827.62,0.00,0.00,0.00,0.00,0.00,0.00,0.00,0.00,0.00,0.00,453.72,0.00,0.00,0.00,0.00,0.00,0.00,0.00,0.00,0.00,0.00,0.00,0.00,0.00,0.00,0.00,0.00,0.00,0.00,0.00,558.01,0.00,0.00,0.00,0.00,0.00,0.00,0.00,0.00,0.00,0.00,0.00,0.00,0.00,0.00,0.00,0.00,0.00,0.00,0.00,0.00,0.00,0.00,0.00,0.00,0.00,311.26,0.00,0.00,0.00,0.00,0.00,0.00,0.00,56.00,0.00,45.44
43.00,0.00,0.00,0.00,0.00,0.00,0.00,0.00,0.00,0.00,883.91,0.00,0.00,0.00,0.00,0.00,0.00,0.00,0.00,0.00,828.59,0.00,0.00,0.00,0.00,0.00,0.00,0.00,0.00,0.00,0.00,453.72,0.00,0.00,0.00,0.00,0.00,0.00,0.00,0.00,0.00,0.00,0.00,0.00,0.00,0.00,0.00,0.00,0.00,0.00,0.00,558.01,0.00,0.00,0.00,0.00,0.00,0.00,0.00,0.00,0.00,0.00,0.00,0.00,0.00,0.00,0.00,0.00,0.00,0.00,0.00,0.00,0.00,0.00,0.00,0.00,0.00,311.26,0.00,0.00,0.00,0.00,0.00,0.00,0.00,56.00,0.00,45.44
44.00,0.00,0.00,0.00,0.00,0.00,0.00,0.00,0.00,0.00,883.91,0.00,0.00,0.00,0.00,0.00,0.00,0.00,0.00,0.00,827.62,0.00,0.00,0.00,0.00,0.00,0.00,0.00,0.00,0.00,0.00,453.72,0.00,0.00,0.00,0.00,0.00,0.00,0.00,0.00,0.00,0.00,0.00,0.00,0.00,0.00,0.00,0.00,0.00,0.00,0.00,558.01,0.00,0.00,0.00,0.00,0.00,0.00,0.00,0.00,0.00,0.00,0.00,0.00,0.00,0.00,0.00,0.00,0.00,0.00,0.00,0.00,0.00,0.00,0.00,0.00,0.00,311.26,0.00,0.00,0.00,0.00,0.00,0.00,0.00,56.00,0.00,45.44
45.00,0.00,0.00,0.00,0.00,0.00,0.00,0.00,0.00,0.00,883.91,0.00,0.00,0.00,0.00,0.00,0.00,0.00,0.00,0.00,828.59,0.00,0.00,0.00,0.00,0.00,0.00,0.00,0.00,0.00,0.00,453.72,0.00,0.00,0.00,0.00,0.00,0.00,0.00,0.00,0.00,0.00,0.00,0.00,0.00,0.00,0.00,0.00,0.00,0.00,0.00,558.01,0.00,0.00,0.00,0.00,0.00,0.00,0.00,0.00,0.00,0.00,0.00,0.00,0.00,0.00,0.00,0.00,0.00,0.00,0.00,0.00,0.00,0.00,0.00,0.00,0.00,311.26,0.00,0.00,0.00,0.00,0.00,0.00,0.00,56.00,0.00,45.44
46.00,0.00,0.00,0.00,0.00,0.00,0.00,0.00,0.00,0.00,883.91,0.00,0.00,0.00,0.00,0.00,0.00,0.00,0.00,0.00,829.49,0.00,0.00,0.00,0.00,0.00,0.00,0.00,0.00,0.00,0.00,453.72,0.00,0.00,0.00,0.00,0.00,0.00,0.00,0.00,0.00,0.00,0.00,0.00,0.00,0.00,0.00,0.00,0.00,0.00,0.00,558.01,0.00,0.00,0.00,0.00,0.00,0.00,0.00,0.00,0.00,0.00,0.00,0.00,0.00,0.00,0.00,0.00,0.00,0.00,0.00,0.00,0.00,0.00,0.00,0.00,0.00,311.26,0.00,0.00,0.00,0.00,0.00,0.00,0.00,56.00,0.00,45.44
47.00,0.00,0.00,0.00,0.00,0.00,0.00,0.00,0.00,0.00,883.91,0.00,0.00,0.00,0.00,0.00,0.00,0.00,0.00,0.00,829.49,0.00,0.00,0.00,0.00,0.00,0.00,0.00,0.00,0.00,0.00,453.72,0.00,0.00,0.00,0.00,0.00,0.00,0.00,0.00,0.00,0.00,0.00,0.00,0.00,0.00,0.00,0.00,0.00,0.00,0.00,558.01,0.00,0.00,0.00,0.00,0.00,0.00,0.00,0.00,0.00,0.00,0.00,0.00,0.00,0.00,0.00,0.00,0.00,0.00,0.00,0.00,0.00,0.00,0.00,0.00,0.00,311.26,0.00,0.00,0.00,0.00,0.00,0.00,0.00,56.00,0.00,45.44
48.00,0.00,0.00,0.00,0.00,0.00,0.00,0.00,0.00,0.00,803.71,0.00,0.00,0.00,0.00,0.00,0.00,0.00,0.00,0.00,829.91,0.00,0.00,0.00,0.00,0.00,0.00,0.00,0.00,0.00,0.00,453.72,0.00,0.00,0.00,0.00,0.00,0.00,0.00,0.00,0.00,0.00,0.00,0.00,0.00,0.00,0.00,0.00,0.00,0.00,0.00,558.01,0.00,0.00,0.00,0.00,0.00,0.00,0.00,0.00,0.00,0.00,0.00,0.00,0.00,0.00,0.00,0.00,0.00,0.00,0.00,0.00,0.00,0.00,0.00,0.00,0.00,311.26,0.00,0.00,0.00,0.00,0.00,0.00,0.00,56.00,0.00,45.44
